date	price	market_cap	total_volume	price_change_pct	market_cap_b	volume_b	year	month	month_name	quarter	day_of_week	ma_7	ma_30	ma_90	volatility_30d
8/7/2015	0.000710026	85203.09834	10067.00134		8.52E-05	1.01E-05	2015	8	Aug	3	Friday				
8/8/2015	0.000706816	84817.95269	2788.267364	-0.452032449	8.48E-05	2.79E-06	2015	8	Aug	3	Saturday				
8/9/2015	0.000726093	87131.1773	8728.743605	2.727281829	8.71E-05	8.73E-06	2015	8	Aug	3	Sunday				
8/10/2015	0.000772475	92696.98636	13253.52854	6.387850169	9.27E-05	1.33E-05	2015	8	Aug	3	Monday				
8/11/2015	0.000766039	91924.70586	4681.643645	-0.833123627	9.19E-05	4.68E-06	2015	8	Aug	3	Tuesday				
8/12/2015	0.000759658	91158.91928	7894.174521	-0.833058503	9.12E-05	7.89E-06	2015	8	Aug	3	Wednesday				
8/13/2015	0.000810002	97200.20901	3982.354676	6.627206392	9.72E-05	3.98E-06	2015	8	Aug	3	Thursday	0.000750158			
8/14/2015	0.000836088	100330.5516	10542.91792	3.220510159	0.000100331	1.05E-05	2015	8	Aug	3	Friday	0.000768167			
8/15/2015	0.000821355	98562.54049	9468.292342	-1.762186194	9.86E-05	9.47E-06	2015	8	Aug	3	Saturday	0.00078453			
8/16/2015	0.000840214	100825.7397	7953.523828	2.296206252	0.000100826	7.95E-06	2015	8	Aug	3	Sunday	0.000800833			
8/17/2015	0.000825608	99073.00172	9170.716437	-1.738383459	9.91E-05	9.17E-06	2015	8	Aug	3	Monday	0.000808423			
8/18/2015	0.000811181	97341.73023	13393.14733	-1.747470512	9.73E-05	1.34E-05	2015	8	Aug	3	Tuesday	0.000814872			
8/19/2015	0.00081989	98386.76276	5269.134197	1.073570943	9.84E-05	5.27E-06	2015	8	Aug	3	Wednesday	0.000823477			
8/20/2015	0.000760243	91229.20358	2983.901199	-7.274920922	9.12E-05	2.98E-06	2015	8	Aug	3	Thursday	0.000816368			
8/21/2015	0.000710268	85232.11907	11369.94646	-6.573645578	8.52E-05	1.14E-05	2015	8	Aug	3	Friday	0.000798394			
8/22/2015	0.000695166	83419.89633	8279.762552	-2.126220444	8.34E-05	8.28E-06	2015	8	Aug	3	Saturday	0.000780367			
8/23/2015	0.000668233	80187.97782	10976.05139	-3.874277777	8.02E-05	1.10E-05	2015	8	Aug	3	Sunday	0.000755798			
8/24/2015	0.000677363	81283.53662	8261.12437	1.366238219	8.13E-05	8.26E-06	2015	8	Aug	3	Monday	0.000734621			
8/25/2015	0.000653855	78462.63557	9981.96399	-3.470445764	7.85E-05	9.98E-06	2015	8	Aug	3	Tuesday	0.000712145			
8/26/2015	0.00061856	74227.17948	6054.028408	-5.398054826	7.42E-05	6.05E-06	2015	8	Aug	3	Wednesday	0.000683384			
8/27/2015	0.000656564	78787.65595	9453.194431	6.143944166	7.88E-05	9.45E-06	2015	8	Aug	3	Thursday	0.000668573			
8/28/2015	0.000651312	78157.44221	10908.04155	-0.799888928	7.82E-05	1.09E-05	2015	8	Aug	3	Friday	0.00066015			
8/29/2015	0.000653727	78447.2489	7739.194171	0.370798582	7.84E-05	7.74E-06	2015	8	Aug	3	Saturday	0.000654231			
8/30/2015	0.000618131	74175.69107	3834.45435	-5.445134007	7.42E-05	3.83E-06	2015	8	Aug	3	Sunday	0.000647073			
8/31/2015	0.000605421	72650.5655	4522.912814	-2.0560989	7.27E-05	4.52E-06	2015	8	Aug	3	Monday	0.000636796			
9/1/2015	0.000608722	73046.63534	3932.637217	0.545171037	7.30E-05	3.93E-06	2015	9	Sep	3	Tuesday	0.000630348			
9/2/2015	0.000581914	69829.62414	4163.440739	-4.404051171	6.98E-05	4.16E-06	2015	9	Sep	3	Wednesday	0.000625113			
9/3/2015	0.000591316	70957.86535	4737.846304	1.615705686	7.10E-05	4.74E-06	2015	9	Sep	3	Thursday	0.000615792			
9/4/2015	0.000577856	69342.68818	6699.616934	-2.276248262	6.93E-05	6.70E-06	2015	9	Sep	3	Friday	0.000605298			
9/5/2015	0.000571724	68606.88935	6899.03988	-1.061105134	6.86E-05	6.90E-06	2015	9	Sep	3	Saturday	0.000593583	0.000703527		
9/6/2015	0.000558686	67042.36232	5442.49694	-2.280422627	6.70E-05	5.44E-06	2015	9	Sep	3	Sunday	0.000585091	0.000698483		3.564591523
9/7/2015	0.000602254	72270.4853	7505.32557	7.798238012	7.23E-05	7.51E-06	2015	9	Sep	3	Monday	0.000584639	0.000694997		3.890485775
9/8/2015	0.000602531	72303.7454	2876.89308	0.046021688	7.23E-05	2.88E-06	2015	9	Sep	3	Tuesday	0.000583754	0.000690878		3.845289892
9/9/2015	0.000578149	69377.83904	2812.202153	-4.046687137	6.94E-05	2.81E-06	2015	9	Sep	3	Wednesday	0.000583217	0.000684401		3.663852599
9/10/2015	0.000598085	71770.19588	3632.97396	3.448301187	7.18E-05	3.63E-06	2015	9	Sep	3	Thursday	0.000584184	0.000678802		3.748810036
9/11/2015	0.00057015	68417.97242	6306.036609	-4.670773744	6.84E-05	6.31E-06	2015	9	Sep	3	Friday	0.000583083	0.000672486		3.816473273
9/12/2015	0.000575508	69060.99424	3845.27206	0.93984343	6.91E-05	3.85E-06	2015	9	Sep	3	Saturday	0.000583623	0.000664669		3.563481176
9/13/2015	0.000532651	63918.14521	4090.385993	-7.446821592	6.39E-05	4.09E-06	2015	9	Sep	3	Sunday	0.000579904	0.000654555		3.651576733
9/14/2015	0.000505597	60671.60776	4734.663038	-5.079210978	6.07E-05	4.73E-06	2015	9	Sep	3	Monday	0.000566096	0.000644029		3.711799324
9/15/2015	0.000510104	61212.43108	7799.928832	0.891394411	6.12E-05	7.80E-06	2015	9	Sep	3	Tuesday	0.000552892	0.000633026		3.670396655
9/16/2015	0.000525922	63110.61335	1998.300148	3.100975141	6.31E-05	2.00E-06	2015	9	Sep	3	Wednesday	0.000545431	0.000623036		3.768428187
9/17/2015	0.000530069	63608.28223	6864.953019	0.788566058	6.36E-05	6.86E-06	2015	9	Sep	3	Thursday	0.000535714	0.000613666		3.789286418
9/18/2015	0.000528151	63378.0606	6988.393496	-0.361936554	6.34E-05	6.99E-06	2015	9	Sep	3	Friday	0.000529714	0.000603941		3.766773671
9/19/2015	0.00052235	62681.95495	7887.815326	-1.098338512	6.27E-05	7.89E-06	2015	9	Sep	3	Saturday	0.00052212	0.000596011		3.598874562
9/20/2015	0.000492846	59141.49108	8393.972687	-5.648298424	5.91E-05	8.39E-06	2015	9	Sep	3	Sunday	0.000516434	0.000588764		3.554752307
9/21/2015	0.000479336	57520.35922	1864.611133	-2.741107525	5.75E-05	1.86E-06	2015	9	Sep	3	Monday	0.000512682	0.000581569		3.562341962
9/22/2015	0.000471056	56526.71779	2738.948108	-1.727460398	5.65E-05	2.74E-06	2015	9	Sep	3	Tuesday	0.000507104	0.000574997		3.527540287
9/23/2015	0.000491893	59027.19658	8047.800759	4.423534369	5.90E-05	8.05E-06	2015	9	Sep	3	Wednesday	0.000502243	0.000568815		3.643460929
9/24/2015	0.0004992	59903.98487	5093.170227	1.485397138	5.99E-05	5.09E-06	2015	9	Sep	3	Thursday	0.000497833	0.000563659		3.639778612
9/25/2015	0.000465674	55880.83193	5462.40031	-6.716002197	5.59E-05	5.46E-06	2015	9	Sep	3	Friday	0.000488908	0.000558563		3.704181308
9/26/2015	0.000472222	56666.58917	6208.576495	1.406130181	5.67E-05	6.21E-06	2015	9	Sep	3	Saturday	0.000481747	0.000552418		3.489362505
9/27/2015	0.000465469	55856.25355	6227.301579	-1.430006003	5.59E-05	6.23E-06	2015	9	Sep	3	Sunday	0.000477836	0.000546224		3.489805392
9/28/2015	0.000453488	54418.52395	7717.028212	-2.573981441	5.44E-05	7.72E-06	2015	9	Sep	3	Monday	0.000474143	0.000539549		3.489752751
9/29/2015	0.000465185	55822.2012	8352.895351	2.579410739	5.58E-05	8.35E-06	2015	9	Sep	3	Tuesday	0.000473304	0.000534451		3.456760209
9/30/2015	0.000485255	58230.63798	6779.146547	4.314478354	5.82E-05	6.78E-06	2015	9	Sep	3	Wednesday	0.000472356	0.000530445		3.57595793
10/1/2015	0.000504176	60501.17866	3900.301963	3.899219989	6.05E-05	3.90E-06	2015	10	Oct	4	Thursday	0.000473067	0.00052696		3.666627921
10/2/2015	0.000488021	58562.47575	7939.331719	-3.204405193	5.86E-05	7.94E-06	2015	10	Oct	4	Friday	0.000476259	0.000523831		3.629623544
10/3/2015	0.000482504	57900.47862	2079.0041	-1.130411788	5.79E-05	2.08E-06	2015	10	Oct	4	Saturday	0.000477728	0.000520204		3.608448669
10/4/2015	0.000489429	58731.49873	3390.55194	1.435256021	5.87E-05	3.39E-06	2015	10	Oct	4	Sunday	0.000481151	0.000517256		3.613057776
10/5/2015	0.000509414	61129.70958	8416.722682	4.083346941	6.11E-05	8.42E-06	2015	10	Oct	4	Monday	0.000489141	0.000515179		3.705843106
10/6/2015	0.000500243	60029.19479	3646.352282	-1.80029449	6.00E-05	3.65E-06	2015	10	Oct	4	Tuesday	0.000494149	0.000513231		3.698100886
10/7/2015	0.000497039	59644.66252	3368.618834	-0.640575418	5.96E-05	3.37E-06	2015	10	Oct	4	Wednesday	0.000495832	0.000509724		3.366893898
10/8/2015	0.000475999	57119.82565	2660.357889	-4.233131293	5.71E-05	2.66E-06	2015	10	Oct	4	Thursday	0.000491807	0.000505506		3.429411932
10/9/2015	0.000454213	54505.57558	7254.332968	-4.576782294	5.45E-05	7.25E-06	2015	10	Oct	4	Friday	0.000486977	0.000501375		3.448429166
10/10/2015	0.000469687	56362.49943	5073.018985	3.406851181	5.64E-05	5.07E-06	2015	10	Oct	4	Saturday	0.000485146	0.000497095		3.446699906
10/11/2015	0.000496368	59564.13521	6610.855656	5.680436133	5.96E-05	6.61E-06	2015	10	Oct	4	Sunday	0.000486138	0.000494636		3.556432989
10/12/2015	0.000495435	59452.23576	3489.130796	-0.187863801	5.95E-05	3.49E-06	2015	10	Oct	4	Monday	0.000484141	0.000491966		3.547741601
10/13/2015	0.000516243	61949.1908	7493.674605	4.199934623	6.19E-05	7.49E-06	2015	10	Oct	4	Tuesday	0.000486426	0.00049142		3.387823761
10/14/2015	0.000524289	62914.70919	7625.304617	1.558564983	6.29E-05	7.63E-06	2015	10	Oct	4	Wednesday	0.000490319	0.000492043		3.262371814
10/15/2015	0.000511444	61373.31899	4143.420966	-2.449967932	6.14E-05	4.14E-06	2015	10	Oct	4	Thursday	0.000495383	0.000492087		3.293877067
10/16/2015	0.000519411	62329.26264	4941.583363	1.557588321	6.23E-05	4.94E-06	2015	10	Oct	4	Friday	0.000504697	0.00049187		3.256607456
10/17/2015	0.000552921	66350.57875	3660.085915	6.451730604	6.64E-05	3.66E-06	2015	10	Oct	4	Saturday	0.000516587	0.000492632		3.461017638
10/18/2015	0.000552682	66321.85242	9761.7359	-0.043294782	6.63E-05	9.76E-06	2015	10	Oct	4	Sunday	0.000524632	0.00049345		3.459726452
10/19/2015	0.000588966	70675.93889	7595.706361	6.565085743	7.07E-05	7.60E-06	2015	10	Oct	4	Monday	0.000537994	0.00049567		3.638157494
10/20/2015	0.000530903	63708.33387	9055.838044	-9.858524886	6.37E-05	9.06E-06	2015	10	Oct	4	Tuesday	0.000540088	0.000496939		3.949943399
10/21/2015	0.000549196	65903.4956	4376.405009	3.445642982	6.59E-05	4.38E-06	2015	10	Oct	4	Wednesday	0.000543646	0.000499268		3.945875256
10/22/2015	0.000551663	66199.53024	8197.283244	0.449194139	6.62E-05	8.20E-06	2015	10	Oct	4	Thursday	0.000549392	0.000501954		3.922866653
10/23/2015	0.000545649	65477.92565	7981.958011	-1.090044884	6.55E-05	7.98E-06	2015	10	Oct	4	Friday	0.00055314	0.000503746		3.866463286
10/24/2015	0.000548204	65784.45103	7433.556015	0.468135452	6.58E-05	7.43E-06	2015	10	Oct	4	Saturday	0.000552466	0.00050538		3.861249617
10/25/2015	0.000506814	60817.69284	8871.882937	-7.550048853	6.08E-05	8.87E-06	2015	10	Oct	4	Sunday	0.000545914	0.000506751		3.916748581
10/26/2015	0.000502883	60345.95212	4660.31514	-0.775663634	6.03E-05	4.66E-06	2015	10	Oct	4	Monday	0.000533616	0.000507773		3.916866249
10/27/2015	0.000510628	61275.39494	2799.432523	1.540190827	6.13E-05	2.80E-06	2015	10	Oct	4	Tuesday	0.00053072	0.000509278		3.909553323
10/28/2015	0.000542267	65071.98616	7197.291136	6.195947376	6.51E-05	7.20E-06	2015	10	Oct	4	Wednesday	0.00052973	0.000512238		4.007402289
10/29/2015	0.000531672	63800.64677	7497.671839	-1.953743025	6.38E-05	7.50E-06	2015	10	Oct	4	Thursday	0.000526874	0.000514454		4.018618466
10/30/2015	0.000515268	61832.15791	6121.83308	-3.08537446	6.18E-05	6.12E-06	2015	10	Oct	4	Friday	0.000522534	0.000515454		4.005092938
10/31/2015	0.000505535	60664.17353	3325.497593	-1.888959433	6.07E-05	3.33E-06	2015	10	Oct	4	Saturday	0.000516438	0.0005155		3.963865167
11/1/2015	0.000524913	62989.58445	5702.743951	3.833252461	6.30E-05	5.70E-06	2015	11	Nov	4	Sunday	0.000519024	0.000516729		3.970685735
11/2/2015	0.000532394	63887.22572	4310.009112	1.425063014	6.39E-05	4.31E-06	2015	11	Nov	4	Monday	0.000523239	0.000518392		3.965900758
11/3/2015	0.000521752	62610.25126	5089.961946	-1.998794674	6.26E-05	5.09E-06	2015	11	Nov	4	Tuesday	0.000524829	0.00051947		3.984665188
11/4/2015	0.000533108	63972.91049	6872.368539	2.176415528	6.40E-05	6.87E-06	2015	11	Nov	4	Wednesday	0.00052352	0.00052026	0.000579655	3.937006389
11/5/2015	0.000535717	64286.06069	7677.412241	0.489504375	6.43E-05	7.68E-06	2015	11	Nov	4	Thursday	0.000524098	0.000521442	0.000577719	3.918493281
11/6/2015	0.000557438	66892.6183	3870.872662	4.054623332	6.69E-05	3.87E-06	2015	11	Nov	4	Friday	0.000530122	0.000523455	0.000576059	3.972865338
11/7/2015	0.000542544	65105.33508	5119.821263	-2.671869127	6.51E-05	5.12E-06	2015	11	Nov	4	Saturday	0.00053541	0.000525674	0.000574019	3.919127988
11/8/2015	0.000536016	64321.89022	4007.214429	-1.203349721	6.43E-05	4.01E-06	2015	11	Nov	4	Sunday	0.000536996	0.0005284	0.000571392	3.815093075
11/9/2015	0.000528202	63384.26763	3412.342354	-1.457703721	6.34E-05	3.41E-06	2015	11	Nov	4	Monday	0.000536397	0.000530351	0.000568749	3.796097152
11/10/2015	0.000498667	59840.04514	7420.552548	-5.591643823	5.98E-05	7.42E-06	2015	11	Nov	4	Tuesday	0.000533099	0.000530428	0.00056585	3.819602613
11/11/2015	0.000505114	60613.6369	8431.982628	1.292766001	6.06E-05	8.43E-06	2015	11	Nov	4	Wednesday	0.0005291	0.00053075	0.000562462	3.825492509
11/12/2015	0.000510926	61311.17399	4563.259614	1.150792338	6.13E-05	4.56E-06	2015	11	Nov	4	Thursday	0.000525558	0.000530573	0.000558849	3.753631215
11/13/2015	0.000511542	61385.07014	7375.629241	0.120526401	6.14E-05	7.38E-06	2015	11	Nov	4	Friday	0.000519002	0.000530148	0.000555407	3.7426637
11/14/2015	0.000507272	60872.60045	8378.470316	-0.834844192	6.09E-05	8.38E-06	2015	11	Nov	4	Saturday	0.000513963	0.000530009	0.000551707	3.717940778
11/15/2015	0.00047983	57579.59971	7573.727193	-5.409660035	5.76E-05	7.57E-06	2015	11	Nov	4	Sunday	0.000505936	0.00052869	0.000547865	3.835644588
11/16/2015	0.000472296	56675.52844	2943.591301	-1.570124274	5.67E-05	2.94E-06	2015	11	Nov	4	Monday	0.00049795	0.000526002	0.0005441	3.630668408
11/17/2015	0.000466332	55959.82037	8100.46524	-1.262816766	5.60E-05	8.10E-06	2015	11	Nov	4	Tuesday	0.00049333	0.000523124	0.000540171	3.632677586
11/18/2015	0.000452056	54246.73732	4079.41827	-3.061273318	5.42E-05	4.08E-06	2015	11	Nov	4	Wednesday	0.000485751	0.00051856	0.000536747	3.405129948
11/19/2015	0.000449598	53951.8197	3814.872709	-0.543659639	5.40E-05	3.81E-06	2015	11	Nov	4	Thursday	0.000476989	0.00051585	0.000533851	2.946391702
11/20/2015	0.000457381	54885.73369	2057.762715	1.731014808	5.49E-05	2.06E-06	2015	11	Nov	4	Friday	0.000469252	0.000512789	0.000531209	2.882956312
11/21/2015	0.000493718	59246.15544	5233.855049	7.944544893	5.92E-05	5.23E-06	2015	11	Nov	4	Saturday	0.000467316	0.000510858	0.00052927	3.27255471
11/22/2015	0.000497675	59721.01708	2572.878993	0.801506252	5.97E-05	2.57E-06	2015	11	Nov	4	Sunday	0.000469865	0.000509259	0.000527273	3.275379031
11/23/2015	0.000503332	60399.81361	3613.405471	1.13661247	6.04E-05	3.61E-06	2015	11	Nov	4	Monday	0.000474299	0.000507763	0.000525601	3.282730327
11/24/2015	0.000502337	60280.4707	4101.068172	-0.1975882	6.03E-05	4.10E-06	2015	11	Nov	4	Tuesday	0.000479443	0.000507614	0.000524309	2.977860494
11/25/2015	0.00046569	55882.83874	7100.426483	-7.295284713	5.59E-05	7.10E-06	2015	11	Nov	4	Wednesday	0.00048139	0.000506374	0.000522189	3.261754629
11/26/2015	0.000465662	55879.45486	7547.003068	-0.006055318	5.59E-05	7.55E-06	2015	11	Nov	4	Thursday	0.000483685	0.000504875	0.000520126	3.245411101
11/27/2015	0.000467252	56070.28467	3717.233243	0.341502636	5.61E-05	3.72E-06	2015	11	Nov	4	Friday	0.000485095	0.000502375	0.000518054	3.011672323
11/28/2015	0.000516151	61938.11068	8240.480033	10.46512613	6.19E-05	8.24E-06	2015	11	Nov	4	Saturday	0.0004883	0.000501857	0.000516921	3.595022371
11/29/2015	0.000512707	61524.8546	8174.666692	-0.667208076	6.15E-05	8.17E-06	2015	11	Nov	4	Sunday	0.000490447	0.000501772	0.000515891	3.551162871
11/30/2015	0.000519448	62333.75711	7589.640707	1.314757286	6.23E-05	7.59E-06	2015	11	Nov	4	Monday	0.00049275	0.000502236	0.000514899	3.539199672
12/1/2015	0.000519246	62309.54697	2966.147141	-0.038839534	6.23E-05	2.97E-06	2015	12	Dec	4	Tuesday	0.000495165	0.000502047	0.000514202	3.470184434
12/2/2015	0.000496027	59523.28225	6716.532267	-4.47164977	5.95E-05	6.72E-06	2015	12	Dec	4	Wednesday	0.000499499	0.000500835	0.000513144	3.553911282
12/3/2015	0.000519748	62369.75404	8944.002838	4.782114963	6.24E-05	8.94E-06	2015	12	Dec	4	Thursday	0.000507226	0.000500768	0.000512498	3.648325435
12/4/2015	0.000536154	64338.47172	7199.787506	3.156526278	6.43E-05	7.20E-06	2015	12	Dec	4	Friday	0.000517069	0.000500869	0.000512103	3.672327676
12/5/2015	0.000553943	66473.21245	4639.432845	3.317984829	6.65E-05	4.64E-06	2015	12	Dec	4	Saturday	0.000522468	0.000501477	0.00051205	3.71912743
12/6/2015	0.00053469	64162.79644	5779.112155	-3.475709876	6.42E-05	5.78E-06	2015	12	Dec	4	Sunday	0.000525608	0.000500719	0.000511299	3.702515148
12/7/2015	0.000566116	67933.90997	7302.012535	5.877414555	6.79E-05	7.30E-06	2015	12	Dec	4	Monday	0.000532275	0.000501504	0.000510895	3.822684569
12/8/2015	0.000535781	64293.67619	5867.98411	-5.358492959	6.43E-05	5.87E-06	2015	12	Dec	4	Tuesday	0.000534637	0.000501497	0.000510424	3.948907892
12/9/2015	0.000549055	65886.63157	2924.994381	2.477623737	6.59E-05	2.92E-06	2015	12	Dec	4	Wednesday	0.000542212	0.000502192	0.000509879	3.961648475
12/10/2015	0.000599933	71991.91253	4855.687864	9.266342514	7.20E-05	4.86E-06	2015	12	Dec	4	Thursday	0.000553667	0.000505567	0.00051021	4.136953318
12/11/2015	0.000577204	69264.48783	8747.240646	-3.78851541	6.93E-05	8.75E-06	2015	12	Dec	4	Friday	0.000559532	0.00050797	0.000510229	4.215105899
12/12/2015	0.000564841	67780.89866	9039.949674	-2.141918924	6.78E-05	9.04E-06	2015	12	Dec	4	Saturday	0.000561088	0.000509767	0.000510587	4.241174892
12/13/2015	0.000567664	68119.70186	3165.931531	0.499850566	6.81E-05	3.17E-06	2015	12	Dec	4	Sunday	0.000565799	0.000511638	0.000511276	4.240815687
12/14/2015	0.000556903	66828.35409	9642.423317	-1.895703788	6.68E-05	9.64E-06	2015	12	Dec	4	Monday	0.000564483	0.000513292	0.000511796	4.256147199
12/15/2015	0.000523933	62872.00013	4367.008285	-5.920172675	6.29E-05	4.37E-06	2015	12	Dec	4	Tuesday	0.00056279	0.000514763	0.000511774	4.281114058
12/16/2015	0.000525898	63107.74065	6908.887057	0.374953096	6.31E-05	6.91E-06	2015	12	Dec	4	Wednesday	0.000559482	0.000516549	0.000511728	4.265251731
12/17/2015	0.000504524	60542.84439	7278.40127	-4.064313234	6.05E-05	7.28E-06	2015	12	Dec	4	Thursday	0.000545852	0.000517822	0.000511465	4.334054715
12/18/2015	0.000514687	61762.41348	7870.603493	2.014390148	6.18E-05	7.87E-06	2015	12	Dec	4	Friday	0.000536921	0.00051991	0.00051138	4.295108424
12/19/2015	0.000496598	59591.80198	8550.825537	-3.514453819	5.96E-05	8.55E-06	2015	12	Dec	4	Saturday	0.000527172	0.000521477	0.000511422	4.35434524
12/20/2015	0.000528889	63466.70199	4287.197664	6.502404482	6.35E-05	4.29E-06	2015	12	Dec	4	Sunday	0.000521633	0.00052386	0.000511972	4.488860756
12/21/2015	0.000513089	61570.64769	8190.175246	-2.98747884	6.16E-05	8.19E-06	2015	12	Dec	4	Monday	0.000515374	0.000524506	0.000512439	4.31069445
12/22/2015	0.000507028	60843.3664	2786.773934	-1.1812143	6.08E-05	2.79E-06	2015	12	Dec	4	Tuesday	0.000512959	0.000524818	0.000512608	4.316616906
12/23/2015	0.000524323	62918.70439	7210.792376	3.410951944	6.29E-05	7.21E-06	2015	12	Dec	4	Wednesday	0.000512734	0.000525517	0.000512887	4.354334973
12/24/2015	0.000499632	59955.87733	7136.987408	-4.708976583	6.00E-05	7.14E-06	2015	12	Dec	4	Thursday	0.000512035	0.000525427	0.000513264	4.446417081
12/25/2015	0.000504703	60564.403	6742.440511	1.014955827	6.06E-05	6.74E-06	2015	12	Dec	4	Friday	0.000510609	0.000526728	0.000513625	4.224675536
12/26/2015	0.000532326	63879.15028	3850.492622	5.473094943	6.39E-05	3.85E-06	2015	12	Dec	4	Saturday	0.000515713	0.00052895	0.000514368	4.325833001
12/27/2015	0.000499675	59960.9605	8080.649493	-6.133753762	6.00E-05	8.08E-06	2015	12	Dec	4	Sunday	0.000511539	0.000530031	0.000514881	4.494135063
12/28/2015	0.000503882	60465.86835	3039.196885	0.84206099	6.05E-05	3.04E-06	2015	12	Dec	4	Monday	0.000510224	0.000529622	0.000515311	4.068306818
12/29/2015	0.000509657	61158.83657	2228.394071	1.146048566	6.12E-05	2.23E-06	2015	12	Dec	4	Tuesday	0.0005106	0.00052952	0.000515582	4.071532509
12/30/2015	0.000526373	63164.80563	7333.16857	3.279933314	6.32E-05	7.33E-06	2015	12	Dec	4	Wednesday	0.000510893	0.000529751	0.000515829	4.108066201
12/31/2015	0.000501464	60175.73781	5238.724371	-4.732172909	6.02E-05	5.24E-06	2015	12	Dec	4	Thursday	0.000511154	0.000529158	0.000515978	4.202801924
1/1/2016	0.000476141	57136.94785	7535.89275	-5.049859074	5.71E-05	7.54E-06	2016	1	Jan	1	Friday	0.000507074	0.000528495	0.000515907	4.225133765
1/2/2016	0.000486673	58400.74477	4438.903773	2.21187335	5.84E-05	4.44E-06	2016	1	Jan	1	Saturday	0.000500552	0.000527393	0.000515877	4.14913651
1/3/2016	0.000492981	59157.77514	2969.331682	1.296268345	5.92E-05	2.97E-06	2016	1	Jan	1	Sunday	0.000499596	0.000525954	0.000515694	4.111964068
1/4/2016	0.000498444	59813.28202	7798.040791	1.108065471	5.98E-05	7.80E-06	2016	1	Jan	1	Monday	0.000498819	0.000524104	0.000515674	4.066342517
1/5/2016	0.000505905	60708.61843	5820.083999	1.49688561	6.07E-05	5.82E-06	2016	1	Jan	1	Tuesday	0.000498283	0.000523144	0.000515773	4.032449925
1/6/2016	0.000492822	59138.64978	3116.813538	-2.586072121	5.91E-05	3.12E-06	2016	1	Jan	1	Wednesday	0.00049349	0.000520701	0.00051596	3.893046564
1/7/2016	0.000497919	59750.33701	6957.692513	1.034327353	5.98E-05	6.96E-06	2016	1	Jan	1	Thursday	0.000492984	0.000519439	0.000516445	3.785073361
1/8/2016	0.000504295	60515.39104	5527.090735	1.280417935	6.05E-05	5.53E-06	2016	1	Jan	1	Friday	0.000497006	0.000517947	0.00051683	3.762383309
1/9/2016	0.000490579	58869.532	6035.160653	-2.719736269	5.89E-05	6.04E-06	2016	1	Jan	1	Saturday	0.000497564	0.000514302	0.000516765	3.332690081
1/10/2016	0.000529122	63494.58672	5416.583542	7.856448932	6.35E-05	5.42E-06	2016	1	Jan	1	Sunday	0.000502727	0.000512699	0.00051714	3.616354237
1/11/2016	0.000539785	64774.23852	8384.706361	2.015371491	6.48E-05	8.38E-06	2016	1	Jan	1	Monday	0.000508633	0.000511864	0.000517401	3.620073317
1/12/2016	0.000515182	61821.78625	8008.859454	-4.558065573	6.18E-05	8.01E-06	2016	1	Jan	1	Tuesday	0.000509958	0.000510114	0.0005173	3.70846024
1/13/2016	0.00052942	63530.36465	7314.038603	2.763715673	6.35E-05	7.31E-06	2016	1	Jan	1	Wednesday	0.000515186	0.000509198	0.0005175	3.734915521
1/14/2016	0.000509686	61162.28297	2608.459154	-3.727480062	6.12E-05	2.61E-06	2016	1	Jan	1	Thursday	0.000516867	0.000508723	0.000517392	3.637293176
1/15/2016	0.000526514	63181.66147	8255.471531	3.301672855	6.32E-05	8.26E-06	2016	1	Jan	1	Friday	0.000520041	0.000508744	0.000517098	3.687379454
1/16/2016	0.000552041	66244.86256	7321.485397	4.848243966	6.62E-05	7.32E-06	2016	1	Jan	1	Saturday	0.000528821	0.000510328	0.000517091	3.701846036
1/17/2016	0.000534747	64169.66702	7292.427048	-3.132613535	6.42E-05	7.29E-06	2016	1	Jan	1	Sunday	0.000529625	0.000510997	0.000516489	3.741899024
1/18/2016	0.000556312	66757.43441	4910.539411	4.032695668	6.68E-05	4.91E-06	2016	1	Jan	1	Monday	0.000531986	0.000512987	0.000516771	3.737605806
1/19/2016	0.000566139	67936.73504	9206.347919	1.766545767	6.79E-05	9.21E-06	2016	1	Jan	1	Tuesday	0.000539265	0.000514229	0.000516959	3.569232019
1/20/2016	0.00058565	70278.03557	8225.664002	3.446295335	7.03E-05	8.23E-06	2016	1	Jan	1	Wednesday	0.000547298	0.000516647	0.000517337	3.55886403
1/21/2016	0.000632446	75893.49917	3302.191112	7.990353673	7.59E-05	3.30E-06	2016	1	Jan	1	Thursday	0.000564836	0.000520828	0.000518301	3.795261212
1/22/2016	0.000626895	75227.39848	5937.951637	-0.877678183	7.52E-05	5.94E-06	2016	1	Jan	1	Friday	0.000579176	0.000524247	0.000519176	3.774584507
1/23/2016	0.000608885	73066.21315	9963.72117	-2.872869955	7.31E-05	9.96E-06	2016	1	Jan	1	Saturday	0.000587296	0.000527889	0.00052031	3.698546534
1/24/2016	0.000588189	70582.72896	2517.234509	-3.398950186	7.06E-05	2.52E-06	2016	1	Jan	1	Sunday	0.000594931	0.000530672	0.000521258	3.773732893
1/25/2016	0.000569875	68384.9705	9941.122776	-3.11373405	6.84E-05	9.94E-06	2016	1	Jan	1	Monday	0.000596869	0.000531923	0.000521916	3.714996891
1/26/2016	0.000568688	68242.59995	7609.016333	-0.208189821	6.82E-05	7.61E-06	2016	1	Jan	1	Tuesday	0.000597233	0.000534224	0.00052221	3.513534898
1/27/2016	0.000577079	69249.4416	7324.175315	1.475385835	6.92E-05	7.32E-06	2016	1	Jan	1	Wednesday	0.000596008	0.000536664	0.000522714	3.517615203
1/28/2016	0.000584085	70090.18104	4378.331104	1.214073963	7.01E-05	4.38E-06	2016	1	Jan	1	Thursday	0.000589099	0.000539145	0.000523479	3.51805962
1/29/2016	0.000604338	72520.55533	4340.718902	3.467496091	7.25E-05	4.34E-06	2016	1	Jan	1	Friday	0.000585877	0.000541743	0.000524577	3.52330603
1/30/2016	0.000605257	72630.87589	10389.62791	0.152123158	7.26E-05	1.04E-05	2016	1	Jan	1	Saturday	0.000585359	0.000545203	0.000525469	3.382216817
1/31/2016	0.000642133	77055.92695	5069.717062	6.09252058	7.71E-05	5.07E-06	2016	1	Jan	1	Sunday	0.000593065	0.000550736	0.000526689	3.342433826
2/1/2016	0.000636006	76320.77708	9392.083337	-0.954047148	7.63E-05	9.39E-06	2016	2	Feb	1	Monday	0.000602512	0.000555714	0.000527958	3.354610842
2/2/2016	0.000709823	85178.74881	6573.637212	11.60623892	8.52E-05	6.57E-06	2016	2	Feb	1	Tuesday	0.000622674	0.000562942	0.000529922	3.878537687
2/3/2016	0.00072854	87424.77152	4083.653784	2.636834589	8.74E-05	4.08E-06	2016	2	Feb	1	Wednesday	0.000644312	0.000570612	0.000532064	3.886055562
2/4/2016	0.000704689	84562.62357	2645.612349	-3.273840923	8.46E-05	2.65E-06	2016	2	Feb	1	Thursday	0.000661541	0.000577238	0.0005337	3.976163625
2/5/2016	0.000675816	81097.8676	7729.509163	-4.097266411	8.11E-05	7.73E-06	2016	2	Feb	1	Friday	0.000671752	0.000583338	0.000535181	4.034730355
2/6/2016	0.000689674	82760.88645	12173.58499	2.050632033	8.28E-05	1.22E-05	2016	2	Feb	1	Saturday	0.000683811	0.00058973	0.000536888	4.038122179
2/7/2016	0.000684221	82106.48912	6100.211899	-0.790708465	8.21E-05	6.10E-06	2016	2	Feb	1	Sunday	0.000689824	0.000595727	0.000538622	4.053821214
2/8/2016	0.000704748	84569.78676	6162.015145	3.000125405	8.46E-05	6.16E-06	2016	2	Feb	1	Monday	0.000699644	0.000602866	0.000540912	4.002168855
2/9/2016	0.000718934	86272.1278	6150.425758	2.012942345	8.63E-05	6.15E-06	2016	2	Feb	1	Tuesday	0.000700946	0.000609193	0.000543287	3.809126516
2/10/2016	0.00071756	86107.23351	7961.927775	-0.191132759	8.61E-05	7.96E-06	2016	2	Feb	1	Wednesday	0.000699377	0.000615119	0.000545583	3.812055679
2/11/2016	0.000694356	83322.75424	6905.772041	-3.23373444	8.33E-05	6.91E-06	2016	2	Feb	1	Thursday	0.000697901	0.000621092	0.000547615	3.752410039
2/12/2016	0.000654186	78502.28896	10644.10614	-5.78529278	7.85E-05	1.06E-05	2016	2	Feb	1	Friday	0.000694811	0.00062525	0.000549247	3.939026055
2/13/2016	0.000643248	77189.78927	6998.218884	-1.67192537	7.72E-05	7.00E-06	2016	2	Feb	1	Saturday	0.000688179	0.000629702	0.000551063	3.875255534
2/14/2016	0.000666331	79959.7303	7270.813485	3.588481143	8.00E-05	7.27E-06	2016	2	Feb	1	Sunday	0.000685623	0.000634363	0.000553219	3.881861199
2/15/2016	0.000672734	80728.11361	3762.300747	0.960962856	8.07E-05	3.76E-06	2016	2	Feb	1	Monday	0.00068105	0.000638386	0.000555512	3.808300864
2/16/2016	0.000640674	76880.88956	11372.8935	-4.765655829	7.69E-05	1.14E-05	2016	2	Feb	1	Tuesday	0.00066987	0.000641917	0.000557608	3.876472637
2/17/2016	0.000645773	77492.76463	4649.313786	0.795874077	7.75E-05	4.65E-06	2016	2	Feb	1	Wednesday	0.000659615	0.000644899	0.000559788	3.824500386
2/18/2016	0.000656459	78775.12446	3056.765359	1.654812337	7.88E-05	3.06E-06	2016	2	Feb	1	Thursday	0.000654201	0.00064791	0.000562	3.823346569
2/19/2016	0.00063429	76114.81851	8340.475322	-3.377088852	7.61E-05	8.34E-06	2016	2	Feb	1	Friday	0.000651359	0.000649531	0.000563561	3.84882204
2/20/2016	0.000638841	76660.91336	7776.786968	0.717461937	7.67E-05	7.78E-06	2016	2	Feb	1	Saturday	0.000650729	0.000649744	0.00056513	3.568956133
2/21/2016	0.000640971	76916.49271	6139.280502	0.333389384	7.69E-05	6.14E-06	2016	2	Feb	1	Sunday	0.000647106	0.000650213	0.000566659	3.56443517
2/22/2016	0.000612939	73552.65257	5932.98262	-4.373366527	7.36E-05	5.93E-06	2016	2	Feb	1	Monday	0.000638564	0.000650349	0.000567888	3.618207179
2/23/2016	0.000622396	74687.51968	9276.762837	1.542931592	7.47E-05	9.28E-06	2016	2	Feb	1	Tuesday	0.000635953	0.000651489	0.000569629	3.566285048
2/24/2016	0.000637152	76458.21532	4089.407161	2.370805257	7.65E-05	4.09E-06	2016	2	Feb	1	Wednesday	0.000634721	0.000653731	0.000571535	3.528338668
2/25/2016	0.000666027	79923.221	10264.5711	4.531894537	7.99E-05	1.03E-05	2016	2	Feb	1	Thursday	0.000636088	0.000656976	0.000573743	3.604017291
2/26/2016	0.000695396	83447.569	8999.791416	4.409667117	8.34E-05	9.00E-06	2016	2	Feb	1	Friday	0.000644817	0.00066092	0.000575735	3.668129289
2/27/2016	0.000658771	79052.46482	6346.045141	-5.266904989	7.91E-05	6.35E-06	2016	2	Feb	1	Saturday	0.000647664	0.000663409	0.000577358	3.823600251
2/28/2016	0.000635151	76218.08284	6475.75005	-3.585444162	7.62E-05	6.48E-06	2016	2	Feb	1	Sunday	0.000646833	0.000664437	0.000578644	3.849773643
2/29/2016	0.00064902	77882.41216	4735.068793	2.183641022	7.79E-05	4.74E-06	2016	2	Feb	1	Monday	0.000651987	0.000665895	0.000580086	3.866073159
3/1/2016	0.000663159	79579.10759	9569.683715	2.178534762	7.96E-05	9.57E-06	2016	3	Mar	1	Tuesday	0.000657811	0.000666596	0.000581943	3.727558728
3/2/2016	0.000677641	81316.87002	7444.150351	2.183691783	8.13E-05	7.44E-06	2016	3	Mar	1	Wednesday	0.000663595	0.000667984	0.000583697	3.738830064
3/3/2016	0.000791339	94960.66545	6505.047271	16.77855459	9.50E-05	6.51E-06	2016	3	Mar	1	Thursday	0.000681497	0.000670701	0.000586532	4.348729258
3/4/2016	0.000810428	97251.30276	9873.537115	2.412195932	9.73E-05	9.87E-06	2016	3	Mar	1	Friday	0.00069793	0.000673431	0.000589382	4.345026909
3/5/2016	0.000848937	101872.3953	15228.71431	4.751702494	0.000101872	1.52E-05	2016	3	Mar	1	Saturday	0.000725096	0.000678239	0.000592874	4.355334708
3/6/2016	0.000882841	105940.8664	8711.673556	3.993693359	0.000105941	8.71E-06	2016	3	Mar	1	Sunday	0.00076048	0.00068514	0.000596393	4.297470442
3/7/2016	0.000907052	108846.2923	15291.05021	2.742497743	0.000108846	1.53E-05	2016	3	Mar	1	Monday	0.000797342	0.000692386	0.000600518	4.305261447
3/8/2016	0.000896582	107589.8115	7682.129959	-1.154362492	0.00010759	7.68E-06	2016	3	Mar	1	Tuesday	0.000830688	0.000699465	0.00060438	4.310995277
3/9/2016	0.000925143	111017.1533	4059.666917	3.185563512	0.000111017	4.06E-06	2016	3	Mar	1	Wednesday	0.000866046	0.000706811	0.000607993	4.314106753
3/10/2016	0.000897879	107745.4731	5873.103678	-2.947004235	0.000107745	5.87E-06	2016	3	Mar	1	Thursday	0.000881266	0.000712776	0.000611556	4.368546465
3/11/2016	0.000890304	106836.4297	8572.920203	-0.843695173	0.000106836	8.57E-06	2016	3	Mar	1	Friday	0.000892677	0.000718534	0.000615172	4.375436532
3/12/2016	0.000874059	104887.089	5911.036867	-1.824603018	0.000104887	5.91E-06	2016	3	Mar	1	Saturday	0.000896266	0.000724524	0.000618577	4.337927922
3/13/2016	0.000877804	105336.4375	3162.962973	0.428411628	0.000105336	3.16E-06	2016	3	Mar	1	Sunday	0.000895546	0.000731978	0.000622142	4.154279098
3/14/2016	0.000963921	115670.5122	16170.75895	9.81054126	0.000115671	1.62E-05	2016	3	Mar	1	Monday	0.00090367	0.000742667	0.000627031	4.414293162
3/15/2016	0.000895443	107453.1705	14104.89731	-7.104093784	0.000107453	1.41E-05	2016	3	Mar	1	Tuesday	0.000903507	0.000750304	0.000631137	4.660260776
3/16/2016	0.000921285	110554.16	13164.2441	2.8858986	0.000110554	1.32E-05	2016	3	Mar	1	Wednesday	0.000902956	0.000758589	0.000635768	4.671648957
3/17/2016	0.000864594	103751.3221	5201.858003	-6.153398425	0.000103751	5.20E-06	2016	3	Mar	1	Thursday	0.000898201	0.000766053	0.000639656	4.73868562
3/18/2016	0.000849275	101913.0122	4529.384118	-1.771842417	0.000101913	4.53E-06	2016	3	Mar	1	Friday	0.00089234	0.000772837	0.000643574	4.767631995
3/19/2016	0.000887973	106556.7441	4061.151361	4.556564272	0.000106557	4.06E-06	2016	3	Mar	1	Saturday	0.000894328	0.000780554	0.000647564	4.810134981
3/20/2016	0.00089115	106937.9599	12499.28332	0.35775851	0.000106938	1.25E-05	2016	3	Mar	1	Sunday	0.000896234	0.000789116	0.000651765	4.73751655
3/21/2016	0.000854403	102528.3208	14503.34409	-4.123548903	0.000102528	1.45E-05	2016	3	Mar	1	Monday	0.000880589	0.000796301	0.000655624	4.837473821
3/22/2016	0.000831134	99736.02171	8144.872249	-2.723441764	9.97E-05	8.14E-06	2016	3	Mar	1	Tuesday	0.000871402	0.00080264	0.000659033	4.885760374
3/23/2016	0.000854891	102586.9593	4544.282293	2.858483402	0.000102587	4.54E-06	2016	3	Mar	1	Wednesday	0.000861917	0.000810705	0.000662981	4.789931932
3/24/2016	0.000831108	99732.95434	9124.282606	-2.782034881	9.97E-05	9.12E-06	2016	3	Mar	1	Thursday	0.000857133	0.000817662	0.000666607	4.844716744
3/25/2016	0.000839174	100700.8762	7236.347735	0.970513591	0.000100701	7.24E-06	2016	3	Mar	1	Friday	0.00085569	0.000824396	0.000670017	4.838573284
3/26/2016	0.000841546	100985.5437	7571.794162	0.282686166	0.000100986	7.57E-06	2016	3	Mar	1	Saturday	0.000849058	0.000830247	0.000673815	4.794560408
3/27/2016	0.000820716	98485.89704	10297.65338	-2.475251937	9.85E-05	1.03E-05	2016	3	Mar	1	Sunday	0.000838996	0.000834424	0.000677336	4.785029754
3/28/2016	0.000895099	107411.9158	12486.22422	9.063245681	0.000107412	1.25E-05	2016	3	Mar	1	Monday	0.00084481	0.000842302	0.000681619	4.88712221
3/29/2016	0.000919005	110280.5844	4772.109073	2.670717211	0.000110281	4.77E-06	2016	3	Mar	1	Tuesday	0.000857363	0.000851763	0.000685981	4.811518082
3/30/2016	0.000848344	101801.2295	3488.812396	-7.688891856	0.000101801	3.49E-06	2016	3	Mar	1	Wednesday	0.000856427	0.000858408	0.000689835	5.082277727
3/31/2016	0.000855549	102665.9336	15330.03987	0.8494044	0.000102666	1.53E-05	2016	3	Mar	1	Thursday	0.000859919	0.000864821	0.000694051	5.077596852
4/1/2016	0.000834033	100083.9061	5797.600652	-2.514979783	0.000100084	5.80E-06	2016	4	Apr	2	Friday	0.000859185	0.000870034	0.000697911	5.111319423
4/2/2016	0.000863825	103658.9547	3779.370555	3.572051408	0.000103659	3.78E-06	2016	4	Apr	2	Saturday	0.000862367	0.00087245	0.000702031	4.171458364
4/3/2016	0.000837707	100524.8941	5306.210506	-3.023434508	0.000100525	5.31E-06	2016	4	Apr	2	Sunday	0.000864795	0.000873359	0.000705801	4.197937942
4/4/2016	0.000834706	100164.7111	3473.205503	-0.358302326	0.000100165	3.47E-06	2016	4	Apr	2	Monday	0.000856167	0.000872885	0.000709454	4.109407698
4/5/2016	0.00085259	102310.8198	7879.703856	2.142579673	0.000102311	7.88E-06	2016	4	Apr	2	Tuesday	0.000846679	0.000871876	0.000713451	4.061373021
4/6/2016	0.000883516	106021.8962	13389.31593	3.627257008	0.000106022	1.34E-05	2016	4	Apr	2	Wednesday	0.000851704	0.000871092	0.000717736	4.085394372
4/7/2016	0.000842941	101152.9557	7176.734839	-4.592391427	0.000101153	7.18E-06	2016	4	Apr	2	Thursday	0.000849903	0.000869304	0.000721499	4.166096313
4/8/2016	0.00083257	99908.39689	8322.570159	-1.230373188	9.99E-05	8.32E-06	2016	4	Apr	2	Friday	0.000849694	0.000866218	0.000725298	4.122985829
4/9/2016	0.00081772	98126.34888	10898.93408	-1.783681911	9.81E-05	1.09E-05	2016	4	Apr	2	Saturday	0.000843107	0.000863546	0.000728505	4.102352827
4/10/2016	0.000797424	95690.85677	8714.306851	-2.481996067	9.57E-05	8.71E-06	2016	4	Apr	2	Sunday	0.000837352	0.00086045	0.000731368	4.121654798
4/11/2016	0.000856629	102795.4327	13710.18482	7.424508633	0.000102795	1.37E-05	2016	4	Apr	2	Monday	0.000840484	0.000859869	0.000735162	4.342538247
4/12/2016	0.000871489	104578.7307	14005.63131	1.734802748	0.000104579	1.40E-05	2016	4	Apr	2	Tuesday	0.000843184	0.000859659	0.000738962	4.353279692
4/13/2016	0.000829455	99534.5513	3104.411335	-4.823331992	9.95E-05	3.10E-06	2016	4	Apr	2	Wednesday	0.000835461	0.000855176	0.000742515	4.031814415
4/14/2016	0.000861334	103360.1314	12751.08016	3.843469447	0.00010336	1.28E-05	2016	4	Apr	2	Thursday	0.000838089	0.000854039	0.000746236	3.899339397
4/15/2016	0.000938581	112629.7127	9605.966541	8.968236758	0.00011263	9.61E-06	2016	4	Apr	2	Friday	0.000853233	0.000854616	0.00075053	4.203825545
4/16/2016	0.000979133	117495.9858	17467.05487	4.320594441	0.000117496	1.75E-05	2016	4	Apr	2	Saturday	0.000876292	0.000858434	0.000755468	4.096127651
4/17/2016	0.000922321	110678.4744	9738.360903	-5.802335588	0.000110678	9.74E-06	2016	4	Apr	2	Sunday	0.000894135	0.000860869	0.000759535	4.236748754
4/18/2016	0.000905533	108663.9408	16128.71854	-1.820167451	0.000108664	1.61E-05	2016	4	Apr	2	Monday	0.000901121	0.000861454	0.000763306	4.17857525
4/19/2016	0.000953558	114426.9301	13793.97456	5.303497368	0.000114427	1.38E-05	2016	4	Apr	2	Tuesday	0.000912845	0.000863534	0.000767394	4.283354916
4/20/2016	0.000927871	111344.5753	6662.033896	-2.69373191	0.000111345	6.66E-06	2016	4	Apr	2	Wednesday	0.000926904	0.000865983	0.000770676	4.240016146
4/21/2016	0.000945436	113452.2964	10733.4265	1.892971474	0.000113452	1.07E-05	2016	4	Apr	2	Thursday	0.000938919	0.000869793	0.000774216	4.207853005
4/22/2016	0.000976165	117139.7673	17460.41758	3.250239157	0.00011714	1.75E-05	2016	4	Apr	2	Friday	0.000944288	0.000873836	0.000778296	4.215976084
4/23/2016	0.000941575	112989.0143	15016.655	-3.543419207	0.000112989	1.50E-05	2016	4	Apr	2	Saturday	0.000938923	0.000877518	0.000782223	4.238820078
4/24/2016	0.000940276	112833.0826	4703.337289	-0.138006108	0.000112833	4.70E-06	2016	4	Apr	2	Sunday	0.000941488	0.000880888	0.000786339	4.239434029
4/25/2016	0.000826767	99211.99137	11386.02844	-12.07189496	9.92E-05	1.14E-05	2016	4	Apr	2	Monday	0.000930235	0.000880396	0.000789206	4.818374506
4/26/2016	0.000794368	95324.16842	6812.77545	-3.918702665	9.53E-05	6.81E-06	2016	4	Apr	2	Tuesday	0.000907494	0.000879517	0.00079162	4.851594783
4/27/2016	0.00078717	94460.39593	2912.957545	-0.906142167	9.45E-05	2.91E-06	2016	4	Apr	2	Wednesday	0.000887394	0.00087592	0.000793877	4.541324283
4/28/2016	0.000749595	89951.38239	7053.781984	-4.773443407	9.00E-05	7.05E-06	2016	4	Apr	2	Thursday	0.000859416	0.000870273	0.000795491	4.575164333
4/29/2016	0.000800975	96116.95977	5591.17455	6.854344223	9.61E-05	5.59E-06	2016	4	Apr	2	Friday	0.000834389	0.000868694	0.000797665	4.5658224
4/30/2016	0.000757197	90863.65859	11654.5647	-5.465529908	9.09E-05	1.17E-05	2016	4	Apr	2	Saturday	0.00080805	0.000865415	0.000798944	4.665511989
5/1/2016	0.00074473	89367.61304	6298.600149	-1.64647294	8.94E-05	6.30E-06	2016	5	May	2	Sunday	0.000780114	0.000862439	0.000800152	4.653975666
5/2/2016	0.000749384	89926.07729	11627.69748	0.624906755	8.99E-05	1.16E-05	2016	5	May	2	Monday	0.00076906	0.000858624	0.000800592	4.6008528
5/3/2016	0.000794651	95358.06399	2867.584114	6.04050222	9.54E-05	2.87E-06	2016	5	May	2	Tuesday	0.0007691	0.000857189	0.000801326	4.716714169
5/4/2016	0.000751047	90125.61459	6032.855247	-5.487159844	9.01E-05	6.03E-06	2016	5	May	2	Wednesday	0.00076394	0.0008544	0.000801841	4.819453083
5/5/2016	0.000787603	94512.39264	5570.54395	4.867404314	9.45E-05	5.57E-06	2016	5	May	2	Thursday	0.000769369	0.000852234	0.000803083	4.891016367
5/6/2016	0.000788714	94645.68498	5492.107695	0.1410316	9.46E-05	5.49E-06	2016	5	May	2	Friday	0.000767618	0.000849074	0.000804184	4.83937971
5/7/2016	0.000759108	91092.90697	3478.145298	-3.753766499	9.11E-05	3.48E-06	2016	5	May	2	Saturday	0.000767891	0.000846279	0.000805016	4.815878572
5/8/2016	0.000774043	92885.17755	4872.283856	1.967519363	9.29E-05	4.87E-06	2016	5	May	2	Sunday	0.000772078	0.000844328	0.000805786	4.828480118
5/9/2016	0.000781012	93721.39218	9059.667259	0.900267027	9.37E-05	9.06E-06	2016	5	May	2	Monday	0.000776597	0.000843105	0.000806476	4.821627697
5/10/2016	0.000763247	91589.60595	5949.965681	-2.274599403	9.16E-05	5.95E-06	2016	5	May	2	Tuesday	0.00077211	0.000841965	0.000806983	4.818152667
5/11/2016	0.000766147	91937.58073	7363.039402	0.379928244	9.19E-05	7.36E-06	2016	5	May	2	Wednesday	0.000774268	0.000838949	0.000807781	4.609314989
5/12/2016	0.000755184	90622.02931	6816.953857	-1.430918034	9.06E-05	6.82E-06	2016	5	May	2	Thursday	0.000769636	0.000835073	0.000808903	4.598114978
5/13/2016	0.000759379	91125.53182	12311.84221	0.555607184	9.11E-05	1.23E-05	2016	5	May	2	Friday	0.000765446	0.000832737	0.000810193	4.522858768
5/14/2016	0.000780541	93664.8751	12985.31237	2.78664303	9.37E-05	1.30E-05	2016	5	May	2	Saturday	0.000768507	0.000830044	0.000811462	4.494354442
5/15/2016	0.000832495	99899.42462	8906.516878	6.656230005	9.99E-05	8.91E-06	2016	5	May	2	Sunday	0.000776858	0.000826507	0.000813238	4.348666392
5/16/2016	0.000793073	95168.71902	6625.523835	-4.735468311	9.52E-05	6.63E-06	2016	5	May	2	Monday	0.000778581	0.000820305	0.000814931	4.330701838
5/17/2016	0.000864573	103748.805	4442.1176	9.015657748	0.000103749	4.44E-06	2016	5	May	2	Tuesday	0.000793056	0.00081838	0.000817362	4.556956035
5/18/2016	0.000800433	96051.94406	13870.70233	-7.418746606	9.61E-05	1.39E-05	2016	5	May	2	Wednesday	0.000797954	0.000814877	0.000818962	4.740188109
5/19/2016	0.000796384	95566.05897	3557.659981	-0.505856594	9.56E-05	3.56E-06	2016	5	May	2	Thursday	0.00080384	0.000809638	0.000820763	4.620502011
5/20/2016	0.000816163	97939.54627	6436.394364	2.483609067	9.79E-05	6.44E-06	2016	5	May	2	Friday	0.000811952	0.000805914	0.000822733	4.632194784
5/21/2016	0.000826214	99145.66063	6520.60627	1.231488607	9.91E-05	6.52E-06	2016	5	May	2	Saturday	0.000818476	0.00080194	0.000824791	4.622853898
5/22/2016	0.000806695	96803.39902	6626.013996	-2.362444907	9.68E-05	6.63E-06	2016	5	May	2	Sunday	0.000814791	0.000796291	0.000826944	4.585810283
5/23/2016	0.000800808	96096.91538	4777.402527	-0.729812839	9.61E-05	4.78E-06	2016	5	May	2	Monday	0.000815896	0.000791599	0.000828926	4.550712406
5/24/2016	0.000785956	94314.71105	11693.07862	-1.854590576	9.43E-05	1.17E-05	2016	5	May	2	Tuesday	0.000804665	0.000786455	0.00083058	4.557608358
5/25/2016	0.000768412	92209.44723	4121.738633	-2.232169082	9.22E-05	4.12E-06	2016	5	May	2	Wednesday	0.00080009	0.00078451	0.000831717	4.017784144
5/26/2016	0.00079577	95492.401	10140.22339	3.560322588	9.55E-05	1.01E-05	2016	5	May	2	Thursday	0.000800002	0.000784557	0.000832833	4.008949454
5/27/2016	0.000808023	96962.78966	4349.898438	1.539796505	9.70E-05	4.35E-06	2016	5	May	2	Friday	0.00079884	0.000785252	0.000834491	4.013010306
5/28/2016	0.000786722	94406.59276	3631.281289	-2.636265832	9.44E-05	3.63E-06	2016	5	May	2	Saturday	0.000793198	0.000786489	0.000836175	3.940646524
5/29/2016	0.000816362	97963.49452	13629.8119	3.767641271	9.80E-05	1.36E-05	2016	5	May	2	Sunday	0.000794579	0.000787002	0.000838034	3.799649786
5/30/2016	0.000827286	99274.31581	5243.217858	1.338071191	9.93E-05	5.24E-06	2016	5	May	2	Monday	0.000798362	0.000789339	0.000839858	3.654241225
5/31/2016	0.000855482	102657.8249	13196.6653	3.408242205	0.000102658	1.32E-05	2016	5	May	2	Tuesday	0.000808294	0.00079303	0.000841834	3.675027508
6/1/2016	0.000878179	105381.4394	10048.7214	2.653099687	0.000105381	1.00E-05	2016	6	Jun	2	Wednesday	0.000823975	0.000797323	0.000842799	3.695468391
6/2/2016	0.000850386	102046.3093	4014.785737	-3.164817333	0.000102046	4.01E-06	2016	6	Jun	2	Thursday	0.000831777	0.000799181	0.000843243	3.608941464
6/3/2016	0.000832375	99884.99574	14448.7425	-2.117973295	9.99E-05	1.44E-05	2016	6	Jun	2	Friday	0.000835256	0.000801892	0.000843059	3.472856941
6/4/2016	0.00085849	103018.7722	6143.559509	3.137384565	0.000103019	6.14E-06	2016	6	Jun	2	Saturday	0.000845509	0.000804255	0.000842788	3.409930648
6/5/2016	0.000880588	105670.529	14070.81727	2.574052035	0.000105671	1.41E-05	2016	6	Jun	2	Sunday	0.000854684	0.000807318	0.000842494	3.433798616
6/6/2016	0.000880732	105687.8536	5311.575671	0.016394968	0.000105688	5.31E-06	2016	6	Jun	2	Monday	0.000862319	0.000811372	0.000842318	3.343404536
6/7/2016	0.000885761	106291.2606	14080.73768	0.57093318	0.000106291	1.41E-05	2016	6	Jun	2	Tuesday	0.000866644	0.000815096	0.000841881	3.332696418
6/8/2016	0.000933138	111976.5712	3537.055189	5.348803396	0.000111977	3.54E-06	2016	6	Jun	2	Wednesday	0.000874496	0.000820167	0.000842272	3.447922912
6/9/2016	0.000912228	109467.4022	10006.81532	-2.240798206	0.000109467	1.00E-05	2016	6	Jun	2	Thursday	0.00088333	0.000825133	0.000842516	3.446938965
6/10/2016	0.000933344	112001.3252	13701.47038	2.314774033	0.000112001	1.37E-05	2016	6	Jun	2	Friday	0.000897754	0.000830706	0.000843175	3.459728284
6/11/2016	0.000926752	111210.2993	15811.3757	-0.706264755	0.00011121	1.58E-05	2016	6	Jun	2	Saturday	0.000907506	0.000836425	0.000843719	3.446715519
6/12/2016	0.000919637	110356.4685	15351.05449	-0.767762345	0.000110356	1.54E-05	2016	6	Jun	2	Sunday	0.000913085	0.000841767	0.000843227	3.457631647
6/13/2016	0.000961919	115430.2929	14816.05344	4.597668328	0.00011543	1.48E-05	2016	6	Jun	2	Monday	0.000924683	0.000847813	0.000843965	3.510762391
6/14/2016	0.000995203	119424.3931	16311.33734	3.46018368	0.000119424	1.63E-05	2016	6	Jun	2	Tuesday	0.000940318	0.000853236	0.000844787	3.37133233
6/15/2016	0.001029149	123497.8643	6657.320616	3.410920584	0.000123498	6.66E-06	2016	6	Jun	2	Wednesday	0.000954033	0.000861105	0.000846615	3.248306395
6/16/2016	0.001085403	130248.3503	8349.194794	5.466075111	0.000130248	8.35E-06	2016	6	Jun	2	Thursday	0.000978773	0.000868466	0.000849239	2.998402683
6/17/2016	0.001087402	130488.2479	8439.487022	0.184184779	0.000130488	8.44E-06	2016	6	Jun	2	Friday	0.001000781	0.000878032	0.000851454	2.570085207
6/18/2016	0.001118591	134230.878	10100.39997	2.868174043	0.000134231	1.01E-05	2016	6	Jun	2	Saturday	0.001028186	0.000888772	0.000853982	2.573105694
6/19/2016	0.001105899	132707.9192	10244.84971	-1.134581548	0.000132708	1.02E-05	2016	6	Jun	2	Sunday	0.001054795	0.00089843	0.000856776	2.594151439
6/20/2016	0.001121453	134574.4088	12831.21757	1.406464348	0.000134574	1.28E-05	2016	6	Jun	2	Monday	0.001077586	0.000908272	0.000860002	2.594770128
6/21/2016	0.001116747	134009.6147	6591.339502	-0.419689051	0.00013401	6.59E-06	2016	6	Jun	2	Tuesday	0.001094949	0.000918607	0.000862911	2.529950029
6/22/2016	0.00112221	134665.1582	15210.37571	0.48917644	0.000134665	1.52E-05	2016	6	Jun	2	Wednesday	0.001108244	0.00092932	0.000866146	2.50890735
6/23/2016	0.001150396	138047.4779	6917.280913	2.511651676	0.000138047	6.92E-06	2016	6	Jun	2	Thursday	0.001117528	0.000941468	0.000869604	2.453967247
6/24/2016	0.001114468	133736.1517	8992.020017	-3.123074979	0.000133736	8.99E-06	2016	6	Jun	2	Friday	0.001121395	0.000953003	0.000872636	2.503168455
6/25/2016	0.001212971	145556.5007	13158.51373	8.838559305	0.000145557	1.32E-05	2016	6	Jun	2	Saturday	0.001134878	0.00096691	0.000876995	2.832956868
6/26/2016	0.001166295	139955.3772	17574.59802	-3.848075183	0.000139955	1.76E-05	2016	6	Jun	2	Sunday	0.001143506	0.000978852	0.000880008	2.993500358
6/27/2016	0.001112116	133453.899	15845.82326	-4.645393585	0.000133454	1.58E-05	2016	6	Jun	2	Monday	0.001142172	0.000989699	0.000882154	3.104404653
6/28/2016	0.001166011	139921.3568	15036.52587	4.846211165	0.000139921	1.50E-05	2016	6	Jun	2	Tuesday	0.001149209	0.001001354	0.000885683	3.141117004
6/29/2016	0.00120473	144567.5736	7039.398684	3.320591562	0.000144568	7.04E-06	2016	6	Jun	2	Wednesday	0.001160998	0.001013935	0.000889563	3.16397012
6/30/2016	0.00123642	148370.3968	14190.9521	2.63048144	0.00014837	1.42E-05	2016	6	Jun	2	Thursday	0.001173287	0.001026633	0.000894034	3.149324288
7/1/2016	0.001269158	152298.9931	6167.131493	2.647830299	0.000152299	6.17E-06	2016	7	Jul	3	Friday	0.001195386	0.001039666	0.000898538	3.14924536
7/2/2016	0.001269806	152376.7051	11471.46405	0.051025922	0.000152377	1.15E-05	2016	7	Jul	3	Saturday	0.001203505	0.001053646	0.000903339	3.045677798
7/3/2016	0.001226266	147151.9318	11716.52871	-3.428853017	0.000147152	1.17E-05	2016	7	Jul	3	Sunday	0.001212072	0.001066776	0.000907689	3.106531366
7/4/2016	0.001231221	147746.4731	5138.234164	0.404032251	0.000147746	5.14E-06	2016	7	Jul	3	Monday	0.001229087	0.0010792	0.000911896	3.092227425
7/5/2016	0.001199518	143942.1261	9050.875329	-2.5749156	0.000143942	9.05E-06	2016	7	Jul	3	Tuesday	0.001233874	0.001089831	0.000915408	3.158659173
7/6/2016	0.001248477	149817.2332	21675.24809	4.0815759	0.000149817	2.17E-05	2016	7	Jul	3	Wednesday	0.001240124	0.00110209	0.000919914	3.198266656
7/7/2016	0.001242396	149087.5639	21533.5984	-0.487039623	0.000149088	2.15E-05	2016	7	Jul	3	Thursday	0.001240977	0.001113977	0.000924467	3.211460819
7/8/2016	0.001203245	144389.4153	10436.35814	-3.151267926	0.000144389	1.04E-05	2016	7	Jul	3	Friday	0.001231561	0.001122981	0.000928751	3.206250834
7/9/2016	0.001189064	142687.7233	5018.614469	-1.178543491	0.000142688	5.02E-06	2016	7	Jul	3	Saturday	0.001220027	0.001132209	0.000933102	3.176092116
7/10/2016	0.001210077	145209.2415	7477.026082	1.767158515	0.000145209	7.48E-06	2016	7	Jul	3	Sunday	0.001217714	0.001141433	0.00093703	3.169458256
7/11/2016	0.00118428	142113.6039	10952.14621	-2.131846159	0.000142114	1.10E-05	2016	7	Jul	3	Monday	0.001211008	0.001150018	0.000940505	3.205124417
7/12/2016	0.001147111	137653.2648	19785.39431	-3.138572933	0.000137653	1.98E-05	2016	7	Jul	3	Tuesday	0.001203521	0.0011576	0.000944034	3.275349163
7/13/2016	0.001159506	139140.6703	6531.80399	1.080545018	0.000139141	6.53E-06	2016	7	Jul	3	Wednesday	0.001190811	0.001164186	0.000947347	3.196376761
7/14/2016	0.001172095	140651.3454	17106.28404	1.085717885	0.000140651	1.71E-05	2016	7	Jul	3	Thursday	0.001180768	0.001170083	0.000949942	3.154110458
7/15/2016	0.001149716	137965.8752	5938.314057	-1.909309994	0.000137966	5.94E-06	2016	7	Jul	3	Friday	0.001173121	0.001174102	0.000951837	3.139816697
7/16/2016	0.001129385	135526.1813	20024.11652	-1.768331444	0.000135526	2.00E-05	2016	7	Jul	3	Saturday	0.001164595	0.001175568	0.000954138	3.013945483
7/17/2016	0.001141057	136926.8496	10378.23089	1.033503887	0.000136927	1.04E-05	2016	7	Jul	3	Sunday	0.001154735	0.001177356	0.000956755	3.018013169
7/18/2016	0.001077918	129350.2013	15913.71528	-5.533354707	0.00012935	1.59E-05	2016	7	Jul	3	Monday	0.001139541	0.001176	0.000958137	3.149231192
7/19/2016	0.001019929	122391.4989	8703.373304	-5.379738393	0.000122391	8.70E-06	2016	7	Jul	3	Tuesday	0.001121372	0.001173135	0.00095916	3.290639098
7/20/2016	0.000992027	119043.2825	12537.67009	-2.735660924	0.000119043	1.25E-05	2016	7	Jul	3	Wednesday	0.001097447	0.00116882	0.000959677	3.307010587
7/21/2016	0.000984578	118149.3213	6266.868051	-0.750954745	0.000118149	6.27E-06	2016	7	Jul	3	Thursday	0.001070659	0.001164415	0.000959771	3.307785198
7/22/2016	0.000997896	119747.5243	5690.704395	1.352697539	0.000119748	5.69E-06	2016	7	Jul	3	Friday	0.00104897	0.001160271	0.000960397	3.319225889
7/23/2016	0.001059618	127154.1094	18128.06851	6.185167642	0.000127154	1.81E-05	2016	7	Jul	3	Saturday	0.001039003	0.001157245	0.000961723	3.4912714
7/24/2016	0.001097697	131723.6537	18456.81188	3.593705568	0.000131724	1.85E-05	2016	7	Jul	3	Sunday	0.001032809	0.001156686	0.000964733	3.513668911
7/25/2016	0.001091788	131014.5852	17883.00257	-0.538300065	0.000131015	1.79E-05	2016	7	Jul	3	Monday	0.00103479	0.001152647	0.000968038	3.09298214
7/26/2016	0.00109205	131045.9475	13766.64072	0.023938033	0.000131046	1.38E-05	2016	7	Jul	3	Tuesday	0.001045093	0.001150172	0.000971425	3.019916187
7/27/2016	0.001050173	126020.7822	16003.65453	-3.834659066	0.000126021	1.60E-05	2016	7	Jul	3	Wednesday	0.0010534	0.001148107	0.000974765	2.981920129
7/28/2016	0.001050446	126053.4856	4825.886153	0.025950823	0.000126053	4.83E-06	2016	7	Jul	3	Thursday	0.00106281	0.001144255	0.000977537	2.829512628
7/29/2016	0.001039426	124731.0676	8752.963383	-1.049092784	0.000124731	8.75E-06	2016	7	Jul	3	Friday	0.001068742	0.001138745	0.000980673	2.747532459
7/30/2016	0.001053984	126478.0408	8555.52802	1.400591898	0.000126478	8.56E-06	2016	7	Jul	3	Saturday	0.001067938	0.001132664	0.000984109	2.708820746
7/31/2016	0.001020699	122483.8844	13017.2735	-3.157984141	0.000122484	1.30E-05	2016	7	Jul	3	Sunday	0.001056938	0.001124382	0.000987124	2.683804527
8/1/2016	0.001043167	125180.0781	9102.460972	2.201264098	0.00012518	9.10E-06	2016	8	Aug	3	Monday	0.001049992	0.001116827	0.000989885	2.732513281
8/2/2016	0.001110234	133228.1247	6371.077344	6.429175219	0.000133228	6.37E-06	2016	8	Aug	3	Tuesday	0.00105259	0.001112959	0.000993876	2.965529781
8/3/2016	0.001106521	132782.5033	13487.52207	-0.334479959	0.000132783	1.35E-05	2016	8	Aug	3	Wednesday	0.00106064	0.001108803	0.000997419	2.962646737
8/4/2016	0.00112557	135068.3498	17251.74957	1.721496751	0.000135068	1.73E-05	2016	8	Aug	3	Thursday	0.001071371	0.001106338	0.001001162	2.953370261
8/5/2016	0.001158232	138987.8758	10542.90021	2.901883377	0.000138988	1.05E-05	2016	8	Aug	3	Friday	0.001088344	0.001103329	0.001005597	2.902222248
8/6/2016	0.001140933	136911.9319	6280.457793	-1.493615128	0.000136912	6.28E-06	2016	8	Aug	3	Saturday	0.001100765	0.001099947	0.001009673	2.911349117
8/7/2016	0.001152357	138282.8998	7412.320707	1.001350219	0.000138283	7.41E-06	2016	8	Aug	3	Sunday	0.001119574	0.001098251	0.0010138	2.86667098
8/8/2016	0.001154092	138490.9917	8101.445562	0.150482715	0.000138491	8.10E-06	2016	8	Aug	3	Monday	0.00113542	0.001097085	0.001018142	2.859759007
8/9/2016	0.001159769	139172.2431	9183.657781	0.49191032	0.000139172	9.18E-06	2016	8	Aug	3	Tuesday	0.001142496	0.001095408	0.001022516	2.841079238
8/10/2016	0.001125582	135069.834	14470.76184	-2.947720752	0.00013507	1.45E-05	2016	8	Aug	3	Wednesday	0.001145219	0.001093452	0.001026631	2.864978607
8/11/2016	0.001127813	135337.5923	13819.78957	0.198236927	0.000135338	1.38E-05	2016	8	Aug	3	Thursday	0.00114554	0.001092809	0.001030725	2.80835185
8/12/2016	0.001151656	138198.6679	15689.63719	2.114028735	0.000138199	1.57E-05	2016	8	Aug	3	Friday	0.0011446	0.001092547	0.001034849	2.82856476
8/13/2016	0.001221704	146604.4314	10775.46062	6.082376628	0.000146604	1.08E-05	2016	8	Aug	3	Saturday	0.001156139	0.001094201	0.001039173	3.03342124
8/14/2016	0.001270762	152491.4989	19653.06142	4.015613641	0.000152491	1.97E-05	2016	8	Aug	3	Sunday	0.001173054	0.001098235	0.001044481	3.084973573
8/15/2016	0.001386447	166373.6476	9065.786463	9.103555785	0.000166374	9.07E-06	2016	8	Aug	3	Monday	0.001206248	0.001106804	0.001050279	3.441833605
8/16/2016	0.001345883	161505.9922	13935.52673	-2.925737005	0.000161506	1.39E-05	2016	8	Aug	3	Tuesday	0.001232835	0.001113632	0.00105634	3.505602117
8/17/2016	0.001395068	167408.1882	21112.28968	3.654474934	0.000167408	2.11E-05	2016	8	Aug	3	Wednesday	0.001271333	0.001124203	0.001062992	3.348158824
8/18/2016	0.001406743	168809.144	8713.765573	0.836850201	0.000168809	8.71E-06	2016	8	Aug	3	Thursday	0.00131118	0.001137097	0.001069554	3.13032074
8/19/2016	0.001537056	184446.7619	7965.070329	9.263489858	0.000184447	7.97E-06	2016	8	Aug	3	Friday	0.001366238	0.001155265	0.001077452	3.377032389
8/20/2016	0.001489644	178757.2852	24318.5122	-3.084617292	0.000178757	2.43E-05	2016	8	Aug	3	Saturday	0.001404515	0.0011721	0.001085041	3.457165557
8/21/2016	0.001441881	173025.6871	12311.04747	-3.206357807	0.000173026	1.23E-05	2016	8	Aug	3	Sunday	0.00142896	0.0011869	0.001092164	3.560081994
8/22/2016	0.00140913	169095.6207	18949.60181	-2.271377415	0.000169096	1.89E-05	2016	8	Aug	3	Monday	0.001432201	0.00119855	0.001099088	3.493627862
8/23/2016	0.001295656	155478.6664	5137.300055	-8.052813078	0.000155479	5.14E-06	2016	8	Aug	3	Tuesday	0.001425025	0.001205149	0.001104946	3.827968228
8/24/2016	0.001269962	152395.38	17191.05633	-1.98309291	0.000152395	1.72E-05	2016	8	Aug	3	Wednesday	0.001407153	0.001211088	0.001110215	3.85210773
8/25/2016	0.001233211	147985.3114	10052.96146	-2.893833544	0.000147985	1.01E-05	2016	8	Aug	3	Thursday	0.001382363	0.001215793	0.001114939	3.90302062
8/26/2016	0.001241893	149027.1901	5467.644036	0.70404195	0.000149027	5.47E-06	2016	8	Aug	3	Friday	0.001340197	0.001222184	0.001119997	3.817083583
8/27/2016	0.001260246	151229.5698	15603.49368	1.477837513	0.00015123	1.56E-05	2016	8	Aug	3	Saturday	0.001307426	0.001229177	0.001124929	3.81836648
8/28/2016	0.001359822	163178.688	9610.64673	7.901310701	0.000163179	9.61E-06	2016	8	Aug	3	Sunday	0.001295703	0.001239857	0.001130846	4.022934516
8/29/2016	0.001413927	169671.2598	12965.74644	3.978811158	0.000169671	1.30E-05	2016	8	Aug	3	Monday	0.001296388	0.001251855	0.001137051	4.059675252
8/30/2016	0.001383055	165966.6149	6583.845402	-2.183425142	0.000165967	6.58E-06	2016	8	Aug	3	Tuesday	0.001308874	0.001263934	0.00114266	4.028517802
8/31/2016	0.00133557	160268.425	7638.327448	-3.433334972	0.000160268	7.64E-06	2016	8	Aug	3	Wednesday	0.001318246	0.001273681	0.001148051	4.105773239
9/1/2016	0.001363473	163616.7549	10758.99084	2.089201217	0.000163617	1.08E-05	2016	9	Sep	3	Thursday	0.001336855	0.001282122	0.001153952	3.979001194
9/2/2016	0.001294631	155355.7277	6334.030133	-5.049010573	0.000155356	6.33E-06	2016	9	Sep	3	Friday	0.001344389	0.001288392	0.001158798	4.114612094
9/3/2016	0.001394428	167331.3294	23309.11225	7.708503516	0.000167331	2.33E-05	2016	9	Sep	3	Saturday	0.001363558	0.001297354	0.001164508	4.311110507
9/4/2016	0.001463253	175590.3034	5395.12536	4.935700965	0.00017559	5.40E-06	2016	9	Sep	3	Sunday	0.001378334	0.001307522	0.00117098	4.360925885
9/5/2016	0.001437484	172498.1366	15190.74243	-1.761012308	0.000172498	1.52E-05	2016	9	Sep	3	Monday	0.001381699	0.001317407	0.00117711	4.366199347
9/6/2016	0.001343622	161234.6976	7221.652926	-6.529600356	0.000161235	7.22E-06	2016	9	Sep	3	Tuesday	0.001376066	0.001323782	0.001181671	4.569768998
9/7/2016	0.001419812	170377.3951	11401.90927	5.670428017	0.000170377	1.14E-05	2016	9	Sep	3	Wednesday	0.0013881	0.001332639	0.001187311	4.660734345
9/8/2016	0.001414736	169768.264	23958.91077	-0.357518755	0.000169768	2.40E-05	2016	9	Sep	3	Thursday	0.001395424	0.001341138	0.00119266	4.665228539
9/9/2016	0.001488033	178563.9868	8821.658493	5.181017128	0.000178564	8.82E-06	2016	9	Sep	3	Friday	0.001423053	0.00135322	0.001198896	4.677988891
9/10/2016	0.001397491	167698.8649	24467.24399	-6.084721845	0.000167699	2.45E-05	2016	9	Sep	3	Saturday	0.00142349	0.001362209	0.001204206	4.854270279
9/11/2016	0.001365749	163889.9063	8964.011726	-2.271308526	0.00016389	8.96E-06	2016	9	Sep	3	Sunday	0.001409561	0.001369346	0.001208693	4.880230471
9/12/2016	0.001367402	164088.2917	19524.52666	0.121048003	0.000164088	1.95E-05	2016	9	Sep	3	Monday	0.001399549	0.001374202	0.001212829	4.773023657
9/13/2016	0.001371345	164561.4194	15732.28098	0.28833727	0.000164561	1.57E-05	2016	9	Sep	3	Tuesday	0.00140351	0.001377555	0.001216631	4.726237374
9/14/2016	0.001348226	161787.0965	22025.28233	-1.685889008	0.000161787	2.20E-05	2016	9	Sep	3	Wednesday	0.001393283	0.001376281	0.001219551	4.439855048
9/15/2016	0.00138362	166034.4421	16018.86859	2.625268417	0.000166034	1.60E-05	2016	9	Sep	3	Thursday	0.001388838	0.001377539	0.001222842	4.429323162
9/16/2016	0.001327103	159252.4107	14993.15364	-4.084713576	0.000159252	1.50E-05	2016	9	Sep	3	Friday	0.001365848	0.001375274	0.001225159	4.445705867
9/17/2016	0.001320887	158506.4446	8472.955665	-0.468417428	0.000158506	8.47E-06	2016	9	Sep	3	Saturday	0.001354905	0.001372412	0.001227548	4.442893856
9/18/2016	0.001328586	159430.3386	7963.150573	0.582874669	0.00015943	7.96E-06	2016	9	Sep	3	Sunday	0.001349596	0.001365463	0.001229849	4.078774139
9/19/2016	0.001357565	162907.8382	22803.62711	2.181203222	0.000162908	2.28E-05	2016	9	Sep	3	Monday	0.00134819	0.00136106	0.001232525	4.072763515
9/20/2016	0.001398161	167779.2666	11633.91231	2.990297124	0.000167779	1.16E-05	2016	9	Sep	3	Tuesday	0.001352021	0.001359603	0.001235591	4.0736931
9/21/2016	0.001337994	160559.3318	11985.73334	-4.303234236	0.000160559	1.20E-05	2016	9	Sep	3	Wednesday	0.00135056	0.001357231	0.001237676	4.128889054
9/22/2016	0.001259616	151153.9685	18316.66241	-5.857873995	0.000151154	1.83E-05	2016	9	Sep	3	Thursday	0.001332845	0.00135603	0.001239288	4.000371926
9/23/2016	0.001326991	159238.973	11251.6376	5.348853652	0.000159239	1.13E-05	2016	9	Sep	3	Friday	0.001332829	0.001357931	0.001240555	4.098871927
9/24/2016	0.001346094	161531.2479	23300.47765	1.439518747	0.000161531	2.33E-05	2016	9	Sep	3	Saturday	0.00133643	0.001361694	0.001242553	4.061269199
9/25/2016	0.001307697	156923.6134	18603.50343	-2.852472562	0.000156924	1.86E-05	2016	9	Sep	3	Sunday	0.001333446	0.001363887	0.001244726	4.102931188
9/26/2016	0.001392796	167135.5612	16996.26744	6.507591576	0.000167136	1.70E-05	2016	9	Sep	3	Monday	0.001338479	0.001368306	0.001247246	4.254657161
9/27/2016	0.001400656	168078.6815	22809.5241	0.564284659	0.000168079	2.28E-05	2016	9	Sep	3	Tuesday	0.001338835	0.001369667	0.001249423	4.013902336
9/28/2016	0.001469779	176373.5342	6341.106352	4.935101	0.000176374	6.34E-06	2016	9	Sep	3	Wednesday	0.001357661	0.001371529	0.001252016	4.048786409
9/29/2016	0.001475229	177027.4559	10771.68221	0.370759545	0.000177027	1.08E-05	2016	9	Sep	3	Thursday	0.001388463	0.001374601	0.001254305	4.023536121
9/30/2016	0.001603587	192430.4435	16511.37107	8.700903176	0.00019243	1.65E-05	2016	9	Sep	3	Friday	0.001427977	0.001383535	0.001258014	4.240067155
10/1/2016	0.001721949	206633.8506	11827.18947	7.38106035	0.000206634	1.18E-05	2016	10	Oct	4	Saturday	0.00148167	0.001395484	0.001263522	4.406746524
10/2/2016	0.001706591	204790.9748	24425.13745	-0.891855755	0.000204791	2.44E-05	2016	10	Oct	4	Sunday	0.001538655	0.001409216	0.001268804	4.277532429
10/3/2016	0.001775995	213119.4191	29901.71237	4.066802433	0.000213119	2.99E-05	2016	10	Oct	4	Monday	0.001593398	0.001421935	0.001275209	4.130098429
10/4/2016	0.001824263	218911.5353	17699.52616	2.717779632	0.000218912	1.77E-05	2016	10	Oct	4	Tuesday	0.001653913	0.001433969	0.001281607	4.074686624
10/5/2016	0.001928845	231461.3632	16446.69826	5.732830805	0.000231461	1.64E-05	2016	10	Oct	4	Wednesday	0.001719494	0.001450347	0.001289234	4.140336212
10/6/2016	0.001857672	222920.6823	32409.5659	-3.68989483	0.000222921	3.24E-05	2016	10	Oct	4	Thursday	0.001774129	0.001467482	0.001296505	3.990412938
10/7/2016	0.001911267	229352.0323	19123.89811	2.885039587	0.000229352	1.91E-05	2016	10	Oct	4	Friday	0.001818083	0.001483864	0.00130453	3.913559258
10/8/2016	0.001995916	239509.9741	21241.13559	4.428973977	0.00023951	2.12E-05	2016	10	Oct	4	Saturday	0.001857221	0.001503237	0.001313261	3.950785035
10/9/2016	0.001862191	223462.9172	16133.57228	-6.699953473	0.000223463	1.61E-05	2016	10	Oct	4	Sunday	0.00187945	0.001515709	0.001320794	4.132246617
10/10/2016	0.001777883	213345.9745	29686.19988	-4.527347475	0.000213346	2.97E-05	2016	10	Oct	4	Monday	0.00187972	0.001528389	0.001327802	4.051339622
10/11/2016	0.001640259	196831.0712	19343.50621	-7.740902229	0.000196831	1.93E-05	2016	10	Oct	4	Tuesday	0.001853433	0.001537539	0.001333144	4.312886292
10/12/2016	0.001624301	194916.1724	23674.70356	-0.972864097	0.000194916	2.37E-05	2016	10	Oct	4	Wednesday	0.001809927	0.001546102	0.001338168	4.322582517
10/13/2016	0.00167327	200792.3463	25584.31948	3.014718515	0.000200792	2.56E-05	2016	10	Oct	4	Thursday	0.001783584	0.001556166	0.001343986	4.342986378
10/14/2016	0.001778684	213442.0897	15159.05956	6.299913124	0.000213442	1.52E-05	2016	10	Oct	4	Friday	0.001764644	0.001570515	0.0013512	4.431941094
10/15/2016	0.001785748	214289.8086	17581.04728	0.397165743	0.00021429	1.76E-05	2016	10	Oct	4	Saturday	0.001734619	0.001583919	0.001358363	4.422820999
10/16/2016	0.00190786	228943.2065	30178.51804	6.838121723	0.000228943	3.02E-05	2016	10	Oct	4	Sunday	0.001741144	0.001603278	0.001367585	4.443731158
10/17/2016	0.001807199	216863.887	15959.15272	-5.276120519	0.000216864	1.60E-05	2016	10	Oct	4	Monday	0.001745332	0.001619488	0.001376332	4.594317002
10/18/2016	0.001689855	202782.6286	25403.02926	-6.493131975	0.000202783	2.54E-05	2016	10	Oct	4	Tuesday	0.001752417	0.001631531	0.001384086	4.801526965
10/19/2016	0.001687792	202534.9982	28946.11536	-0.122116173	0.000202535	2.89E-05	2016	10	Oct	4	Wednesday	0.001761487	0.001642538	0.001391899	4.799021532
10/20/2016	0.001715636	205876.2624	21572.79455	1.649721873	0.000205876	2.16E-05	2016	10	Oct	4	Thursday	0.001767539	0.001653121	0.001399874	4.784525595
10/21/2016	0.001715108	205812.9055	24490.76319	-0.030774256	0.000205813	2.45E-05	2016	10	Oct	4	Friday	0.001758457	0.001665691	0.001407158	4.690194929
10/22/2016	0.001580558	189666.9893	24014.05567	-7.844948395	0.000189667	2.40E-05	2016	10	Oct	4	Saturday	0.001729144	0.001676389	0.001412523	4.802163477
10/23/2016	0.00157651	189181.1544	24859.30379	-0.256151529	0.000189181	2.49E-05	2016	10	Oct	4	Sunday	0.001681808	0.001684706	0.001417908	4.730448209
10/24/2016	0.001497856	179742.6786	13913.23378	-4.989120512	0.000179743	1.39E-05	2016	10	Oct	4	Monday	0.001637616	0.001689765	0.001422417	4.839414372
10/25/2016	0.00154006	184807.2087	6681.079079	2.817655866	0.000184807	6.68E-06	2016	10	Oct	4	Tuesday	0.001616217	0.001697511	0.001427861	4.815842465
10/26/2016	0.001564373	187724.8068	14684.80165	1.578725226	0.000187725	1.47E-05	2016	10	Oct	4	Wednesday	0.001598586	0.00170323	0.001433571	4.691918829
10/27/2016	0.00150816	180979.1634	20061.67556	-3.593368135	0.000180979	2.01E-05	2016	10	Oct	4	Thursday	0.001568946	0.001706813	0.001438779	4.750829905
10/28/2016	0.001478955	177474.5518	14915.3245	-1.936472417	0.000177475	1.49E-05	2016	10	Oct	4	Friday	0.00153521	0.001707119	0.001443501	4.687685819
10/29/2016	0.001419021	170282.477	20412.71037	-4.052454115	0.000170282	2.04E-05	2016	10	Oct	4	Saturday	0.001512133	0.001705245	0.001447927	4.748921212
10/30/2016	0.001416884	170026.0267	12384.33729	-0.150602869	0.000170026	1.24E-05	2016	10	Oct	4	Sunday	0.00148933	0.001699022	0.001452079	4.454218595
10/31/2016	0.001473537	176824.4118	18773.32348	3.998437897	0.000176824	1.88E-05	2016	10	Oct	4	Monday	0.001485856	0.001690742	0.001456116	4.292554398
11/1/2016	0.001417984	170158.1289	8911.245289	-3.770001466	0.000170158	8.91E-06	2016	11	Nov	4	Tuesday	0.001468416	0.001681121	0.001459577	4.335228354
11/2/2016	0.001448311	173797.3622	20842.53263	2.138736065	0.000173797	2.08E-05	2016	11	Nov	4	Wednesday	0.001451836	0.001670199	0.001463163	4.278747318
11/3/2016	0.001419334	170320.1209	16262.76404	-2.000744544	0.00017032	1.63E-05	2016	11	Nov	4	Thursday	0.001439147	0.001656701	0.001466064	4.239573641
11/4/2016	0.001376402	165168.2774	8999.643947	-3.024800292	0.000165168	9.00E-06	2016	11	Nov	4	Friday	0.001424496	0.001638286	0.00146868	4.076485691
11/5/2016	0.001371893	164627.213	10705.59915	-0.32758371	0.000164627	1.07E-05	2016	11	Nov	4	Saturday	0.001417764	0.001622094	0.001471119	4.047162388
11/6/2016	0.001317561	158107.299	18946.47908	-3.960410883	0.000158107	1.89E-05	2016	11	Nov	4	Sunday	0.001403575	0.001602303	0.001472936	4.017787604
11/7/2016	0.001289992	154799.0676	13608.71858	-2.092396376	0.000154799	1.36E-05	2016	11	Nov	4	Monday	0.001377354	0.001578773	0.001474383	3.87936463
11/8/2016	0.00123087	147704.3768	8260.186016	-4.583161193	0.000147704	8.26E-06	2016	11	Nov	4	Tuesday	0.001350623	0.001557729	0.001475552	3.7974827
11/9/2016	0.001332837	159940.493	23362.91452	8.284193393	0.00015994	2.34E-05	2016	11	Nov	4	Wednesday	0.001334127	0.001542894	0.001477831	4.12806067
11/10/2016	0.001336054	160326.5014	18568.21414	0.241344977	0.000160327	1.86E-05	2016	11	Nov	4	Thursday	0.00132223	0.001532754	0.001479879	3.92226704
11/11/2016	0.001300478	156057.3159	22605.86662	-2.662807122	0.000156057	2.26E-05	2016	11	Nov	4	Friday	0.001311384	0.001521959	0.001480755	3.939794832
11/12/2016	0.001312969	157556.2513	12801.85592	0.960503148	0.000157556	1.28E-05	2016	11	Nov	4	Saturday	0.001302966	0.001509949	0.001481224	3.891212386
11/13/2016	0.00130839	157006.8482	13661.4863	-0.348702813	0.000157007	1.37E-05	2016	11	Nov	4	Sunday	0.001301656	0.001494273	0.001480356	3.65932419
11/14/2016	0.001298174	155780.9166	21459.5419	-0.780814083	0.000155781	2.15E-05	2016	11	Nov	4	Monday	0.001302825	0.00147802	0.001479826	3.650638718
11/15/2016	0.001331792	159815.0657	14863.74735	2.589629845	0.000159815	1.49E-05	2016	11	Nov	4	Tuesday	0.001317242	0.001458818	0.001479123	3.410910768
11/16/2016	0.001374137	164896.436	18942.2257	3.179531417	0.000164896	1.89E-05	2016	11	Nov	4	Wednesday	0.001323142	0.001444383	0.001478761	3.406237564
11/17/2016	0.001346631	161595.7054	9737.877644	-2.001699167	0.000161596	9.74E-06	2016	11	Nov	4	Thursday	0.001324653	0.001432942	0.001476645	3.244649676
11/18/2016	0.001317285	158074.247	13216.14143	-2.179178186	0.000158074	1.32E-05	2016	11	Nov	4	Friday	0.001327054	0.001420592	0.00147473	3.253673419
11/19/2016	0.001304175	156501.0584	7013.435909	-0.995221356	0.000156501	7.01E-06	2016	11	Nov	4	Saturday	0.001325798	0.001406876	0.0014732	3.22147641
11/20/2016	0.001190644	142877.258	7817.901268	-8.70524487	0.000142877	7.82E-06	2016	11	Nov	4	Sunday	0.001308977	0.001389394	0.001470772	3.519971012
11/21/2016	0.001121746	134609.5389	4053.525292	-5.786588553	0.00013461	4.05E-06	2016	11	Nov	4	Monday	0.001283773	0.001374101	0.00146884	3.403069416
11/22/2016	0.001185971	142316.4721	4940.061797	5.725398936	0.000142316	4.94E-06	2016	11	Nov	4	Tuesday	0.001262941	0.001361083	0.001467907	3.621255044
11/23/2016	0.001267898	152147.7309	22407.41387	6.908025979	0.000152148	2.24E-05	2016	11	Nov	4	Wednesday	0.001247764	0.001353417	0.001468292	3.802735622
11/24/2016	0.001256586	150790.359	8909.062854	-0.892140754	0.00015079	8.91E-06	2016	11	Nov	4	Thursday	0.001234901	0.001343968	0.001468455	3.751632069
11/25/2016	0.001287189	154462.7242	16928.69522	2.435411116	0.000154463	1.69E-05	2016	11	Nov	4	Friday	0.001230601	0.001334729	0.001468755	3.772055439
11/26/2016	0.001304619	156554.283	20460.38669	1.354086441	0.000156554	2.05E-05	2016	11	Nov	4	Saturday	0.001230665	0.001327944	0.001468141	3.743788003
11/27/2016	0.001477079	177249.4457	17029.99471	13.21916101	0.000177249	1.70E-05	2016	11	Nov	4	Sunday	0.001271584	0.001327882	0.001468843	4.481252575
11/28/2016	0.001546276	185553.0889	8976.564872	4.684721675	0.000185553	8.98E-06	2016	11	Nov	4	Monday	0.001332231	0.001332123	0.001470657	4.486617849
11/29/2016	0.001539923	184790.792	21689.62933	-0.410824165	0.000184791	2.17E-05	2016	11	Nov	4	Tuesday	0.001382796	0.001336225	0.001472927	4.487934201
11/30/2016	0.001483658	178039.0153	18165.35086	-3.65374086	0.000178039	1.82E-05	2016	11	Nov	4	Wednesday	0.001413619	0.001336562	0.001474263	4.492244389
12/1/2016	0.001392712	167125.4722	19679.03617	-6.129860431	0.000167125	1.97E-05	2016	12	Dec	4	Thursday	0.001433065	0.00133572	0.001475352	4.582432121
12/2/2016	0.001405498	168659.7558	20638.82596	0.918042943	0.00016866	2.06E-05	2016	12	Dec	4	Friday	0.001449966	0.001334293	0.001475475	4.568547652
12/3/2016	0.001364977	163797.249	24086.26165	-2.883027293	0.000163797	2.41E-05	2016	12	Dec	4	Saturday	0.001458589	0.001332481	0.001474383	4.584674667
12/4/2016	0.001290781	154893.7236	15307.77397	-5.43569894	0.000154894	1.53E-05	2016	12	Dec	4	Sunday	0.001431975	0.001329627	0.001472753	4.659488278
12/5/2016	0.001259084	151090.0947	10726.93341	-2.455637881	0.00015109	1.07E-05	2016	12	Dec	4	Monday	0.001390948	0.001325866	0.001471814	4.67905715
12/6/2016	0.001206982	144837.785	15615.79396	-4.138133385	0.000144838	1.56E-05	2016	12	Dec	4	Tuesday	0.001343385	0.00132218	0.001469449	4.684115795
12/7/2016	0.001292539	155104.6511	5926.996214	7.088527413	0.000155105	5.93E-06	2016	12	Dec	4	Wednesday	0.001316082	0.001322265	0.001468092	4.85228562
12/8/2016	0.001340274	160832.8534	22144.70216	3.693120877	0.000160833	2.21E-05	2016	12	Dec	4	Thursday	0.001308591	0.001325912	0.00146645	4.810869793
12/9/2016	0.001341187	160942.4331	7133.889443	0.068132634	0.000160942	7.13E-06	2016	12	Dec	4	Friday	0.001299403	0.00132619	0.001465824	4.574260054
12/10/2016	0.001424403	170928.3577	11852.36727	6.204656201	0.000170928	1.19E-05	2016	12	Dec	4	Saturday	0.001307893	0.001329135	0.001466476	4.707339212
12/11/2016	0.001430247	171629.6985	21949.627	0.410312718	0.00017163	2.19E-05	2016	12	Dec	4	Sunday	0.001327817	0.001333461	0.001467174	4.673530266
12/12/2016	0.001383195	165983.4147	16876.77623	-3.289805786	0.000165983	1.69E-05	2016	12	Dec	4	Monday	0.001345547	0.001335802	0.001467306	4.720809132
12/13/2016	0.001471557	176586.8521	13638.90845	6.388251128	0.000176587	1.36E-05	2016	12	Dec	4	Tuesday	0.001383343	0.001341241	0.001468676	4.848395048
12/14/2016	0.001505127	180615.2787	15679.62399	2.281272096	0.000180615	1.57E-05	2016	12	Dec	4	Wednesday	0.001413713	0.001348139	0.001470026	4.852637346
12/15/2016	0.001445402	173448.2685	22989.81994	-3.968108463	0.000173448	2.30E-05	2016	12	Dec	4	Thursday	0.001428731	0.001351926	0.001471341	4.907607826
12/16/2016	0.001435875	172304.9451	12199.2808	-0.659172575	0.000172305	1.22E-05	2016	12	Dec	4	Friday	0.001442258	0.001353984	0.001472618	4.882286617
12/17/2016	0.001387841	166540.9314	22376.10017	-3.345239851	0.000166541	2.24E-05	2016	12	Dec	4	Saturday	0.001437035	0.001355358	0.001473277	4.909831139
12/18/2016	0.001314475	157737.0056	6400.357514	-5.286343601	0.000157737	6.40E-06	2016	12	Dec	4	Sunday	0.001420496	0.001355264	0.001472798	4.994127583
12/19/2016	0.001365451	163854.0719	20189.4126	3.878016025	0.000163854	2.02E-05	2016	12	Dec	4	Monday	0.001417961	0.001357307	0.001472435	5.035968599
12/20/2016	0.0014753	177035.9628	23316.64824	8.044896774	0.000177036	2.33E-05	2016	12	Dec	4	Tuesday	0.001418496	0.001366795	0.00147396	4.933624543
12/21/2016	0.001396429	167571.5106	8683.240365	-5.346061969	0.000167572	8.68E-06	2016	12	Dec	4	Wednesday	0.001402967	0.001375951	0.00147548	4.913861192
12/22/2016	0.001429661	171559.2964	14006.37269	2.37975167	0.000171559	1.40E-05	2016	12	Dec	4	Thursday	0.001400719	0.001384074	0.001476621	4.836684421
12/23/2016	0.001394327	167319.1816	8342.529872	-2.471515581	0.000167319	8.34E-06	2016	12	Dec	4	Friday	0.001394783	0.001388288	0.001477157	4.725801549
12/24/2016	0.001368789	164254.6948	18855.20631	-1.831521532	0.000164255	1.89E-05	2016	12	Dec	4	Saturday	0.001392062	0.001392029	0.001477836	4.737911043
12/25/2016	0.001338073	160568.7955	15132.28142	-2.244014569	0.000160569	1.51E-05	2016	12	Dec	4	Sunday	0.001395433	0.001393725	0.001477228	4.745321756
12/26/2016	0.001293913	155269.5832	16495.65444	-3.300275329	0.00015527	1.65E-05	2016	12	Dec	4	Monday	0.001385213	0.001393368	0.001476042	4.783421126
12/27/2016	0.001297724	155726.8822	8343.602796	0.29451937	0.000155727	8.34E-06	2016	12	Dec	4	Tuesday	0.001359845	0.001387389	0.00147413	4.091206637
12/28/2016	0.001256555	150786.6182	8355.011641	-3.172389957	0.000150787	8.36E-06	2016	12	Dec	4	Wednesday	0.001339863	0.001377732	0.0014717	4.008409715
12/29/2016	0.001271494	152579.2275	5337.172411	1.188838475	0.000152579	5.34E-06	2016	12	Dec	4	Thursday	0.001317268	0.001368784	0.00146801	4.021801025
12/30/2016	0.001270211	152425.2728	10463.70601	-0.100901498	0.000152425	1.05E-05	2016	12	Dec	4	Friday	0.001299537	0.001361669	0.001462991	3.979619728
12/31/2016	0.001259387	151126.395	14684.85499	-0.85214071	0.000151126	1.47E-05	2016	12	Dec	4	Saturday	0.001283908	0.001357225	0.001458022	3.833417078
1/1/2017	0.001215703	145884.3221	19395.64006	-3.468668008	0.000145884	1.94E-05	2017	1	Jan	1	Sunday	0.001266427	0.001350899	0.001451797	3.870233028
1/2/2017	0.005578721	669446.5666	73660.07178	358.8886297	0.000669447	7.37E-05	2017	1	Jan	1	Monday	0.001878542	0.001491357	0.001493513	65.69570171
1/3/2017	0.010284352	1234122.189	101503.5373	84.34961813	0.001234122	0.000101504	2017	1	Jan	1	Tuesday	0.003162346	0.001791143	0.001586352	66.92424199
1/4/2017	0.015128011	1815361.326	262091.7271	47.09737351	0.001815361	0.000262092	2017	1	Jan	1	Wednesday	0.005143982	0.00225344	0.0017338	67.09901241
1/5/2017	0.019014554	2281746.502	265388.6216	25.69103846	0.002281747	0.000265389	2017	1	Jan	1	Thursday	0.007678705	0.002847026	0.001923837	67.00676646
1/6/2017	0.023583662	2830039.456	400789.6907	24.02952973	0.002830039	0.00040079	2017	1	Jan	1	Friday	0.010866341	0.003590063	0.0021637	66.98923772
1/7/2017	0.028942995	3473159.374	324082.435	22.72476858	0.003473159	0.000324082	2017	1	Jan	1	Saturday	0.014821143	0.004510154	0.002464598	66.94062941
1/8/2017	0.031422117	3770654.053	230268.2359	8.565534924	0.003770654	0.000230268	2017	1	Jan	1	Sunday	0.019136345	0.005512852	0.002793979	66.8779581
1/9/2017	0.03656566	4387879.16	159452.0287	16.36917888	0.004387879	0.000159452	2017	1	Jan	1	Monday	0.02356305	0.006684227	0.003182039	66.83784346
1/10/2017	0.039954512	4794541.5	561585.5193	9.267856415	0.004794541	0.000561586	2017	1	Jan	1	Tuesday	0.027801644	0.007968369	0.00360793	66.77193009
1/11/2017	0.045331388	5439766.515	242376.1939	13.45749151	0.005439767	0.000242376	2017	1	Jan	1	Wednesday	0.032116413	0.009433309	0.00409302	66.64555006
1/12/2017	0.04829745	5795694.042	384445.8621	6.543066248	0.005795694	0.000384446	2017	1	Jan	1	Thursday	0.036299683	0.010994172	0.004609895	66.64446878
1/13/2017	0.048969118	5876294.156	551763.5068	1.3906896	0.005876294	0.000551764	2017	1	Jan	1	Friday	0.039926177	0.012576305	0.005134155	66.65281611
1/14/2017	0.049671492	5960579.065	582527.3356	1.434320784	0.005960579	0.000582527	2017	1	Jan	1	Saturday	0.042887391	0.014183841	0.005664862	66.59327382
1/15/2017	0.053570758	6428490.953	656155.9664	7.85010791	0.006428491	0.000656156	2017	1	Jan	1	Sunday	0.046051483	0.015921671	0.006240013	66.51981017
1/16/2017	0.057981198	6957743.725	347543.7495	8.23292395	0.006957744	0.000347544	2017	1	Jan	1	Monday	0.049110845	0.017808116	0.006865472	66.41078586
1/17/2017	0.059642909	7157149.073	540854.938	2.865948455	0.007157149	0.000540855	2017	1	Jan	1	Tuesday	0.051923473	0.019752397	0.007509418	66.31703232
1/18/2017	0.065011469	7801376.295	811837.0184	9.001170932	0.007801376	0.000811837	2017	1	Jan	1	Wednesday	0.054734913	0.021873931	0.008212705	66.27785015
1/19/2017	0.064417768	7730132.203	1131523.33	-0.913224663	0.007730132	0.001131523	2017	1	Jan	1	Thursday	0.057037816	0.023972013	0.008909401	66.3594282
1/20/2017	0.067831917	8139830.094	954930.1626	5.300011433	0.00813983	0.00095493	2017	1	Jan	1	Friday	0.059732502	0.02618653	0.009645527	66.24242557
1/21/2017	0.068045891	8165506.951	1148988.496	0.315447098	0.008165507	0.001148988	2017	1	Jan	1	Saturday	0.062357416	0.028407071	0.010384076	66.26381015
1/22/2017	0.069634663	8356159.502	1014984.649	2.334852591	0.00835616	0.001014985	2017	1	Jan	1	Sunday	0.064652259	0.030681748	0.011141151	66.21035062
1/23/2017	0.073119812	8774377.392	886265.0811	5.004905543	0.008774377	0.000886265	2017	1	Jan	1	Monday	0.066814918	0.033073449	0.011936482	66.13944453
1/24/2017	0.073892073	8867048.802	470333.1343	1.056159377	0.008867049	0.000470333	2017	1	Jan	1	Tuesday	0.068850513	0.035491916	0.012740123	66.10114369
1/25/2017	0.075966904	9116028.497	1002783.903	2.807920665	0.009116028	0.001002784	2017	1	Jan	1	Wednesday	0.070415576	0.037981016	0.013567442	66.03080424
1/26/2017	0.082427977	9891357.256	1036669.117	8.505115562	0.009891357	0.001036669	2017	1	Jan	1	Thursday	0.072988462	0.040685357	0.014466876	65.95505826
1/27/2017	0.083818819	10058258.23	1028922.606	1.687341479	0.010058258	0.001028923	2017	1	Jan	1	Friday	0.075272306	0.043437433	0.015382429	65.89655463
1/28/2017	0.090057068	10806848.16	959370.4255	7.442540371	0.010806848	0.00095937	2017	1	Jan	1	Saturday	0.078416759	0.046396952	0.01636732	65.8371563
1/29/2017	0.08932381	10718857.2	1001557.073	-0.814214851	0.010718857	0.001001557	2017	1	Jan	1	Sunday	0.081229495	0.049332072	0.017343434	65.84575172
1/30/2017	0.094558726	11347047.12	795803.6271	5.860605376	0.011347047	0.000795804	2017	1	Jan	1	Monday	0.084292197	0.05244205	0.018378332	65.77489067
1/31/2017	0.103697377	12443685.27	1148770.202	9.664524512	0.012443685	0.00114877	2017	1	Jan	1	Tuesday	0.088550097	0.055858106	0.019514432	65.637847
2/1/2017	0.097136007	11656320.86	626022.6289	-6.327421401	0.011656321	0.000626023	2017	2	Feb	1	Wednesday	0.091574255	0.058910015	0.020577951	17.30126133
2/2/2017	0.097194513	11663341.54	1476823.125	0.060230609	0.011663342	0.001476823	2017	2	Feb	1	Thursday	0.09368376	0.061807021	0.021642597	10.48452511
2/3/2017	0.102648895	12317867.43	644141.1306	5.611821341	0.012317867	0.000644141	2017	2	Feb	1	Friday	0.096373771	0.064724383	0.022767897	7.486899468
2/4/2017	0.104983796	12598055.53	506390.8703	2.274647808	0.012598056	0.000506391	2017	2	Feb	1	Saturday	0.098506161	0.067590025	0.023919744	6.624090926
2/5/2017	0.10977288	13172745.64	1084769.322	4.561736645	0.013172746	0.001084769	2017	2	Feb	1	Sunday	0.101427456	0.070462999	0.025125109	5.690075732
2/6/2017	0.110300846	13236101.56	1442693.942	0.480962124	0.013236102	0.001442694	2017	2	Feb	1	Monday	0.103676331	0.073174927	0.026336998	4.722251384
2/7/2017	0.113848917	13661870.03	1127459.746	3.216721107	0.01366187	0.00112746	2017	2	Feb	1	Tuesday	0.105126551	0.075922487	0.027587176	4.670520801
2/8/2017	0.116294078	13955289.38	882120.7611	2.147724615	0.013955289	0.000882121	2017	2	Feb	1	Wednesday	0.107863418	0.078580101	0.028864488	4.110878922
2/9/2017	0.125164314	15019717.69	1456620.364	7.62741845	0.015019718	0.00145662	2017	2	Feb	1	Thursday	0.111859104	0.081420428	0.030240753	4.048983716
2/10/2017	0.129794127	15575295.18	1115818.512	3.698987554	0.015575295	0.001115819	2017	2	Feb	1	Friday	0.115736994	0.084235852	0.031668321	3.629611191
2/11/2017	0.134960505	16195260.63	2298822.064	3.980441106	0.016195261	0.002298822	2017	2	Feb	1	Saturday	0.120019381	0.087124621	0.033153345	3.588632116
2/12/2017	0.136107955	16332954.54	2298331.171	0.850211119	0.016332955	0.002298331	2017	2	Feb	1	Sunday	0.123781535	0.090029249	0.034651231	3.601156928
2/13/2017	0.136773401	16412808.11	1481824.117	0.488910725	0.016412808	0.001481824	2017	2	Feb	1	Monday	0.127563328	0.092932646	0.036156138	3.624167531
2/14/2017	0.137671504	16520580.44	1145637.481	0.65663557	0.01652058	0.001145637	2017	2	Feb	1	Tuesday	0.130966555	0.095736004	0.037670553	3.56360608
2/15/2017	0.143163221	17179586.55	2035023.209	3.989000948	0.017179587	0.002035023	2017	2	Feb	1	Wednesday	0.134805004	0.098575405	0.039246293	3.44136508
2/16/2017	0.144026141	17283136.88	594635.8859	0.60275217	0.017283137	0.000594636	2017	2	Feb	1	Thursday	0.13749955	0.101388179	0.040831947	3.471676036
2/17/2017	0.149003149	17880377.83	1555097.24	3.455628135	0.017880378	0.001555097	2017	2	Feb	1	Friday	0.140243696	0.104187902	0.042473046	3.285946832
2/18/2017	0.16549111	19858933.17	1397250.852	11.06551195	0.019858933	0.001397251	2017	2	Feb	1	Saturday	0.144605211	0.107557013	0.044298607	3.531011337
2/19/2017	0.175084236	21010108.37	2951170.296	5.796762558	0.021010108	0.00295117	2017	2	Feb	1	Sunday	0.150173252	0.11113209	0.046231524	3.542086227
2/20/2017	0.176499669	21179960.31	665905.6463	0.808429622	0.02117996	0.000665906	2017	2	Feb	1	Monday	0.155848433	0.114747216	0.048179454	3.529025398
2/21/2017	0.189060017	22687202.05	2185634.795	7.1163577	0.022687202	0.002185635	2017	2	Feb	1	Tuesday	0.163189649	0.118728062	0.050266033	3.591974184
2/22/2017	0.189816529	22777983.47	2707838.241	0.400143773	0.022777983	0.002707838	2017	2	Feb	1	Wednesday	0.169854407	0.122617952	0.052361143	3.621324944
2/23/2017	0.178481221	21417746.48	1889091.47	-5.971718244	0.021417746	0.001889091	2017	2	Feb	1	Thursday	0.174776562	0.126104257	0.054329966	3.980484007
2/24/2017	0.174820178	20978421.33	844347.13	-2.051220224	0.020978421	0.000844347	2017	2	Feb	1	Friday	0.178464709	0.129399366	0.056257917	4.088418212
2/25/2017	0.165369868	19844384.14	2911079.21	-5.405731809	0.019844384	0.002911079	2017	2	Feb	1	Saturday	0.178447388	0.132164096	0.058078948	4.217173572
2/26/2017	0.166177256	19941270.7	1837812.469	0.488231621	0.019941271	0.001837812	2017	2	Feb	1	Sunday	0.177174962	0.134909377	0.059908181	4.230142591
2/27/2017	0.16942441	20330929.25	2108365.127	1.954030714	0.020330929	0.002108365	2017	2	Feb	1	Monday	0.176164211	0.137554955	0.061773564	4.121494973
2/28/2017	0.184523079	22142769.51	1292986.591	8.911743458	0.02214277	0.001292987	2017	2	Feb	1	Tuesday	0.175516077	0.140728264	0.063807335	4.255774792
3/1/2017	0.190350531	22842063.74	2010553.201	3.158115462	0.022842064	0.002010553	2017	3	Mar	1	Wednesday	0.175592363	0.143921324	0.065906866	4.21129702
3/2/2017	0.192065064	23047807.68	1878348.825	0.900723965	0.023047808	0.001878349	2017	3	Mar	1	Thursday	0.177532912	0.146866914	0.068025306	3.991354139
3/3/2017	0.202040066	24244807.97	945244.4758	5.193553788	0.024244808	0.000945244	2017	3	Mar	1	Friday	0.181421468	0.150363716	0.070255029	3.69030295
3/4/2017	0.188144412	22577329.47	964937.9574	-6.877672543	0.022577329	0.000964938	2017	3	Mar	1	Saturday	0.184674974	0.153395379	0.072331181	4.050584702
3/5/2017	0.193169045	23180285.35	3024950.798	2.670625351	0.023180285	0.003024951	2017	3	Mar	1	Sunday	0.188530944	0.156412717	0.074463514	4.003086584
3/6/2017	0.202569238	24308308.58	1428803.346	4.866304329	0.024308309	0.001428803	2017	3	Mar	1	Monday	0.193265919	0.159665566	0.076700872	4.032468701
3/7/2017	0.194100804	23292096.47	1243681.318	-4.180513444	0.023292096	0.001243681	2017	3	Mar	1	Tuesday	0.194634166	0.162476496	0.078843186	4.176163472
3/8/2017	0.206506601	24780792.1	2244876.448	6.391419653	0.024780792	0.002244876	2017	3	Mar	1	Wednesday	0.196942176	0.165683355	0.081122812	4.240881267
3/9/2017	0.212692848	25523141.74	3120195.291	2.995665477	0.025523142	0.003120195	2017	3	Mar	1	Thursday	0.199889002	0.168978153	0.083471164	4.239242503
3/10/2017	0.212510934	25501312.08	954605.4626	-0.085528886	0.025501312	0.000954605	2017	3	Mar	1	Friday	0.20138484	0.172185381	0.08581657	4.259587034
3/11/2017	0.221372323	26564678.79	2635666.416	4.169850962	0.026564679	0.002635666	2017	3	Mar	1	Saturday	0.206131685	0.175392315	0.088260371	4.150720567
3/12/2017	0.246166118	29539934.19	1308774.262	11.20004283	0.029539934	0.001308774	2017	3	Mar	1	Sunday	0.213702695	0.179271381	0.090980181	4.470153235
3/13/2017	0.251743716	30209245.94	1038452.68	2.265786197	0.030209246	0.001038453	2017	3	Mar	1	Monday	0.220727621	0.183164155	0.093760983	4.458227862
3/14/2017	0.258081091	30969730.92	1125107.848	2.517391461	0.030969731	0.001125108	2017	3	Mar	1	Tuesday	0.229867662	0.187229926	0.096611827	4.451283378
3/15/2017	0.257145321	30857438.54	4014543.28	-0.362587512	0.030857439	0.004014543	2017	3	Mar	1	Wednesday	0.237101764	0.191242323	0.099452937	4.465589894
3/16/2017	0.252195174	30263420.92	1336332.739	-1.925038661	0.030263421	0.001336333	2017	3	Mar	1	Thursday	0.242744954	0.195059779	0.102239151	4.52131049
3/17/2017	0.264486737	31738408.45	1124116.147	4.87382948	0.031738408	0.001124116	2017	3	Mar	1	Friday	0.250170069	0.199103896	0.105162472	4.536680019
3/18/2017	0.259237757	31108530.88	2567946.586	-1.984590907	0.031108531	0.002567947	2017	3	Mar	1	Saturday	0.255579416	0.202944283	0.108028287	4.59165892
3/19/2017	0.2636531	31638372	4153460.691	1.703201989	0.031638372	0.004153461	2017	3	Mar	1	Sunday	0.258077557	0.206765948	0.110942594	4.584677183
3/20/2017	0.262273114	31472773.71	1935229.546	-0.523409623	0.031472774	0.00193523	2017	3	Mar	1	Monday	0.259581756	0.209992015	0.113840347	4.273946605
3/21/2017	0.271033055	32523966.6	2621611.048	3.340007118	0.032523967	0.002621611	2017	3	Mar	1	Tuesday	0.261432037	0.213190309	0.11683631	4.21455482
3/22/2017	0.278417931	33410151.74	1162362.697	2.724714226	0.033410152	0.001162363	2017	3	Mar	1	Wednesday	0.264470981	0.216587585	0.119913957	4.217418647
3/23/2017	0.294125276	35295033.12	2960879.918	5.641642693	0.035295033	0.00296088	2017	3	Mar	1	Thursday	0.270460996	0.22008976	0.123166523	4.159288467
3/24/2017	0.292023585	35042830.22	3480228.561	-0.71455635	0.03504283	0.003480229	2017	3	Mar	1	Friday	0.274394831	0.223496662	0.126396021	4.175017848
3/25/2017	0.292692116	35123053.97	3459931.531	0.228930561	0.035123054	0.003459932	2017	3	Mar	1	Saturday	0.279174025	0.227303692	0.129633288	3.937592189
3/26/2017	0.285119437	34214332.48	2391280.859	-2.587250784	0.034214332	0.002391281	2017	3	Mar	1	Sunday	0.282240645	0.230980334	0.132786905	3.956541485
3/27/2017	0.283704464	34044535.7	2310397.747	-0.496273848	0.034044536	0.002310398	2017	3	Mar	1	Monday	0.285302266	0.23492482	0.135924758	3.747741849
3/28/2017	0.291687841	35002540.96	1497927.939	2.813976571	0.035002541	0.001497928	2017	3	Mar	1	Tuesday	0.28825295	0.239108506	0.139151772	3.74196812
3/29/2017	0.304444397	36533327.63	2704043.416	4.373358715	0.036533328	0.002704043	2017	3	Mar	1	Wednesday	0.291971017	0.243609173	0.14252036	3.767827306
3/30/2017	0.297078161	35649379.34	1495112.163	-2.419566876	0.035649379	0.001495112	2017	3	Mar	1	Thursday	0.292392858	0.247361009	0.145807115	3.620290978
3/31/2017	0.311389513	37366741.52	4558425.347	4.81736909	0.037366742	0.004558425	2017	3	Mar	1	Friday	0.295159419	0.251395641	0.149253005	3.656423605
4/1/2017	0.332756063	39930727.5	5828006.106	6.861679348	0.039930728	0.005828006	2017	4	Apr	2	Saturday	0.300882839	0.256085341	0.152936787	3.770676577
4/2/2017	0.342394619	41087354.33	6015555.781	2.896583397	0.041087354	0.006015556	2017	4	Apr	2	Sunday	0.309065008	0.260763826	0.156679186	3.724880291
4/3/2017	0.37350544	44820652.81	5997385.752	9.086246948	0.044820653	0.005997386	2017	4	Apr	2	Monday	0.321893719	0.266942527	0.160714976	3.57379137
4/4/2017	0.36641272	43969526.35	4489071.34	-1.898960417	0.043969526	0.004489071	2017	4	Apr	2	Tuesday	0.332568702	0.272717317	0.164618139	3.65703496
4/5/2017	0.352707305	42324876.59	4829432.795	-3.740430916	0.042324877	0.004829433	2017	4	Apr	2	Wednesday	0.339463403	0.277721919	0.168325836	3.777848109
4/6/2017	0.332301137	39876136.47	2561032.756	-5.78558124	0.039876136	0.002561033	2017	4	Apr	2	Thursday	0.344495257	0.282328597	0.171756031	3.877462636
4/7/2017	0.356853399	42822407.84	4526005.217	7.388557727	0.042822408	0.004526005	2017	4	Apr	2	Friday	0.350990097	0.287340156	0.175399479	3.921498676
4/8/2017	0.370492593	44459111.12	3764706.208	3.822072059	0.044459111	0.003764706	2017	4	Apr	2	Saturday	0.35638103	0.292600148	0.179166929	3.932257639
4/9/2017	0.373843831	44861259.69	3940706.398	0.904535791	0.04486126	0.003940706	2017	4	Apr	2	Sunday	0.360873775	0.297977911	0.182914464	3.918803045
4/10/2017	0.382283093	45873971.18	5547685.546	2.257429887	0.045873971	0.005547686	2017	4	Apr	2	Monday	0.362127725	0.303341604	0.186718115	3.897331233
4/11/2017	0.369505232	44340627.82	2830271.26	-3.342512797	0.044340628	0.002830271	2017	4	Apr	2	Tuesday	0.362569513	0.307452907	0.190320047	3.59453964
4/12/2017	0.411956829	49434819.44	3369712.277	11.48876746	0.049434819	0.003369712	2017	4	Apr	2	Wednesday	0.37103373	0.312793344	0.194360707	4.036241242
4/13/2017	0.418599023	50231882.77	7080536.25	1.612352054	0.050231883	0.007080536	2017	4	Apr	2	Thursday	0.383362	0.318143942	0.198467706	4.033549827
4/14/2017	0.424970487	50996458.48	1873962.545	1.522092479	0.050996458	0.001873963	2017	4	Apr	2	Friday	0.393093013	0.323738114	0.202637694	4.014921901
4/15/2017	0.442166751	53060010.18	4683931.603	4.046460791	0.05306001	0.004683932	2017	4	Apr	2	Saturday	0.403332178	0.3300705	0.206955428	3.973501447
4/16/2017	0.455534818	54664178.15	7627626.013	3.023308837	0.054664178	0.007627626	2017	4	Apr	2	Sunday	0.415002319	0.33643877	0.21137269	3.940997722
4/17/2017	0.464463037	55735564.47	5754338.146	1.959942232	0.055735564	0.005754338	2017	4	Apr	2	Monday	0.426742311	0.343279612	0.215870692	3.872055106
4/18/2017	0.454695933	54563511.99	5214572.033	-2.10288078	0.054563512	0.005214572	2017	4	Apr	2	Tuesday	0.438912411	0.349647707	0.220200519	3.944918625
4/19/2017	0.468139655	56176758.62	3368880.975	2.956640011	0.056176759	0.003368881	2017	4	Apr	2	Wednesday	0.446938529	0.356509925	0.224686318	3.922098802
4/20/2017	0.50991362	61189634.43	4356277.235	8.923398092	0.061189634	0.004356277	2017	4	Apr	2	Thursday	0.459983472	0.36447261	0.229598337	4.114520037
4/21/2017	0.543575214	65229025.73	8626265.336	6.601430683	0.065229026	0.008626265	2017	4	Apr	2	Friday	0.476927004	0.373311186	0.234881996	4.191442664
4/22/2017	0.585182201	70221864.12	6818976.683	7.654320044	0.070221864	0.006818977	2017	4	Apr	2	Saturday	0.497357783	0.383013084	0.240610302	4.261665117
4/23/2017	0.579068952	69488274.2	6376873.83	-1.044674515	0.069488274	0.006376874	2017	4	Apr	2	Sunday	0.515005516	0.392581263	0.246231959	4.270415142
4/24/2017	0.562114159	67453699.04	2829653.374	-2.927940268	0.067453699	0.002829653	2017	4	Apr	2	Monday	0.528955676	0.401561997	0.251656649	4.363486921
4/25/2017	0.564795168	67775420.21	2163620.411	0.476951109	0.06777542	0.00216362	2017	4	Apr	2	Tuesday	0.544684139	0.410884522	0.257088074	4.28048652
4/26/2017	0.571580421	68589650.53	9989549.153	1.201365214	0.068589651	0.009989549	2017	4	Apr	2	Wednesday	0.559461391	0.420480387	0.262523101	4.252128667
4/27/2017	0.602935759	72352291.1	5443666.283	5.485726409	0.072352291	0.005443666	2017	4	Apr	2	Thursday	0.572750268	0.430855318	0.268291067	4.287896724
4/28/2017	0.568883632	68266035.82	6989456.815	-5.647720646	0.068266036	0.006989457	2017	4	Apr	2	Friday	0.576365756	0.439669959	0.273611362	4.523721915
4/29/2017	0.610543183	73265181.96	2898796.18	7.323035648	0.073265182	0.002898796	2017	4	Apr	2	Saturday	0.579988753	0.450118793	0.279402689	4.530162914
4/30/2017	0.612438377	73492605.27	8229239.985	0.310411184	0.073492605	0.00822924	2017	4	Apr	2	Sunday	0.584755814	0.460153755	0.285156907	4.526329733
5/1/2017	0.607724958	72926994.93	10348924.36	-0.769615313	0.072926995	0.010348924	2017	5	May	2	Monday	0.591271643	0.469319385	0.290757213	4.479805675
5/2/2017	0.589054329	70686519.54	7003608.364	-3.072216805	0.07068652	0.007003608	2017	5	May	2	Tuesday	0.594737237	0.477541375	0.296222973	4.575768049
5/3/2017	0.556427198	66771263.76	3013643.447	-5.538900204	0.066771264	0.003013643	2017	5	May	2	Wednesday	0.592572491	0.483638767	0.301325558	4.565431993
5/4/2017	0.580336705	69640404.64	6950570.846	4.296969557	0.069640405	0.006950571	2017	5	May	2	Thursday	0.589344055	0.490769567	0.3066332	4.549469093
5/5/2017	0.587349867	70481984	8596100.161	1.208464197	0.070481984	0.0085961	2017	5	May	2	Friday	0.591982088	0.498590985	0.311992823	4.435848175
5/6/2017	0.562863396	67543607.53	5320408.911	-4.168975249	0.067543608	0.005320409	2017	5	May	2	Saturday	0.58517069	0.506276394	0.317027162	4.349400303
5/7/2017	0.539252984	64710358.04	8773464.624	-4.194696716	0.064710358	0.008773465	2017	5	May	2	Sunday	0.574715634	0.51235638	0.321793297	4.355974479
5/8/2017	0.536808659	64417039.08	6946859.392	-0.453279763	0.064417039	0.006946859	2017	5	May	2	Monday	0.564584734	0.517900249	0.32649285	4.346483134
5/9/2017	0.57895753	69474903.65	9581274.945	7.851749542	0.069474904	0.009581275	2017	5	May	2	Tuesday	0.563142334	0.524737372	0.331633555	4.505043868
5/10/2017	0.578021601	69362592.07	7270631.109	-0.161657775	0.069362592	0.007270631	2017	5	May	2	Wednesday	0.566227249	0.531261989	0.336665303	4.513855976
5/11/2017	0.549051062	65886127.46	3014590.551	-5.012016572	0.065886127	0.003014591	2017	5	May	2	Thursday	0.561757871	0.53724685	0.341323713	4.585140495
5/12/2017	0.54840207	65808248.39	4419879.737	-0.11820254	0.065808248	0.00441988	2017	5	May	2	Friday	0.5561939	0.541795025	0.345917508	4.178638949
5/13/2017	0.547131264	65655751.67	3559552.431	-0.231728878	0.065655752	0.003559552	2017	5	May	2	Saturday	0.553946453	0.546079433	0.350484434	4.183511054
5/14/2017	0.495389878	59446785.34	8266621.207	-9.456850573	0.059446785	0.008266621	2017	5	May	2	Sunday	0.547680295	0.548426746	0.354469061	4.594470504
5/15/2017	0.498522534	59822704.06	7253383.705	0.632361728	0.059822704	0.007253384	2017	5	May	2	Monday	0.542210848	0.550305272	0.358478517	4.548570682
5/16/2017	0.498115234	59773828.06	6644925.218	-0.081701423	0.059773828	0.006644925	2017	5	May	2	Tuesday	0.530661949	0.551724619	0.362422428	4.524440366
5/17/2017	0.516484397	61978127.67	4097743.308	3.687733716	0.061978128	0.004097743	2017	5	May	2	Wednesday	0.52187092	0.553458665	0.366560853	4.555913455
5/18/2017	0.56077225	67292670.04	3504963.796	8.574867575	0.06729267	0.003504964	2017	5	May	2	Thursday	0.523545375	0.556994542	0.371136066	4.761697432
5/19/2017	0.591484756	70978170.75	8572326.861	5.476823412	0.070978171	0.008572327	2017	5	May	2	Friday	0.529700045	0.561106045	0.375869328	4.822710983
5/20/2017	0.589978748	70797449.81	6152224.3	-0.254614815	0.07079745	0.006152224	2017	5	May	2	Saturday	0.535821114	0.563774883	0.380479267	4.580849329
5/21/2017	0.569056699	68286803.85	3898817.739	-3.546237848	0.068286804	0.003898818	2017	5	May	2	Sunday	0.546344946	0.564624266	0.384841012	4.495378175
5/22/2017	0.635885323	76306238.81	7935439.635	11.74375503	0.076306239	0.00793544	2017	5	May	2	Monday	0.565968201	0.56631437	0.389805738	4.78059797
5/23/2017	0.642547432	77105691.82	2686367.103	1.047690233	0.077105692	0.002686367	2017	5	May	2	Tuesday	0.586601372	0.568430319	0.394836081	4.774259942
5/24/2017	0.648072172	77768660.61	5376958.674	0.859818222	0.077768661	0.005376959	2017	5	May	2	Wednesday	0.605399626	0.571295586	0.400053758	4.731576142
5/25/2017	0.652618415	78314209.75	6752786.783	0.701502547	0.07831421	0.006752787	2017	5	May	2	Thursday	0.618520506	0.574223028	0.405362628	4.731581336
5/26/2017	0.663032152	79563858.26	3799572.059	1.595685535	0.079563858	0.003799572	2017	5	May	2	Friday	0.628741563	0.577271419	0.410892209	4.733885955
5/27/2017	0.664416475	79729976.97	11812676.77	0.208786638	0.079729977	0.011812677	2017	5	May	2	Saturday	0.639375524	0.579320776	0.4164282	4.643371821
5/28/2017	0.654437481	78532497.74	4326487.53	-1.501918443	0.078532498	0.004326488	2017	5	May	2	Sunday	0.651572779	0.582172571	0.421817234	4.516297631
5/29/2017	0.645270081	77432409.72	3534199.128	-1.400806106	0.07743241	0.003534199	2017	5	May	2	Monday	0.652913458	0.583330134	0.426936645	4.343731038
5/30/2017	0.649420611	77930473.35	4241302.489	0.643223735	0.077930473	0.004241302	2017	5	May	2	Tuesday	0.653895341	0.584562875	0.432037424	4.34425104
5/31/2017	0.640353582	76842429.88	9396856.04	-1.396172032	0.07684243	0.009396856	2017	5	May	2	Wednesday	0.652792685	0.585650496	0.437018407	4.350999508
6/1/2017	0.627120852	75254502.24	6100181.058	-2.066472444	0.075254502	0.006100181	2017	6	Jun	2	Thursday	0.649150176	0.58691938	0.441741527	4.32821713
6/2/2017	0.634593972	76151276.58	7451395.771	1.191655403	0.076151277	0.007451396	2017	6	Jun	2	Friday	0.645087579	0.589524939	0.446702078	4.187367341
6/3/2017	0.632912425	75949490.97	2469960.903	-0.26497995	0.075949491	0.002469961	2017	6	Jun	2	Saturday	0.640587001	0.591277463	0.451588116	4.127984119
6/4/2017	0.677219189	81266302.72	2773761.699	7.000457393	0.081266303	0.002773762	2017	6	Jun	2	Sunday	0.64384153	0.594273107	0.456862004	4.30037571
6/5/2017	0.613645487	73637458.46	6148659.003	-9.387463203	0.073637458	0.006148659	2017	6	Jun	2	Monday	0.639323731	0.595965844	0.461523611	4.593929942
6/6/2017	0.645804844	77496581.28	9919456.17	5.240706154	0.077496581	0.009919456	2017	6	Jun	2	Tuesday	0.638807193	0.599517573	0.466404703	4.592241972
6/7/2017	0.683836957	82060434.89	11178983.53	5.889103156	0.082060435	0.011178984	2017	6	Jun	2	Wednesday	0.645019104	0.604418516	0.471639638	4.682233086
6/8/2017	0.634046464	76085575.69	3074221.564	-7.281047449	0.076085576	0.003074222	2017	6	Jun	2	Thursday	0.646008477	0.606254814	0.476323366	4.724165459
6/9/2017	0.629995791	75599494.97	7151982.285	-0.638860538	0.075599495	0.007151982	2017	6	Jun	2	Friday	0.645351594	0.607987287	0.480863626	4.726962982
6/10/2017	0.625226814	75027217.7	10472866.43	-0.756985569	0.075027218	0.010472866	2017	6	Jun	2	Saturday	0.64425365	0.610526478	0.485075412	4.621790513
6/11/2017	0.595281302	71433756.2	5468734.824	-4.78954387	0.071433756	0.005468735	2017	6	Jun	2	Sunday	0.632548237	0.612089119	0.488892496	4.72222521
6/12/2017	0.581204691	69744562.93	9035261.648	-2.364698926	0.069744563	0.009035262	2017	6	Jun	2	Monday	0.627913838	0.6132249	0.492482759	4.747761507
6/13/2017	0.559936617	67192393.99	3093771.55	-3.659308826	0.067192394	0.003093772	2017	6	Jun	2	Tuesday	0.615646948	0.615376458	0.495847106	4.444824001
6/14/2017	0.604874211	72584905.26	10325009.61	8.025478711	0.072584905	0.01032501	2017	6	Jun	2	Wednesday	0.604366556	0.618921514	0.499765762	4.65232526
6/15/2017	0.632396586	75887590.32	9119472.294	4.550099009	0.07588759	0.009119472	2017	6	Jun	2	Thursday	0.604130859	0.623397559	0.503853649	4.700384334
6/16/2017	0.670089543	80410745.22	11495530.36	5.96033539	0.080410745	0.01149553	2017	6	Jun	2	Friday	0.609858538	0.628517731	0.508418669	4.764664176
6/17/2017	0.694557186	83346862.37	9267676.684	3.651399005	0.083346862	0.009267677	2017	6	Jun	2	Saturday	0.619762877	0.632977229	0.513206492	4.575064898
6/18/2017	0.668524441	80222932.89	5905087.496	-3.74810688	0.080222933	0.005905087	2017	6	Jun	2	Sunday	0.630226182	0.635545218	0.517720396	4.560984864
6/19/2017	0.659193656	79103238.73	11278677.47	-1.395728273	0.079103239	0.011278677	2017	6	Jun	2	Monday	0.641367463	0.637852382	0.522033292	4.572311909
6/20/2017	0.676872311	81224677.32	5122679.018	2.681860596	0.081224677	0.005122679	2017	6	Jun	2	Tuesday	0.658072562	0.641446235	0.526460563	4.524795738
6/21/2017	0.64901339	77881606.77	5440863.772	-4.115831129	0.077881607	0.005440864	2017	6	Jun	2	Wednesday	0.664378159	0.641883838	0.530403764	4.093243457
6/22/2017	0.672360738	80683288.56	9205721.995	3.597360038	0.080683289	0.009205722	2017	6	Jun	2	Thursday	0.670087324	0.642877615	0.534629732	4.138756218
6/23/2017	0.670464007	80455680.87	9802555.701	-0.282100175	0.080455681	0.009802556	2017	6	Jun	2	Friday	0.670140818	0.643624009	0.538827198	4.138056181
6/24/2017	0.664963338	79795600.5	11293345.11	-0.820427295	0.079795601	0.011293345	2017	6	Jun	2	Saturday	0.665913126	0.644035506	0.543047685	4.140976548
6/25/2017	0.688759462	82651135.41	4510792.26	3.578561844	0.082651135	0.004510792	2017	6	Jun	2	Sunday	0.668803843	0.644893083	0.547548296	4.180556965
6/26/2017	0.705814087	84697690.39	10651561.57	2.476136559	0.08469769	0.010651562	2017	6	Jun	2	Monday	0.675463905	0.646273004	0.552149699	4.200949432
6/27/2017	0.700343044	84041165.23	9969427.466	-0.775139388	0.084041165	0.009969427	2017	6	Jun	2	Tuesday	0.678816866	0.647803189	0.556548573	4.192363027
6/28/2017	0.738461303	88615356.41	3336841.973	5.442798371	0.088615356	0.003336842	2017	6	Jun	2	Wednesday	0.69159514	0.650909563	0.56145283	4.28123185
6/29/2017	0.711887529	85426503.51	6532289.389	-3.598533054	0.085426504	0.006532289	2017	6	Jun	2	Thursday	0.697241824	0.652991794	0.565902808	4.347225107
6/30/2017	0.734448596	88133831.54	5634559.325	3.16918979	0.088133832	0.005634559	2017	6	Jun	2	Friday	0.70638248	0.656128294	0.570366059	4.362129031
7/1/2017	0.757009601	90841152.13	6044465.879	3.071828987	0.090841152	0.006044466	2017	7	Jul	3	Saturday	0.719531946	0.660457919	0.574972892	4.356711614
7/2/2017	0.752571135	90308536.14	13361475.34	-0.58631575	0.090308536	0.013361475	2017	7	Jul	3	Sunday	0.728647899	0.664390491	0.579184733	4.362186619
7/3/2017	0.767403077	92088369.28	9865729.937	1.970835996	0.092088369	0.00986573	2017	7	Jul	3	Monday	0.737446326	0.668873513	0.583640181	4.364895601
7/4/2017	0.734661035	88159324.2	10237161.13	-4.26660295	0.088159324	0.010237161	2017	7	Jul	3	Tuesday	0.742348897	0.670788241	0.587884111	4.291482039
7/5/2017	0.767226771	92067212.52	13551752	4.432756664	0.092067213	0.013551752	2017	7	Jul	3	Wednesday	0.746458249	0.675907618	0.592716618	3.9359505
7/6/2017	0.766449888	91973986.62	6922349.802	-0.101258527	0.091973987	0.00692235	2017	7	Jul	3	Thursday	0.754252872	0.679929119	0.597267691	3.849027771
7/7/2017	0.755375188	90645022.6	11441289.1	-1.444934669	0.090645023	0.011441289	2017	7	Jul	3	Friday	0.757242385	0.682313727	0.601544164	3.735633126
7/8/2017	0.79274419	95129302.78	7814274.392	4.94707823	0.095129303	0.007814274	2017	7	Jul	3	Saturday	0.762347326	0.687603651	0.606198612	3.530168342
7/9/2017	0.77559019	93070822.84	12503510.4	-2.163875774	0.093070823	0.01250351	2017	7	Jul	3	Sunday	0.765635763	0.692456798	0.610568691	3.56253867
7/10/2017	0.73771336	88525603.14	4574906.231	-4.883613964	0.088525603	0.004574906	2017	7	Jul	3	Monday	0.761394375	0.696206349	0.614659893	3.699995328
7/11/2017	0.697520624	83702474.89	12029915.66	-5.448286233	0.083702475	0.012029916	2017	7	Jul	3	Tuesday	0.756088602	0.699614326	0.617832824	3.73498694
7/12/2017	0.719090376	86290845.15	4854084.828	3.092346152	0.086290845	0.004854085	2017	7	Jul	3	Wednesday	0.749211974	0.704210516	0.621171616	3.718636349
7/13/2017	0.687428201	82491384.13	5703987.262	-4.403087045	0.082491384	0.005703987	2017	7	Jul	3	Thursday	0.737923161	0.708460235	0.624087813	3.751578235
7/14/2017	0.741970809	89036497.08	10750539.83	7.934298863	0.089036497	0.01075054	2017	7	Jul	3	Friday	0.73600825	0.713030122	0.627418969	3.74551601
7/15/2017	0.686885062	82426207.39	6367475.377	-7.424247256	0.082426207	0.006367475	2017	7	Jul	3	Saturday	0.720885517	0.714846405	0.629989528	3.958640825
7/16/2017	0.739617566	88754107.97	9140374.224	7.677049305	0.088754108	0.009140374	2017	7	Jul	3	Sunday	0.715746571	0.717164005	0.6330468	4.053777533
7/17/2017	0.750437232	90052467.8	7505766.941	1.462872936	0.090052468	0.007505767	2017	7	Jul	3	Monday	0.717564267	0.719026674	0.636332815	4.012899153
7/18/2017	0.752080867	90249704.03	10747331.17	0.219023678	0.090249704	0.010747331	2017	7	Jul	3	Tuesday	0.725358588	0.721811888	0.639487717	3.93834992
7/19/2017	0.740316664	88837999.62	5099278.994	-1.564220533	0.088838	0.005099279	2017	7	Jul	3	Wednesday	0.728390914	0.724515988	0.642047751	3.941218693
7/20/2017	0.756762304	90811476.52	3361383.032	2.221433293	0.090811477	0.003361383	2017	7	Jul	3	Thursday	0.738295786	0.727178988	0.644416496	3.933166546
7/21/2017	0.760156726	91218807.15	6019668.438	0.448545317	0.091218807	0.006019668	2017	7	Jul	3	Friday	0.740893774	0.730883766	0.646360658	3.837693029
7/22/2017	0.799201283	95904153.9	8335705.16	5.136382395	0.095904154	0.008335705	2017	7	Jul	3	Saturday	0.756938949	0.735111784	0.648806573	3.889093932
7/23/2017	0.807637744	96916529.34	4861566.318	1.055611666	0.096916529	0.004861566	2017	7	Jul	3	Sunday	0.766656117	0.739684242	0.651534612	3.885698394
7/24/2017	0.817322026	98078643.14	7118123.706	1.199087314	0.098078643	0.007118124	2017	7	Jul	3	Monday	0.776211088	0.744762865	0.654340466	3.876016924
7/25/2017	0.810273789	97232854.67	7583964.523	-0.86235744	0.097232855	0.007583965	2017	7	Jul	3	Tuesday	0.784524362	0.748813342	0.656992615	3.849471472
7/26/2017	0.81318136	97581763.19	3599500.572	0.358838097	0.097581763	0.003599501	2017	7	Jul	3	Wednesday	0.794933605	0.752392251	0.659328677	3.833539377
7/27/2017	0.82807399	99368878.78	9936576.832	1.831403256	0.099368879	0.009936577	2017	7	Jul	3	Thursday	0.805120988	0.75664995	0.66220857	3.832150489
7/28/2017	0.777830611	93339673.34	12705509.4	-6.067498711	0.093339673	0.012705509	2017	7	Jul	3	Friday	0.807645829	0.75796226	0.664067319	3.909191759
7/29/2017	0.741274727	88952967.28	4288346.903	-4.699722961	0.088952967	0.004288347	2017	7	Jul	3	Saturday	0.799370607	0.758941833	0.665498834	3.951487822
7/30/2017	0.768060869	92167304.31	9376821.5	3.613524228	0.092167304	0.009376821	2017	7	Jul	3	Sunday	0.793716768	0.760062242	0.667280344	3.963774081
7/31/2017	0.777783417	93334010.03	10245153.38	1.265856407	0.09333401	0.010245153	2017	7	Jul	3	Monday	0.788068395	0.760754703	0.669377334	3.932642803
8/1/2017	0.77651104	93181324.81	7484339.072	-0.16359012	0.093181325	0.007484339	2017	8	Aug	3	Tuesday	0.783245145	0.7615527	0.67182271	3.93061466
8/2/2017	0.781525764	93783091.7	10703624.67	0.645802029	0.093783092	0.010703625	2017	8	Aug	3	Wednesday	0.778722917	0.762023456	0.674058144	3.917208906
8/3/2017	0.796979772	95637572.68	7582891.321	1.977415055	0.095637573	0.007582891	2017	8	Aug	3	Thursday	0.774280886	0.764100747	0.676387365	3.840405028
8/4/2017	0.784381135	94125736.22	8523694.837	-1.580797607	0.094125736	0.008523695	2017	8	Aug	3	Friday	0.775216675	0.764672559	0.678848674	3.775981843
8/5/2017	0.764634092	91756091.04	2833645.126	-2.51753162	0.091756091	0.002833645	2017	8	Aug	3	Saturday	0.778553727	0.764612033	0.681352908	3.807005891
8/6/2017	0.774985556	92998266.73	10509400.6	1.353780085	0.092998267	0.010509401	2017	8	Aug	3	Sunday	0.779542968	0.765265712	0.683999318	3.803091976
8/7/2017	0.749421421	89930570.55	9834908.05	-3.298659527	0.089930571	0.009834908	2017	8	Aug	3	Monday	0.775491254	0.763821619	0.685893361	3.742327438
8/8/2017	0.766015635	91921876.16	3181241.968	2.214269965	0.091921876	0.003181242	2017	8	Aug	3	Tuesday	0.773991911	0.763502467	0.687982184	3.745218875
8/9/2017	0.719566852	86348022.26	6406160.884	-6.063685959	0.086348022	0.006406161	2017	8	Aug	3	Wednesday	0.765140638	0.762897584	0.689876804	3.804298434
8/10/2017	0.753964476	90475737.07	13343707.4	4.780323515	0.090475737	0.013343707	2017	8	Aug	3	Thursday	0.758995595	0.764779046	0.69216083	3.758445266
8/11/2017	0.772597579	92711709.51	7462216.002	2.471350341	0.09271171	0.007462216	2017	8	Aug	3	Friday	0.75731223	0.766562619	0.694666012	3.744379707
8/12/2017	0.784846714	94181605.72	8498331.081	1.585448289	0.094181606	0.008498331	2017	8	Aug	3	Saturday	0.760199748	0.769809903	0.697882199	3.642850888
8/13/2017	0.820788065	98494567.77	13709618.35	4.57941019	0.098494568	0.013709618	2017	8	Aug	3	Sunday	0.766742963	0.772437145	0.701462927	3.453559366
8/14/2017	0.882124227	105854907.2	12286729.93	7.472837953	0.105854907	0.01228673	2017	8	Aug	3	Monday	0.785700507	0.778945117	0.705729694	3.360201862
8/15/2017	0.923653472	110838416.7	11067040.31	4.707868143	0.110838417	0.01106704	2017	8	Aug	3	Tuesday	0.808220198	0.785079647	0.710253794	3.193021939
8/16/2017	0.862738598	103528631.7	13017334.2	-6.59499219	0.103528632	0.013017334	2017	8	Aug	3	Wednesday	0.828673304	0.788823026	0.713608976	3.462269172
8/17/2017	0.82412239	98894686.81	13224588.35	-4.47600326	0.098894687	0.013224588	2017	8	Aug	3	Thursday	0.838695864	0.79122441	0.716193839	3.580626926
8/18/2017	0.808109444	96973133.26	8225898.141	-1.943030126	0.096973133	0.008225898	2017	8	Aug	3	Friday	0.843768987	0.793484169	0.718617513	3.588334249
8/19/2017	0.813294522	97595342.63	8492063.919	0.641630682	0.097595343	0.008492064	2017	8	Aug	3	Saturday	0.84783296	0.795368577	0.721331267	3.571552681
8/20/2017	0.834750584	100170070.1	7645592.02	2.638166365	0.10017007	0.007645592	2017	8	Aug	3	Sunday	0.849827605	0.797855039	0.723540881	3.596925747
8/21/2017	0.815187248	97822469.71	14282543.94	-2.343614635	0.09782247	0.014282544	2017	8	Aug	3	Monday	0.84026518	0.798387904	0.725459101	3.513810265
8/22/2017	0.825661254	99079350.47	11261354.07	1.284858953	0.09907935	0.011261354	2017	8	Aug	3	Tuesday	0.826266291	0.798988688	0.727432313	3.516150039
8/23/2017	0.805325841	96639100.9	3864285.302	-2.46292448	0.096639101	0.003864285	2017	8	Aug	3	Wednesday	0.818064469	0.798588815	0.729129062	3.541362828
8/24/2017	0.790010102	94801212.22	12661190.57	-1.901806468	0.094801212	0.012661191	2017	8	Aug	3	Thursday	0.813191285	0.797913359	0.730539928	3.555266144
8/25/2017	0.750710957	90085314.86	7897526.676	-4.974511666	0.090085315	0.007897527	2017	8	Aug	3	Friday	0.804991501	0.795831012	0.731498756	3.667098518
8/26/2017	0.727282415	87273889.83	3338267.197	-3.120847209	0.08727389	0.003338267	2017	8	Aug	3	Saturday	0.792704057	0.792471293	0.732308144	3.683888162
8/27/2017	0.692600407	83112048.85	7975936.749	-4.768712601	0.083112049	0.007975937	2017	8	Aug	3	Sunday	0.772396889	0.789630286	0.732834036	3.621678988
8/28/2017	0.669550379	80346045.45	6432481.378	-3.328041405	0.080346045	0.006432481	2017	8	Aug	3	Monday	0.751591622	0.787239474	0.7330577	3.572842718
8/29/2017	0.701992511	84239101.35	11400071.57	4.845360942	0.084239101	0.011400072	2017	8	Aug	3	Tuesday	0.733924659	0.785037196	0.733742577	3.625781524
8/30/2017	0.679325309	81519037.03	4441104.349	-3.228980695	0.081519037	0.004441104	2017	8	Aug	3	Wednesday	0.715924583	0.781755259	0.734322627	3.654345802
8/31/2017	0.75864318	91037181.56	11759796.49	11.67597763	0.091037182	0.011759796	2017	8	Aug	3	Thursday	0.711443594	0.781159663	0.735700951	4.267090833
9/1/2017	0.777733079	93327969.5	9045593.464	2.516321243	0.093327969	0.009045593	2017	9	Sep	3	Friday	0.715303897	0.781033241	0.73731007	4.290319219
9/2/2017	0.787512341	94501480.98	3454334.973	1.257405993	0.094501481	0.003454335	2017	9	Sep	3	Saturday	0.723908172	0.78071766	0.738535549	4.281293366
9/3/2017	0.764812105	91777452.63	13456541.91	-2.882524505	0.091777453	0.013456542	2017	9	Sep	3	Sunday	0.734224129	0.780065359	0.740215178	4.30489522
9/4/2017	0.790536177	94864341.23	8681399.13	3.36344986	0.094864341	0.008681399	2017	9	Sep	3	Monday	0.751507815	0.780928761	0.741823304	4.319988886
9/5/2017	0.776454663	93174559.54	6047515.519	-1.781261195	0.09317456	0.006047516	2017	9	Sep	3	Tuesday	0.762145265	0.780977732	0.74285239	4.329025584
9/6/2017	0.784192588	94103110.61	8123810.595	0.996571467	0.094103111	0.008123811	2017	9	Sep	3	Wednesday	0.777126305	0.78213677	0.74452068	4.283690129
9/7/2017	0.873124178	104774901.3	13929082.79	11.34052918	0.104774901	0.013929083	2017	9	Sep	3	Thursday	0.793480733	0.785707055	0.747222107	4.729663897
9/8/2017	0.874138707	104896644.8	6984897.113	0.116195274	0.104896645	0.006984897	2017	9	Sep	3	Friday	0.807252966	0.79085945	0.749987794	4.563665118
9/9/2017	0.919838129	110380575.5	5863545.05	5.227937193	0.110380576	0.005863545	2017	9	Sep	3	Saturday	0.82615665	0.796388572	0.753593981	4.57800919
9/10/2017	0.898783805	107854056.5	4906124.604	-2.28891629	0.107854057	0.004906125	2017	9	Sep	3	Sunday	0.845295464	0.80059478	0.757122638	4.599231228
9/11/2017	0.901986126	108238335.1	7115926.697	0.356294928	0.108238335	0.007115927	2017	9	Sep	3	Monday	0.861216885	0.804499427	0.760923188	4.595670508
9/12/2017	0.972987982	116758557.9	14432031.5	7.871723792	0.116758558	0.014432031	2017	9	Sep	3	Tuesday	0.889293074	0.809572757	0.765013341	4.732143976
9/13/2017	0.953575066	114429007.9	9908998.684	-1.995185634	0.114429008	0.009908999	2017	9	Sep	3	Wednesday	0.91349057	0.811954452	0.768581991	4.576223159
9/14/2017	1.030321166	123638539.9	7084215.4	8.048249511	0.12363854	0.007084215	2017	9	Sep	3	Thursday	0.935947283	0.815510042	0.772584565	4.723957244
9/15/2017	1.0651069	127812828	6383253.815	3.376203001	0.127812828	0.006383254	2017	9	Sep	3	Friday	0.963228453	0.822255652	0.776701784	4.557609142
9/16/2017	1.046504871	125580584.5	8781540.995	-1.746494102	0.125580585	0.008781541	2017	9	Sep	3	Saturday	0.981323702	0.829668401	0.780901566	4.475108556
9/17/2017	1.078549037	129425884.5	18480841.73	3.062017883	0.129425884	0.018480842	2017	9	Sep	3	Sunday	1.00700445	0.838683054	0.785561071	4.459000381
9/18/2017	1.12678493	135214191.6	9622275.303	4.472294777	0.135214192	0.009622275	2017	9	Sep	3	Monday	1.039118565	0.849132735	0.7905601	4.501259194
9/19/2017	1.160760704	139291284.5	20695187.14	3.015284742	0.139291284	0.020695187	2017	9	Sep	3	Tuesday	1.065943239	0.859999739	0.796246181	4.505974197
9/20/2017	1.09536399	131443678.9	11596967.51	-5.633953075	0.131443679	0.011596968	2017	9	Sep	3	Wednesday	1.0861988	0.869338963	0.800946217	4.633445725
9/21/2017	1.069088946	128290673.5	6606927.374	-2.398750082	0.128290673	0.006606927	2017	9	Sep	3	Thursday	1.091737054	0.87745322	0.805375383	4.676721299
9/22/2017	1.063640291	127636834.9	17478181.14	-0.509654056	0.127636835	0.017478181	2017	9	Sep	3	Friday	1.091527538	0.886063701	0.809805127	4.640772932
9/23/2017	1.065556053	127866726.4	10899697.93	0.180113742	0.127866726	0.010899698	2017	9	Sep	3	Saturday	1.094249136	0.895248566	0.813991756	4.610846884
9/24/2017	1.097556457	131706774.8	15167426.1	3.003164741	0.131706775	0.015167426	2017	9	Sep	3	Sunday	1.096964481	0.906810083	0.818344449	4.476390826
9/25/2017	1.110647174	133277660.9	19731143.28	1.192714696	0.133277661	0.019731143	2017	9	Sep	3	Monday	1.094659088	0.919588908	0.822903384	4.395783277
9/26/2017	1.057876557	126945186.8	4572697.91	-4.751339432	0.126945187	0.004572698	2017	9	Sep	3	Tuesday	1.079961352	0.93176478	0.826452442	4.394928399
9/27/2017	1.079169981	129500397.7	5387650.006	2.012845854	0.129500398	0.00538765	2017	9	Sep	3	Wednesday	1.077647923	0.945418767	0.830533358	4.299221893
9/28/2017	1.111068864	133328263.7	15526717.48	2.955871972	0.133328264	0.015526717	2017	9	Sep	3	Thursday	1.083645054	0.959054645	0.834718028	4.265114277
9/29/2017	1.141573157	136988778.9	8742486.933	2.745490779	0.136988779	0.008742487	2017	9	Sep	3	Friday	1.09477832	0.974462907	0.838990956	4.168932045
9/30/2017	1.19759823	143711787.7	7489707.616	4.90770765	0.143711788	0.007489708	2017	9	Sep	3	Saturday	1.113641489	0.989094742	0.843935702	3.782792716
10/1/2017	1.244011262	149281351.4	5183559.895	3.875509322	0.149281351	0.00518356	2017	10	Oct	4	Sunday	1.134563604	1.004637348	0.849231348	3.802222912
10/2/2017	1.272980426	152757651.1	4983199.823	2.328689896	0.152757651	0.0049832	2017	10	Oct	4	Monday	1.157754068	1.020819617	0.855212675	3.803474818
10/3/2017	1.275315647	153037877.6	18814212.29	0.183445159	0.153037878	0.018814212	2017	10	Oct	4	Tuesday	1.188816795	1.037836402	0.860858107	3.716800088
10/4/2017	1.198872437	143864692.4	6636767.615	-5.994061958	0.143864692	0.006636768	2017	10	Oct	4	Wednesday	1.205917146	1.051447611	0.865662802	3.964117131
10/5/2017	1.225292154	147035058.5	12663611.13	2.203713752	0.147035058	0.012663611	2017	10	Oct	4	Thursday	1.222234759	1.06640886	0.870884101	3.917830249
10/6/2017	1.241210246	148945229.6	15297809.72	1.299126306	0.14894523	0.01529781	2017	10	Oct	4	Friday	1.236468629	1.081642782	0.875867057	3.91659889
10/7/2017	1.260536269	151264352.3	12313253.49	1.557030569	0.151264352	0.012313253	2017	10	Oct	4	Saturday	1.245459777	1.094556519	0.881255347	3.459539313
10/8/2017	1.203268561	144392227.3	4801445.609	-4.543122613	0.144392227	0.004801446	2017	10	Oct	4	Sunday	1.239639392	1.105527514	0.886428183	3.6151001
10/9/2017	1.157614034	138913684.1	17228100.15	-3.794209256	0.138913684	0.0172281	2017	10	Oct	4	Monday	1.223158478	1.113453377	0.891540332	3.637967871
10/10/2017	1.212926604	145551192.4	4550161.257	4.778152985	0.145551192	0.004550161	2017	10	Oct	4	Tuesday	1.214245758	1.123924804	0.897027401	3.657593584
10/11/2017	1.216515165	145981819.8	17726103.38	0.295859726	0.14598182	0.017726103	2017	10	Oct	4	Wednesday	1.216766148	1.134409105	0.902906145	3.658016067
10/12/2017	1.255801922	150696230.6	20675001.32	3.22945066	0.150696231	0.020675001	2017	10	Oct	4	Thursday	1.221124686	1.143836237	0.90861538	3.452641955
10/13/2017	1.262910128	151549215.4	12418062.51	0.566029258	0.151549215	0.012418063	2017	10	Oct	4	Friday	1.224224669	1.154147405	0.915015658	3.40967851
10/14/2017	1.270116005	152413920.6	14367312.98	0.570577193	0.152413921	0.014367313	2017	10	Oct	4	Saturday	1.225593203	1.162140567	0.920910085	3.139035998
10/15/2017	1.324621421	158954570.6	13866879.96	4.29137306	0.158954571	0.01386688	2017	10	Oct	4	Sunday	1.242929326	1.170791051	0.927289909	3.169754719
10/16/2017	1.303378709	156405445.1	11997085.02	-1.603681791	0.156405445	0.011997085	2017	10	Oct	4	Monday	1.263752851	1.179353512	0.933415441	3.16593681
10/17/2017	1.314252006	157710240.7	21526019.67	0.834239269	0.157710241	0.02152602	2017	10	Oct	4	Tuesday	1.278227908	1.187210278	0.9397925	3.13663521
10/18/2017	1.295928829	155511459.5	21347372.38	-1.394190483	0.15551146	0.021347372	2017	10	Oct	4	Wednesday	1.289572717	1.192848408	0.94578324	3.076214273
10/19/2017	1.27926663	153511995.7	10791580.71	-1.28573411	0.153511996	0.010791581	2017	10	Oct	4	Thursday	1.292924818	1.196798605	0.951551127	3.055751919
10/20/2017	1.269150062	152298007.4	15809807.98	-0.790810022	0.152298007	0.015809808	2017	10	Oct	4	Friday	1.293816238	1.202591474	0.956772781	2.848522638
10/21/2017	1.286143785	154337254.2	21796881.8	1.338984583	0.154337254	0.021796882	2017	10	Oct	4	Saturday	1.29610592	1.209826636	0.962089514	2.797216564
10/22/2017	1.267317547	152078105.7	22119307.26	-1.463773977	0.152078106	0.022119307	2017	10	Oct	4	Sunday	1.287919653	1.216615877	0.967089465	2.816287305
10/23/2017	1.338467379	160616085.5	14628123.62	5.614207116	0.160616086	0.014628124	2017	10	Oct	4	Monday	1.29293232	1.225712922	0.972958282	2.957924773
10/24/2017	1.297088217	155650586	13127411.13	-3.091533152	0.155650586	0.013127411	2017	10	Oct	4	Tuesday	1.29048035	1.23236398	0.978335025	3.010604833
10/25/2017	1.293066668	155168000.1	9844372.76	-0.310044372	0.155168	0.009844373	2017	10	Oct	4	Wednesday	1.29007147	1.23844463	0.98350161	3.012943143
10/26/2017	1.276070847	153128501.6	22213528.63	-1.314380844	0.153128502	0.022213529	2017	10	Oct	4	Thursday	1.289614929	1.245717773	0.989037613	2.866090978
10/27/2017	1.357998427	162959811.2	7681553.388	6.420300255	0.162959811	0.007681553	2017	10	Oct	4	Friday	1.302307553	1.255012055	0.995890099	3.044857819
10/28/2017	1.374664836	164959780.3	16426620.54	1.227277484	0.16495978	0.016426621	2017	10	Oct	4	Saturday	1.314953417	1.263798587	1.002630143	3.019169039
10/29/2017	1.438798686	172655842.4	11033749.8	4.665417272	0.172655842	0.01103375	2017	10	Oct	4	Sunday	1.339450723	1.273706105	1.009974757	3.08247807
10/30/2017	1.36165365	163398438	10372695.4	-5.361767245	0.163398438	0.010372695	2017	10	Oct	4	Monday	1.342763047	1.279174619	1.016476341	3.181514547
10/31/2017	1.382211456	165865374.7	13036393.22	1.50976765	0.165865375	0.013036393	2017	10	Oct	4	Tuesday	1.35492351	1.283781292	1.023150627	3.123176305
11/1/2017	1.438443908	172613269	25866987.72	4.068295932	0.172613269	0.025866988	2017	11	Nov	4	Wednesday	1.375691687	1.289296741	1.030278006	3.175945459
11/2/2017	1.449377894	173925347.3	6364964.499	0.760125959	0.173925347	0.006364964	2017	11	Nov	4	Thursday	1.400449837	1.295098816	1.037666859	3.175978704
11/3/2017	1.518957229	182274867.5	18122682.02	4.800634496	0.182274867	0.018122682	2017	11	Nov	4	Friday	1.423443951	1.305768309	1.046048227	3.025598121
11/4/2017	1.494202011	179304241.3	7155791.817	-1.629750842	0.179304241	0.007155792	2017	11	Nov	4	Saturday	1.440520691	1.314731971	1.054039521	3.046715742
11/5/2017	1.587587174	190510460.8	9247853.969	6.249835169	0.190510461	0.009247854	2017	11	Nov	4	Sunday	1.461776189	1.326277869	1.063352474	3.209555127
11/6/2017	1.747891034	209746924.1	17356044.72	10.09732649	0.209746924	0.017356045	2017	11	Nov	4	Monday	1.516952958	1.342523027	1.074262201	3.624260032
11/7/2017	1.730005504	207600660.5	18944643.07	-1.02326342	0.207600661	0.018944643	2017	11	Nov	4	Tuesday	1.566637822	1.360080926	1.085489297	3.48774159
11/8/2017	1.706632783	204795934	12503833.98	-1.35102005	0.204795934	0.012503834	2017	11	Nov	4	Wednesday	1.604950518	1.378381551	1.0960745	3.392513354
11/9/2017	1.816415696	217969883.6	14816471.38	6.432720293	0.217969884	0.014816471	2017	11	Nov	4	Thursday	1.65738449	1.398497854	1.107672479	3.462777382
11/10/2017	1.943023526	233162823.2	9428181.811	6.970201267	0.233162823	0.009428182	2017	11	Nov	4	Friday	1.71796539	1.422714799	1.12054111	3.600288668
11/11/2017	1.910792197	229295063.6	15222067.86	-1.65882343	0.229295064	0.015222068	2017	11	Nov	4	Saturday	1.777478274	1.444547808	1.132652267	3.636041863
11/12/2017	1.886809604	226417152.5	33053963.72	-1.255112563	0.226417152	0.033053964	2017	11	Nov	4	Sunday	1.820224335	1.465344457	1.143815438	3.666749077
11/13/2017	1.873452216	224814265.9	32230471.56	-0.707935135	0.224814266	0.032230472	2017	11	Nov	4	Monday	1.838161647	1.485455664	1.154368758	3.684236832
11/14/2017	1.782758121	213930974.5	15014829.91	-4.841014563	0.213930975	0.01501483	2017	11	Nov	4	Tuesday	1.845697735	1.500726888	1.164591197	3.809513889
11/15/2017	1.725578777	207069453.3	20396853.1	-3.207352879	0.207069453	0.020396853	2017	11	Nov	4	Wednesday	1.848404305	1.514800223	1.174607379	3.859159486
11/16/2017	1.664515247	199741829.7	27794364.61	-3.538727454	0.19974183	0.027794365	2017	11	Nov	4	Thursday	1.826704241	1.526475665	1.184122999	3.94760369
11/17/2017	1.620847689	194501722.7	5979383.378	-2.623439984	0.194501723	0.005979383	2017	11	Nov	4	Friday	1.780679122	1.537306293	1.193095812	3.978116539
11/18/2017	1.625278806	195033456.7	24824253.98	0.273382683	0.195033457	0.024824254	2017	11	Nov	4	Saturday	1.739891494	1.548840033	1.201879459	3.959754927
11/19/2017	1.647329953	197679594.3	28427184.85	1.356760884	0.197679594	0.028427185	2017	11	Nov	4	Sunday	1.705680116	1.561446029	1.211125489	3.94799013
11/20/2017	1.75992987	211191584.4	8650214.715	6.835298352	0.211191584	0.008650215	2017	11	Nov	4	Monday	1.689462638	1.577238898	1.221506251	4.091726596
11/21/2017	1.697961487	203755378.4	10060161.48	-3.521071167	0.203755378	0.010060161	2017	11	Nov	4	Tuesday	1.677348833	1.591593696	1.231424425	4.153472922
11/22/2017	1.773367707	212804124.8	30918216.88	4.440985297	0.212804125	0.030918217	2017	11	Nov	4	Wednesday	1.684175823	1.606090374	1.242350621	4.114468927
11/23/2017	1.765423294	211850795.3	20020920.69	-0.447984497	0.211850795	0.020020921	2017	11	Nov	4	Thursday	1.698591258	1.621701543	1.253625202	4.051143854
11/24/2017	1.769102207	212292264.9	6730428.228	0.20838702	0.212292265	0.006730428	2017	11	Nov	4	Friday	1.719770475	1.637569395	1.265200978	4.045977461
11/25/2017	1.824883015	218985961.8	13339713.78	3.153057404	0.218985962	0.013339714	2017	11	Nov	4	Saturday	1.748285362	1.655863133	1.277781896	4.035189646
11/26/2017	1.75180842	210217010.3	17656807.99	-4.004344127	0.21021701	0.017656808	2017	11	Nov	4	Sunday	1.763210857	1.668990133	1.289806985	4.025827488
11/27/2017	1.785998133	214319776	24250083.19	1.9516811	0.214319776	0.024250083	2017	11	Nov	4	Monday	1.766934895	1.682701243	1.301851492	4.02984708
11/28/2017	1.805177218	216621266.1	25556813.51	1.073858018	0.216621266	0.025556814	2017	11	Nov	4	Tuesday	1.782251428	1.694913861	1.314360957	3.968652525
11/29/2017	1.848493438	221819212.5	33151010.31	2.399554999	0.221819213	0.03315101	2017	11	Nov	4	Wednesday	1.792983675	1.711141854	1.326470405	3.800254905
11/30/2017	1.877503122	225300374.7	14532176.95	1.569369094	0.225300375	0.014532177	2017	11	Nov	4	Thursday	1.808995079	1.727651576	1.338690072	3.800496193
12/1/2017	2.079548583	249545829.9	23603644.74	10.76139143	0.24954583	0.023603645	2017	12	Dec	4	Friday	1.853344561	1.749021732	1.35304603	4.160499584
12/2/2017	2.035269745	244232369.4	22957555.93	-2.129252389	0.244232369	0.022957556	2017	12	Dec	4	Saturday	1.883399808	1.76855146	1.367162226	4.207030435
12/3/2017	2.000439103	240052692.3	18886729.17	-1.711352608	0.240052692	0.018886729	2017	12	Dec	4	Sunday	1.918918477	1.784600856	1.380605592	4.183909023
12/4/2017	1.958953626	235074435.2	11824109.45	-2.073818509	0.235074435	0.011824109	2017	12	Dec	4	Monday	1.943626405	1.800092576	1.393744469	4.19432127
12/5/2017	1.923510632	230821275.8	33998770.79	-1.80928196	0.230821276	0.033998771	2017	12	Dec	4	Tuesday	1.960531178	1.811290025	1.406403559	4.102865305
12/6/2017	1.882514409	225901729.1	29908951.23	-2.131322906	0.225901729	0.029908951	2017	12	Dec	4	Wednesday	1.965391317	1.815777471	1.417619006	3.729653709
12/7/2017	1.982011341	237841360.9	21358145.5	5.285321128	0.237841361	0.021358146	2017	12	Dec	4	Thursday	1.980321063	1.824177666	1.429928702	3.828253914
12/8/2017	2.106160987	252739318.4	25877839.99	6.263821157	0.252739318	0.02587784	2017	12	Dec	4	Friday	1.984122835	1.837495272	1.443110067	3.950195955
12/9/2017	2.066720269	248006432.3	14203657.34	-1.872635473	0.248006432	0.014203657	2017	12	Dec	4	Saturday	1.988615767	1.845838758	1.456087139	3.829352321
12/10/2017	2.006889717	240826766.1	22939820.77	-2.894951612	0.240826766	0.022939821	2017	12	Dec	4	Sunday	1.989537283	1.847967631	1.468363845	3.675073075
12/11/2017	2.053101666	246372199.9	27937724.47	2.302665085	0.2463722	0.027937724	2017	12	Dec	4	Monday	2.002987003	1.85271128	1.480365108	3.678209435
12/12/2017	2.016096497	241931579.6	22214168.14	-1.802403157	0.24193158	0.022214168	2017	12	Dec	4	Tuesday	2.016213555	1.857020843	1.492170902	3.687551845
12/13/2017	2.07585388	249102465.6	37074971.29	2.96401405	0.249102466	0.037074971	2017	12	Dec	4	Wednesday	2.04383348	1.863767565	1.503787932	3.714290943
12/14/2017	2.100915598	252109871.7	26058328.14	1.207296805	0.252109872	0.026058328	2017	12	Dec	4	Thursday	2.060819802	1.874372815	1.515296918	3.581339909
12/15/2017	1.985000056	238200006.7	17749913.1	-5.517382146	0.238200007	0.017749913	2017	12	Dec	4	Friday	2.043511098	1.88302019	1.525724642	3.689432143
12/16/2017	2.119936984	254392438.1	31203329.57	6.797829964	0.254392438	0.03120333	2017	12	Dec	4	Saturday	2.051113485	1.898200915	1.537295619	3.777736881
12/17/2017	2.28663313	274395975.6	13844786.53	7.863259489	0.274395976	0.013844787	2017	12	Dec	4	Sunday	2.09107683	1.920393763	1.550182821	3.924985484
12/18/2017	2.239874427	268784931.2	20465794.72	-2.044871255	0.268784931	0.020465795	2017	12	Dec	4	Monday	2.117758653	1.940880284	1.562172974	3.966991701
12/19/2017	2.213897426	265667691.1	19031124.73	-1.159752541	0.265667691	0.019031125	2017	12	Dec	4	Tuesday	2.146015929	1.959765866	1.574601123	3.988995212
12/20/2017	2.247961537	269755384.4	22070536.21	1.538649006	0.269755384	0.022070536	2017	12	Dec	4	Wednesday	2.170602737	1.976033588	1.587699707	3.839207232
12/21/2017	2.286972255	274436670.6	33978986.43	1.735381936	0.274436671	0.033978986	2017	12	Dec	4	Thursday	2.197182259	1.995667281	1.601292285	3.749922899
12/22/2017	2.356999181	282839901.8	24918411.4	3.061992816	0.282839902	0.024918411	2017	12	Dec	4	Friday	2.250324992	2.015121663	1.615641653	3.715392163
12/23/2017	2.56410184	307692220.9	38548214.98	8.786708991	0.307692221	0.038548215	2017	12	Dec	4	Saturday	2.313777114	2.041744281	1.631936602	3.963985401
12/24/2017	2.555718224	306686186.9	30416727.63	-0.326961128	0.306686187	0.030416728	2017	12	Dec	4	Sunday	2.352217842	2.067964815	1.647992947	3.970388853
12/25/2017	2.484810717	298177286	21184998.86	-2.774464997	0.298177286	0.021184999	2017	12	Dec	4	Monday	2.38720874	2.089962405	1.663847771	4.022547495
12/26/2017	2.360352596	283242311.5	36027699.54	-5.008756594	0.283242312	0.0360277	2017	12	Dec	4	Tuesday	2.408130907	2.110247211	1.678083133	4.070480231
12/27/2017	2.301021972	276122636.6	16179339.75	-2.513633957	0.276122637	0.01617934	2017	12	Dec	4	Wednesday	2.415710969	2.127414673	1.691304834	4.118742306
12/28/2017	2.306658925	276799071	15757052.17	0.244976076	0.276799071	0.015757052	2017	12	Dec	4	Thursday	2.418523351	2.144130729	1.704250232	4.120509961
12/29/2017	2.487670229	298520427.4	27028144.25	7.847337185	0.298520427	0.027028144	2017	12	Dec	4	Friday	2.437190643	2.165436622	1.718584365	4.30478035
12/30/2017	2.445864726	293503767.2	17992341.38	-1.680508201	0.293503767	0.017992341	2017	12	Dec	4	Saturday	2.420299627	2.184382009	1.731938292	4.33289172
12/31/2017	2.477126538	297255184.6	9241795.727	1.278149659	0.297255185	0.009241796	2017	12	Dec	4	Sunday	2.409072243	2.197634608	1.745317694	3.920501148
1/1/2018	2.484779112	298173493.4	32141821.42	0.308929464	0.298173493	0.032141821	2018	1	Jan	1	Monday	2.409067728	2.212618253	1.758756177	3.885857345
1/2/2018	2.615495207	313859424.8	28665176.29	5.260672657	0.313859425	0.028665176	2018	1	Jan	1	Tuesday	2.445516673	2.233120123	1.77449643	3.94234484
1/3/2018	2.904488351	348538602.1	29089776.81	11.04927062	0.348538602	0.029089777	2018	1	Jan	1	Wednesday	2.531726155	2.264637948	1.793154165	4.304268243
1/4/2018	2.854057261	342486871.4	50015488.69	-1.736315768	0.342486871	0.050015489	2018	1	Jan	1	Thursday	2.609925918	2.295656169	1.811074687	4.302407405
1/5/2018	2.809132501	337095900.1	33218745.37	-1.574066555	0.3370959	0.033218745	2018	1	Jan	1	Friday	2.655849099	2.326543438	1.828281312	4.287764101
1/6/2018	2.939814638	352777756.5	47135267.28	4.652046032	0.352777757	0.047135267	2018	1	Jan	1	Saturday	2.726413372	2.358470215	1.847576269	4.269648213
1/7/2018	3.032293535	363875224.2	17005355.04	3.145739057	0.363875224	0.017005355	2018	1	Jan	1	Sunday	2.805722943	2.3893413	1.868406041	4.184482931
1/8/2018	3.276832972	393219956.6	38655399.59	8.064504118	0.393219957	0.0386554	2018	1	Jan	1	Monday	2.918873495	2.42967839	1.891338334	4.315556471
1/9/2018	3.366646484	403997578.1	54199327.39	2.740863302	0.403997578	0.054199327	2018	1	Jan	1	Tuesday	3.02618082	2.475003615	1.915228682	4.233409813
1/10/2018	3.330827907	399699348.9	39959019.45	-1.063924499	0.399699349	0.039959019	2018	1	Jan	1	Wednesday	3.087086471	2.51759449	1.938284526	4.26478042
1/11/2018	3.422993243	410759189.2	47714486.27	2.767039848	0.410759189	0.047714486	2018	1	Jan	1	Thursday	3.16836304	2.564491048	1.96228545	4.216277947
1/12/2018	3.591337609	430960513.1	32169145.82	4.918045535	0.430960513	0.032169146	2018	1	Jan	1	Friday	3.280106627	2.615007173	1.988076801	4.248828071
1/13/2018	3.724744086	446969290.3	18367730.11	3.714673789	0.44696929	0.01836773	2018	1	Jan	1	Saturday	3.392239405	2.669134789	2.01474483	4.258792913
1/14/2018	3.814983034	457797964.1	38889037.66	2.42268853	0.457797964	0.038889038	2018	1	Jan	1	Sunday	3.504052191	2.730134222	2.042651545	4.014411991
1/15/2018	3.995798064	479495767.7	37083016.83	4.739602464	0.479495768	0.037083017	2018	1	Jan	1	Monday	3.60676149	2.792662924	2.072446501	3.951584831
1/16/2018	4.180197782	501623733.9	67241267.95	4.614840775	0.501623734	0.067241268	2018	1	Jan	1	Tuesday	3.722983104	2.855781746	2.104493934	3.83405152
1/17/2018	4.410469993	529256399.2	31374020.99	5.50864393	0.529256399	0.031374021	2018	1	Jan	1	Wednesday	3.877217687	2.928134932	2.139285083	3.80032287
1/18/2018	4.518856055	542262726.6	79174754.37	2.457471917	0.542262727	0.079174754	2018	1	Jan	1	Thursday	4.033769518	3.004966886	2.175392927	3.741994518
1/19/2018	4.481224003	537746880.4	77960700.6	-0.83277828	0.53774688	0.077960701	2018	1	Jan	1	Friday	4.160896145	3.079408968	2.210893818	3.787179936
1/20/2018	4.500010147	540001217.7	32246603.19	0.419219034	0.540001218	0.032246603	2018	1	Jan	1	Saturday	4.27164844	3.153176898	2.246812625	3.802659801
1/21/2018	4.714522608	565742712.9	40601224.29	4.766932813	0.565742713	0.040601224	2018	1	Jan	1	Sunday	4.400154093	3.231761012	2.28432435	3.826338262
1/22/2018	4.555205372	546624644.7	75142679.98	-3.379286695	0.546624645	0.07514268	2018	1	Jan	1	Monday	4.480069423	3.29813113	2.320525651	3.77112987
1/23/2018	4.61499426	553799311.2	80851745.75	1.312539888	0.553799311	0.080851746	2018	1	Jan	1	Tuesday	4.542183206	3.366773664	2.357435958	3.748038871
1/24/2018	4.535171044	544220525.2	45286055.13	-1.729649308	0.544220525	0.045286055	2018	1	Jan	1	Wednesday	4.559997641	3.435119008	2.393648182	3.706230038
1/25/2018	4.532578271	543909392.5	37268478.75	-0.05717034	0.543909393	0.037268479	2018	1	Jan	1	Thursday	4.561957958	3.507526531	2.428921292	3.482685121
1/26/2018	4.762153202	571458384.3	53220651.7	5.064996511	0.571458384	0.053220652	2018	1	Jan	1	Friday	4.602090701	3.589564239	2.466560051	3.398665804
1/27/2018	4.790368437	574844212.4	64688544.1	0.59248901	0.574844212	0.064688544	2018	1	Jan	1	Saturday	4.643570456	3.672354556	2.503799715	3.391270237
1/28/2018	4.79091168	574909401.6	36114050.45	0.011340331	0.574909402	0.03611405	2018	1	Jan	1	Sunday	4.654483181	3.749129271	2.541902582	3.266249206
1/29/2018	4.529333788	543520054.5	64340154.44	-5.459877162	0.543520055	0.064340154	2018	1	Jan	1	Monday	4.65078724	3.818578239	2.576870608	3.488726058
1/30/2018	4.658370909	559004509	20235338.74	2.848920552	0.559004509	0.020235339	2018	1	Jan	1	Tuesday	4.656983904	3.891286385	2.612647575	3.48724721
1/31/2018	4.77177485	572612982	20565589.44	2.434412015	0.572612982	0.020565589	2018	1	Jan	1	Wednesday	4.690784448	3.967519576	2.649563097	3.469363963
2/1/2018	5.193843551	623261226.1	47588814.63	8.845109298	0.623261226	0.047588815	2018	2	Feb	1	Thursday	4.785250917	4.053464521	2.690395167	3.634222372
2/2/2018	5.121158198	614538983.7	44502936.26	-1.399452108	0.614538984	0.044502936	2018	2	Feb	1	Friday	4.836537344	4.127353516	2.73069468	3.305503919
2/3/2018	5.157008361	618841003.3	42004443.18	0.700040142	0.618841003	0.042004443	2018	2	Feb	1	Saturday	4.888914476	4.204118553	2.770354915	3.240847363
2/4/2018	5.199352908	623922348.9	55480654.91	0.821106814	0.623922349	0.055480655	2018	2	Feb	1	Sunday	4.947263223	4.283792566	2.808704492	3.177590252
2/5/2018	5.528003126	663360375.1	45432245.19	6.320983088	0.663360375	0.045432245	2018	2	Feb	1	Monday	5.089930272	4.370065516	2.850904465	3.237468654
2/6/2018	5.496993357	659639202.9	35007679.3	-0.560957869	0.659639203	0.035007679	2018	2	Feb	1	Tuesday	5.209733479	4.452222177	2.893019583	3.269793215
2/7/2018	5.548572308	665828677	44701304.36	0.938312048	0.665828677	0.044701304	2018	2	Feb	1	Wednesday	5.320704544	4.527946821	2.93448799	3.070846377
2/8/2018	5.674753018	680970362.2	100094820.8	2.274111301	0.680970362	0.100094821	2018	2	Feb	1	Thursday	5.389405897	4.604883706	2.975951651	3.067178703
2/9/2018	5.706774088	684812890.6	54328678.81	0.564272492	0.684812891	0.054328679	2018	2	Feb	1	Friday	5.473065309	4.684081912	3.018129227	3.028914855
2/10/2018	5.595434438	671452132.6	55975965.07	-1.951008547	0.671452133	0.055975965	2018	2	Feb	1	Saturday	5.535697606	4.756496618	3.05933617	3.101522076
2/11/2018	5.62860083	675432099.6	66993002.15	0.592740238	0.6754321	0.066993002	2018	2	Feb	1	Sunday	5.597018738	4.824405392	3.101060043	3.046690864
2/12/2018	5.864658764	703759051.6	104156967.5	4.193900779	0.703759052	0.104156968	2018	2	Feb	1	Monday	5.6451124	4.895735881	3.146414495	3.059643495
2/13/2018	5.618212825	674185539	39771656.58	-4.202221279	0.674185539	0.039771657	2018	2	Feb	1	Tuesday	5.662429467	4.955843541	3.189665984	3.23023617
2/14/2018	5.637575294	676509035.3	75602491.46	0.344637513	0.676509035	0.075602491	2018	2	Feb	1	Wednesday	5.67514418	5.010569449	3.233811096	3.170233678
2/15/2018	5.471553514	656586421.7	76110292	-2.944914636	0.656586422	0.076110292	2018	2	Feb	1	Thursday	5.646115679	5.05361464	3.276596716	3.189977709
2/16/2018	5.728590102	687430812.2	70722146.42	4.697689369	0.687430812	0.070722146	2018	2	Feb	1	Friday	5.649232252	5.097551977	3.322189064	3.153238716
2/17/2018	5.379732011	645567841.3	26229034.54	-6.089772266	0.645567841	0.026229035	2018	2	Feb	1	Saturday	5.61841762	5.126247842	3.363660198	3.387249103
2/18/2018	5.25074423	630089307.6	70081477.26	-2.397661828	0.630089308	0.070081477	2018	2	Feb	1	Sunday	5.564438106	5.151898516	3.402447024	3.422543496
2/19/2018	5.320343844	638441261.3	24063722.82	1.325519036	0.638441261	0.024063723	2018	2	Feb	1	Monday	5.486678831	5.179242973	3.442695717	3.42502205
2/20/2018	5.653246462	678389575.5	68881722.34	6.257163599	0.678389575	0.068881722	2018	2	Feb	1	Tuesday	5.491683637	5.210533768	3.485805481	3.497344575
2/21/2018	5.627483949	675298073.9	80191471.55	-0.455711842	0.675298074	0.080191472	2018	2	Feb	1	Wednesday	5.490242016	5.246276387	3.528717266	3.420639255
2/22/2018	5.493185273	659182232.7	36463579.41	-2.386478171	0.659182233	0.036463579	2018	2	Feb	1	Thursday	5.493332267	5.275549421	3.570095967	3.466509759
2/23/2018	5.910909327	709309119.3	92915693.37	7.604404981	0.709309119	0.092915693	2018	2	Feb	1	Friday	5.519377871	5.321407364	3.615496259	3.659998076
2/24/2018	5.567329444	668079533.3	22475836.75	-5.812640059	0.668079533	0.022475837	2018	2	Feb	1	Saturday	5.546177504	5.35589907	3.657890937	3.860038633
2/25/2018	5.08853921	610624705.2	80149098.9	-8.599998229	0.610624705	0.080149099	2018	2	Feb	1	Sunday	5.523005359	5.366778603	3.694585838	4.131139996
2/26/2018	5.168642407	620237088.9	52868690.7	1.574188462	0.620237089	0.052868691	2018	2	Feb	1	Monday	5.501333725	5.379387736	3.731957674	4.137391011
2/27/2018	5.055807933	606696951.9	34042101.35	-2.183058255	0.606696952	0.034042101	2018	2	Feb	1	Tuesday	5.415985363	5.388217611	3.767594501	4.162654401
2/28/2018	4.843749741	581249968.9	26768524.18	-4.194348251	0.581249969	0.026768524	2018	2	Feb	1	Wednesday	5.304023334	5.398698142	3.800552797	4.108720692
3/1/2018	4.972959827	596755179.3	86169574.14	2.667563214	0.596755179	0.086169574	2018	3	Mar	1	Thursday	5.229705413	5.40918444	3.832701811	4.10498089
3/2/2018	5.011573494	601388819.3	23285697.21	0.77647252	0.601388819	0.023285697	2018	3	Mar	1	Friday	5.101228865	5.417177728	3.865771853	4.086362609
3/3/2018	4.889843828	586781259.3	31622352.3	-2.428970989	0.586781259	0.031622352	2018	3	Mar	1	Saturday	5.004445206	5.407044404	3.897876349	3.77460333
3/4/2018	4.636281192	556353743	39912084.08	-5.185495589	0.556353743	0.039912084	2018	3	Mar	1	Sunday	4.939836917	5.390881837	3.927624434	3.880261053
3/5/2018	4.791128676	574935441.1	60039462.81	3.339907085	0.574935441	0.060039463	2018	3	Mar	1	Monday	4.885906384	5.378685847	3.959486856	3.932320411
3/6/2018	4.907280445	588873653.5	56164490.26	2.424309128	0.588873653	0.05616449	2018	3	Mar	1	Tuesday	4.864688172	5.368950099	3.993095368	3.957069931
3/7/2018	4.877775919	585333110.3	26385188.85	-0.60123986	0.58533311	0.026385189	2018	3	Mar	1	Wednesday	4.869549054	5.347275858	4.02527053	3.765951196
3/8/2018	5.240840658	628900878.9	40732248.4	7.443243488	0.628900879	0.040732248	2018	3	Mar	1	Thursday	4.907817744	5.338737435	4.060100304	4.024925615
3/9/2018	5.010802733	601296328	35266157.43	-4.389332543	0.601296328	0.035266157	2018	3	Mar	1	Friday	4.907707636	5.320811783	4.092812331	4.095340764
3/10/2018	4.704329213	564519505.5	31401477.96	-6.116255955	0.564519506	0.031401478	2018	3	Mar	1	Saturday	4.881205548	5.288464322	4.122783881	4.201568275
3/11/2018	4.56630961	547957153.2	43473452.22	-2.933884857	0.547957153	0.043473452	2018	3	Mar	1	Sunday	4.871209608	5.25044884	4.150708414	4.21843683
3/12/2018	4.548378274	545805392.9	62485861.42	-0.392687703	0.545805393	0.062485861	2018	3	Mar	1	Monday	4.836530979	5.215546968	4.178844878	4.211508641
3/13/2018	4.583135852	549976302.3	30850564.22	0.764175188	0.549976302	0.030850564	2018	3	Mar	1	Tuesday	4.790224609	5.180698135	4.206703567	4.213302188
3/14/2018	4.529462861	543535543.3	40222426.79	-1.171097547	0.543535543	0.040222427	2018	3	Mar	1	Wednesday	4.7404656	5.136191605	4.233687425	4.115680707
3/15/2018	4.583876768	550065212.2	42305565.65	1.20133246	0.550065212	0.042305566	2018	3	Mar	1	Thursday	4.646613616	5.101713736	4.262563833	4.078618385
3/16/2018	4.350684317	522082118	76837322.7	-5.087232127	0.522082118	0.076837323	2018	3	Mar	1	Friday	4.552310985	5.05881737	4.287349915	4.155294699
3/17/2018	4.599388697	551926643.6	79786495.09	5.716442796	0.551926644	0.079786495	2018	3	Mar	1	Saturday	4.537319483	5.02974521	4.313047199	4.297887555
3/18/2018	4.574360959	548923315.1	69173400.38	-0.544153579	0.548923315	0.0691734	2018	3	Mar	1	Sunday	4.538469675	4.991270905	4.338985938	4.184871994
3/19/2018	4.773016096	572761931.5	33792421.57	4.342795394	0.572761931	0.033792422	2018	3	Mar	1	Monday	4.570560793	4.971047041	4.36742059	4.151656962
3/20/2018	4.828311622	579397394.6	22112398.94	1.158502823	0.579397395	0.022112399	2018	3	Mar	1	Tuesday	4.605585903	4.956965954	4.396091146	4.140888934
3/21/2018	4.906526139	588783136.7	40054031.57	1.619914433	0.588783137	0.040054032	2018	3	Mar	1	Wednesday	4.659452085	4.943172031	4.4251973	4.144966364
3/22/2018	5.008546768	601025612.1	37272811.25	2.079284321	0.601025612	0.037272811	2018	3	Mar	1	Thursday	4.720119228	4.921682041	4.45465894	3.988230886
3/23/2018	5.087734974	610528196.9	55381681.89	1.581061541	0.610528197	0.055381682	2018	3	Mar	1	Friday	4.825412179	4.903690409	4.482699308	4.003248716
3/24/2018	5.208593319	625031198.2	77083440.85	2.375484275	0.625031198	0.077083441	2018	3	Mar	1	Saturday	4.912441411	4.89420401	4.512175698	4.010334999
3/25/2018	5.480704339	657684520.7	87471220.9	5.22427081	0.657684521	0.087471221	2018	3	Mar	1	Sunday	5.041919037	4.879863844	4.545463405	3.873902684
3/26/2018	5.51152646	661383175.3	86894962.23	0.562375193	0.661383175	0.086894962	2018	3	Mar	1	Monday	5.147420517	4.878003744	4.580476448	3.726215128
3/27/2018	5.657252244	678870269.2	49666873.49	2.644018569	0.678870269	0.049666873	2018	3	Mar	1	Tuesday	5.265840606	4.896960845	4.617767896	3.37692489
3/28/2018	5.624177569	674901308.3	75904882.15	-0.584642031	0.674901308	0.075904882	2018	3	Mar	1	Wednesday	5.368362239	4.912145351	4.654629214	3.374238053
3/29/2018	5.944072539	713288704.7	48175593.08	5.687853304	0.713288705	0.048175593	2018	3	Mar	1	Thursday	5.502008778	4.941754171	4.693033684	3.476004149
3/30/2018	5.772141109	692656933.1	25842105.61	-2.892485393	0.692656933	0.025842106	2018	3	Mar	1	Friday	5.599781083	4.97270055	4.729992311	3.421798728
3/31/2018	6.189003425	742680410.9	84805065.9	7.221970285	0.742680411	0.084805066	2018	3	Mar	1	Saturday	5.739839669	5.013235337	4.771235387	3.610557482
4/1/2018	6.164765872	739771904.7	23065574.81	-0.391622858	0.739771905	0.023065575	2018	4	Apr	2	Sunday	5.837562745	5.051675083	4.812124129	3.617051516
4/2/2018	5.808315007	696997800.8	55133857.65	-5.782066556	0.696997801	0.055133858	2018	4	Apr	2	Monday	5.879961109	5.082290788	4.847599904	3.767527174
4/3/2018	5.824510318	698941238.1	48594247.66	0.278829764	0.698941238	0.048594248	2018	4	Apr	2	Tuesday	5.90385512	5.121898426	4.880044593	3.60454942
4/4/2018	5.654670911	678560509.3	76816649.17	-2.915943097	0.678560509	0.076816649	2018	4	Apr	2	Wednesday	5.908211311	5.150683167	4.911162522	3.63492645
4/5/2018	5.834248341	700109801	85378009.88	3.175736182	0.700109801	0.08537801	2018	4	Apr	2	Thursday	5.89252214	5.181582097	4.944774921	3.650362757
4/6/2018	5.670441154	680452938.4	45244238.79	-2.807682808	0.680452938	0.045244239	2018	4	Apr	2	Friday	5.877993575	5.208004272	4.975115215	3.698200123
4/7/2018	5.556867794	666824135.3	84950221.91	-2.002901655	0.666824135	0.084950222	2018	4	Apr	2	Saturday	5.787688485	5.218538509	5.00316604	3.488937403
4/8/2018	5.14001757	616802108.4	40258680.56	-7.501532151	0.616802108	0.040258681	2018	4	Apr	2	Sunday	5.641295871	5.222845671	5.023868091	3.67316997
4/9/2018	5.035718381	604286205.7	50493649.68	-2.029160166	0.604286206	0.05049365	2018	4	Apr	2	Monday	5.530924924	5.233891976	5.042413335	3.504659109
4/10/2018	4.559355675	547122681	64145879.51	-9.459677239	0.547122681	0.06414588	2018	4	Apr	2	Tuesday	5.350188547	5.233660178	5.056063643	3.892498705
4/11/2018	4.269060419	512287250.3	57965521.38	-6.36702369	0.51228725	0.057965521	2018	4	Apr	2	Wednesday	5.152244191	5.224349583	5.06546439	4.06590021
4/12/2018	4.390166226	526819947.1	78224447.17	2.836825778	0.526819947	0.078224447	2018	4	Apr	2	Thursday	4.945946746	5.217917262	5.074340263	4.099093842
4/13/2018	4.51924048	542308857.7	30922083.87	2.940076708	0.542308858	0.030922084	2018	4	Apr	2	Friday	4.781489507	5.217576516	5.083168001	4.129312524
4/14/2018	4.58548149	550257778.9	60241203.45	1.46575537	0.550257779	0.060241203	2018	4	Apr	2	Saturday	4.642720035	5.217630007	5.091729095	4.132078631
4/15/2018	4.400582302	528069876.2	54476654.27	-4.032274235	0.528069876	0.054476654	2018	4	Apr	2	Sunday	4.537086425	5.219293273	5.096226698	4.090828055
4/16/2018	4.381263166	525751579.9	73506282.39	-0.439013166	0.52575158	0.073506282	2018	4	Apr	2	Monday	4.443592823	5.212022422	5.098460757	3.952479362
4/17/2018	4.369678344	524361401.2	25569674.64	-0.264417409	0.524361401	0.025569675	2018	4	Apr	2	Tuesday	4.416496061	5.205199668	5.098007517	3.951689125
4/18/2018	4.161347418	499361690.2	60031154.91	-4.767648982	0.49936169	0.060031155	2018	4	Apr	2	Wednesday	4.40110849	5.184810712	5.094035199	3.950474981
4/19/2018	4.40811233	528973479.6	51941087.66	5.929928135	0.52897348	0.051941088	2018	4	Apr	2	Thursday	4.403672219	5.170804069	5.093222847	4.107462646
4/20/2018	4.553973987	546476878.4	34406132.01	3.308936936	0.546476878	0.034406132	2018	4	Apr	2	Friday	4.408634148	5.159052331	5.093822445	4.144963316
4/21/2018	4.50238977	540286772.5	46968312.19	-1.132729712	0.540286772	0.046968312	2018	4	Apr	2	Saturday	4.396763902	5.142180431	5.091465413	4.126457528
4/22/2018	4.49568346	539482015.2	37792437	-0.148950013	0.539482015	0.037792437	2018	4	Apr	2	Sunday	4.410349782	5.122445381	5.090804059	4.111741018
4/23/2018	4.52163752	542596502.4	53997906.21	0.577310654	0.542596502	0.053997906	2018	4	Apr	2	Monday	4.430403261	5.099546854	5.089766762	4.083970639
4/24/2018	4.156249714	498749965.6	68169181.86	-8.080873462	0.498749966	0.068169182	2018	4	Apr	2	Tuesday	4.399913457	5.055398367	5.085556525	4.174819977
4/25/2018	4.104654011	492558481.3	48426674.26	-1.241400456	0.492558481	0.048426674	2018	4	Apr	2	Wednesday	4.391814399	5.008502618	5.080801811	4.167021926
4/26/2018	3.98375339	478050406.8	50580931.29	-2.945452175	0.478050407	0.050580931	2018	4	Apr	2	Thursday	4.331191693	4.952719323	5.072152924	4.128222446
4/27/2018	3.817244608	458069352.9	42256779.47	-4.179696027	0.458069353	0.042256779	2018	4	Apr	2	Friday	4.225944639	4.892488224	5.061340437	4.165394716
4/28/2018	3.764597054	451751646.5	16326241.61	-1.379203045	0.451751646	0.016326242	2018	4	Apr	2	Saturday	4.120545679	4.819839042	5.049936941	3.957136101
4/29/2018	4.034534593	484144151.1	28052777.54	7.17042316	0.484144151	0.028052778	2018	4	Apr	2	Sunday	4.05466727	4.761918824	5.044439172	4.245267769
4/30/2018	4.128251294	495390155.3	44109642.24	2.322862756	0.495390155	0.044109642	2018	4	Apr	2	Monday	3.998469237	4.693227087	5.038548954	4.001376236
5/1/2018	4.02418519	482902222.7	32464663.65	-2.520827761	0.482902223	0.032464664	2018	5	May	2	Tuesday	3.979602877	4.621874397	5.030242403	4.004286276
5/2/2018	4.106322466	492758695.9	25530632.08	2.041090864	0.492758696	0.025530632	2018	5	May	2	Wednesday	3.979841228	4.565141313	5.018158835	3.959040801
5/3/2018	4.33096521	519715825.2	47032172.67	5.470655219	0.519715825	0.047032173	2018	5	May	2	Thursday	4.029442916	4.515356476	5.009378913	4.129925272
5/4/2018	4.481914551	537829746.2	36968897.5	3.485351045	0.537829746	0.036968897	2018	5	May	2	Friday	4.124395765	4.476264597	5.00187787	4.187105383
5/5/2018	4.480327416	537639289.9	32781435.9	-0.035411991	0.53763929	0.032781436	2018	5	May	2	Saturday	4.22664296	4.431133899	4.993888698	4.125577062
5/6/2018	4.353870517	522464462.1	44763840.85	-2.822492355	0.522464462	0.044763841	2018	5	May	2	Sunday	4.272262378	4.387248212	4.98084278	4.125827336
5/7/2018	4.46480965	535777158	24642594.06	2.548057685	0.535777158	0.024642594	2018	5	May	2	Monday	4.320342143	4.350846273	4.969374073	4.163316793
5/8/2018	4.523039278	542764713.3	76708659.02	1.30419061	0.542764713	0.076708659	2018	5	May	2	Tuesday	4.391607013	4.33028033	4.957979261	3.968875496
5/9/2018	4.674843677	560981241.2	75241189.23	3.356247642	0.560981241	0.075241189	2018	5	May	2	Wednesday	4.472824328	4.318251174	4.946869157	4.011781461
5/10/2018	4.781680009	573801601.1	65938107.04	2.285345552	0.573801601	0.065938107	2018	5	May	2	Thursday	4.537212157	4.325661985	4.936590334	3.628612118
5/11/2018	4.972629815	596715577.8	25507000.79	3.993362286	0.596715578	0.025507001	2018	5	May	2	Friday	4.607314337	4.349114298	4.929670283	3.469324985
5/12/2018	4.85349721	582419665.2	71698930.45	-2.395766615	0.582419665	0.07169893	2018	5	May	2	Saturday	4.660624308	4.364558664	4.92105802	3.482844843
5/13/2018	5.101530384	612183646.1	77719700.94	5.110401081	0.612183646	0.077719701	2018	5	May	2	Sunday	4.76743286	4.383968327	4.912578816	3.5592614
5/14/2018	5.127278061	615273367.3	75144415.61	0.504704957	0.615273367	0.075144416	2018	5	May	2	Monday	4.862071205	4.402028213	4.907123986	3.554275476
5/15/2018	5.55501265	666601518	29114425.54	8.342332603	0.666601518	0.029114426	2018	5	May	2	Tuesday	5.009495972	4.440509225	4.906206623	3.731694955
5/16/2018	5.388318543	646598225.2	69359915.82	-3.00078717	0.646598225	0.069359916	2018	5	May	2	Wednesday	5.111420953	4.474077737	4.90528179	3.790967414
5/17/2018	5.758959706	691075164.7	89921992.42	6.878605257	0.691075165	0.089921992	2018	5	May	2	Thursday	5.251032338	4.520387116	4.90561923	3.945498518
5/18/2018	5.787745381	694529445.7	68954555.9	0.499841581	0.694529446	0.068954556	2018	5	May	2	Friday	5.367477419	4.574600381	4.910152712	3.794318923
5/19/2018	5.622295999	674675519.8	72574093.42	-2.85861543	0.67467552	0.072574093	2018	5	May	2	Saturday	5.477305818	4.61507317	4.914281065	3.753585007
5/20/2018	5.498212721	659785526.6	56084156.55	-2.206985851	0.659785527	0.056084157	2018	5	May	2	Sunday	5.533974723	4.646547795	4.916257386	3.765676786
5/21/2018	5.412070963	649448515.6	60687637.56	-1.566722903	0.649448516	0.060687638	2018	5	May	2	Monday	5.574659423	4.676870501	4.913577658	3.773777465
5/22/2018	5.488226782	658587213.8	22474435.54	1.407147449	0.658587214	0.022474436	2018	5	May	2	Tuesday	5.565118585	4.709955279	4.912030356	3.772633776
5/23/2018	5.587373807	670484856.9	71524349.34	1.806540239	0.670484857	0.071524349	2018	5	May	2	Wednesday	5.593555051	4.745479822	4.913076895	3.777529051
5/24/2018	5.44411919	653294302.8	25983909.1	-2.563898934	0.653294303	0.025983909	2018	5	May	2	Thursday	5.548577835	4.788408804	4.907890338	3.451703442
5/25/2018	5.422300267	650676032	53486709.38	-0.400779664	0.650676032	0.053486709	2018	5	May	2	Friday	5.49637139	4.832330346	4.906278903	3.436592592
5/26/2018	5.889392646	706727117.5	46021088.76	8.614284638	0.706727118	0.046021089	2018	5	May	2	Saturday	5.534528054	4.895851655	4.915177274	3.623299621
5/27/2018	6.291377222	754965266.6	72062456.94	6.82556929	0.754965267	0.072062457	2018	5	May	2	Sunday	5.647837268	4.978322742	4.927652106	3.598690975
5/28/2018	6.382383872	765886064.7	35238387.4	1.446529868	0.765886065	0.035238387	2018	5	May	2	Monday	5.786453398	5.065582302	4.942391838	3.550883034
5/29/2018	6.372257068	764670848.2	86405671.07	-0.158668049	0.764670848	0.086405671	2018	5	May	2	Tuesday	5.912743439	5.143506385	4.959375253	3.420866593
5/30/2018	6.382947377	765953685.3	96051652.55	0.167763304	0.765953685	0.096051653	2018	5	May	2	Wednesday	6.026396806	5.218662921	4.975041781	3.427576409
5/31/2018	6.521005416	782520649.9	38815007.12	2.162919892	0.78252065	0.038815007	2018	5	May	2	Thursday	6.180237696	5.301890262	4.991813247	3.342863397
6/1/2018	6.239858625	748783035	31836435.47	-4.31140251	0.748783035	0.031836435	2018	6	Jun	2	Friday	6.297031747	5.373008134	5.006813412	3.515587445
6/2/2018	6.156360355	738763242.6	35063076.07	-1.338143617	0.738763243	0.035063076	2018	6	Jun	2	Saturday	6.335169991	5.433854639	5.02370318	3.467386548
6/3/2018	5.740510579	688861269.5	93172142.78	-6.754799129	0.68886127	0.093172143	2018	6	Jun	2	Sunday	6.256474756	5.47580784	5.034251868	3.732235725
6/4/2018	5.814211538	697705384.5	65153620.57	1.283874619	0.697705385	0.065153621	2018	6	Jun	2	Monday	6.17530728	5.520270644	5.04432888	3.728669895
6/5/2018	5.947454491	713694538.9	61428630.7	2.291677084	0.713694539	0.061428631	2018	6	Jun	2	Tuesday	6.114621197	5.573390109	5.056214197	3.667186041
6/6/2018	5.814694073	697763288.7	29868049.44	-2.232222517	0.697763289	0.029868049	2018	6	Jun	2	Wednesday	6.033442154	5.618386257	5.062590347	3.706152522
6/7/2018	6.172363619	740683634.2	79954369.47	6.151132655	0.740683634	0.079954369	2018	6	Jun	2	Thursday	5.983636183	5.673363735	5.075496579	3.825851597
6/8/2018	5.857759235	702931108.2	94305203.05	-5.096983961	0.702931108	0.094305203	2018	6	Jun	2	Friday	5.929050556	5.712794253	5.088312468	3.963620964
6/9/2018	5.506282135	660753856.2	85489856.5	-6.000197107	0.660753856	0.085489857	2018	6	Jun	2	Saturday	5.836182238	5.736947658	5.098756607	4.143279031
6/10/2018	5.53751931	664502317.2	69856846.1	0.567300668	0.664502317	0.069856846	2018	6	Jun	2	Sunday	5.807183486	5.755777308	5.109747063	4.092092325
6/11/2018	5.755124669	690614960.3	26957081.76	3.929654182	0.69061496	0.026957082	2018	6	Jun	2	Monday	5.798742505	5.785831556	5.122769161	4.103927779
6/12/2018	6.135484487	736258138.5	32018131.27	6.609063046	0.736258138	0.032018131	2018	6	Jun	2	Tuesday	5.825603933	5.820296693	5.140613846	4.168704646
6/13/2018	6.003579215	720429505.8	25875723.08	-2.149875412	0.720429506	0.025875723	2018	6	Jun	2	Wednesday	5.852587524	5.849506731	5.156388317	4.201040047
6/14/2018	6.247028822	749643458.7	45651417.01	4.05507446	0.749643459	0.045651417	2018	6	Jun	2	Thursday	5.863253982	5.872573937	5.177458812	3.996950956
6/15/2018	6.216139814	745936777.6	34521488.65	-0.494459197	0.745936778	0.034521489	2018	6	Jun	2	Friday	5.914451207	5.900167979	5.195422713	3.947825775
6/16/2018	6.15218869	738262642.8	45185929.7	-1.028791593	0.738262643	0.04518593	2018	6	Jun	2	Saturday	6.006723572	5.913275612	5.212954132	3.770872756
6/17/2018	6.351547115	762185653.8	58083856.73	3.240447186	0.762185654	0.058083857	2018	6	Jun	2	Sunday	6.123013259	5.932069003	5.230493366	3.809171195
6/18/2018	6.496837484	779620498.1	111608859.9	2.287479993	0.779620498	0.11160886	2018	6	Jun	2	Monday	6.228972232	5.961220386	5.249032542	3.774013236
6/19/2018	6.07853606	729424327.2	75309507.43	-6.438539138	0.729424327	0.075309507	2018	6	Jun	2	Tuesday	6.220836743	5.980564498	5.262054874	3.955380181
6/20/2018	6.425723636	771086836.4	100393080.5	5.711697232	0.771086836	0.10039308	2018	6	Jun	2	Wednesday	6.281143089	6.01435292	5.277801284	4.051969836
6/21/2018	6.766447238	811973668.6	93573615.74	5.302493867	0.811973669	0.093573616	2018	6	Jun	2	Thursday	6.35534572	6.056960269	5.296453643	4.138460267
6/22/2018	6.575800023	789096002.8	34325972.56	-2.817537887	0.789096003	0.034325973	2018	6	Jun	2	Friday	6.40672575	6.089907809	5.311644828	4.184868592
6/23/2018	6.656874697	798824963.7	94509339.94	1.23292487	0.798824964	0.09450934	2018	6	Jun	2	Saturday	6.478823751	6.130332993	5.324713388	4.142182437
6/24/2018	6.765336362	811840363.4	51155576.02	1.629318105	0.811840363	0.051155576	2018	6	Jun	2	Sunday	6.5379365	6.175100862	5.338644609	4.139226983
6/25/2018	6.811540761	817384891.3	87209198.51	0.682957899	0.817384891	0.087209199	2018	6	Jun	2	Monday	6.582894111	6.205839133	5.351470037	3.868886297
6/26/2018	6.63901827	796682192.4	56497065.7	-2.532796867	0.796682192	0.056497066	2018	6	Jun	2	Tuesday	6.662962998	6.217427168	5.362746045	3.720593192
6/27/2018	6.43940073	772728087.5	115693368.2	-3.006732809	0.772728088	0.115693368	2018	6	Jun	2	Wednesday	6.664916869	6.21932773	5.368249691	3.759699439
6/28/2018	6.409157205	769098864.6	47396623.18	-0.469663648	0.769098865	0.047396623	2018	6	Jun	2	Thursday	6.613875436	6.220557734	5.375327648	3.760860558
6/29/2018	6.692110844	803053301.3	50990396.56	4.414833805	0.803053301	0.050990397	2018	6	Jun	2	Friday	6.630491267	6.230863183	5.38091773	3.843013228
6/30/2018	6.813755873	817650704.8	115845300.2	1.817737812	0.817650705	0.1158453	2018	6	Jun	2	Saturday	6.652902864	6.240621532	5.38812873	3.837537311
7/1/2018	6.688345798	802601495.7	26451601.2	-1.84054254	0.802601496	0.026451601	2018	7	Jul	3	Sunday	6.641904212	6.255571104	5.39790685	3.762764156
7/2/2018	6.872029621	824643554.5	93681716.64	2.746326651	0.824643555	0.093681717	2018	7	Jul	3	Monday	6.650545477	6.279426747	5.409545954	3.775312702
7/3/2018	6.108735817	733048298	85795362.09	-11.10725428	0.733048298	0.085795362	2018	7	Jul	3	Tuesday	6.574790841	6.291700921	5.414591119	4.128318552
7/4/2018	6.37159227	764591072.4	99676243.38	4.3029599	0.764591072	0.099676243	2018	7	Jul	3	Wednesday	6.565103918	6.310280279	5.420561607	4.189691416
7/5/2018	5.920473459	710456815.1	104389350.4	-7.080158163	0.710456815	0.10438935	2018	7	Jul	3	Thursday	6.495291955	6.309380911	5.423339744	4.387863366
7/6/2018	5.812732514	697527901.6	102586984.2	-1.81980287	0.697527902	0.102586984	2018	7	Jul	3	Friday	6.369666479	6.309315526	5.426182685	4.381011557
7/7/2018	5.536553257	664386390.8	25135870.45	-4.751281025	0.664386391	0.02513587	2018	7	Jul	3	Saturday	6.187208962	6.288121847	5.430588637	4.312829572
7/8/2018	5.236582125	628389855	80823954.79	-5.418012217	0.628389855	0.080823955	2018	7	Jul	3	Sunday	5.979814152	6.267415943	5.432820457	4.325598208
7/9/2018	5.463895148	655667417.8	70521746.37	4.340866196	0.655667418	0.070521746	2018	7	Jul	3	Monday	5.778652084	6.266003044	5.442870895	4.265732959
7/10/2018	5.341407526	640968903.1	69020208.43	-2.241763781	0.640968903	0.069020208	2018	7	Jul	3	Tuesday	5.669033757	6.259465984	5.454785863	4.285087422
7/11/2018	5.394392021	647327042.5	29389936.68	0.991957555	0.647327043	0.029389937	2018	7	Jul	3	Wednesday	5.529433721	6.247441563	5.465943928	4.22462574
7/12/2018	5.362705477	643524657.2	69515116.52	-0.587397879	0.643524657	0.069515117	2018	7	Jul	3	Thursday	5.449752581	6.221682262	5.475315761	4.028679196
7/13/2018	5.443980413	653277649.6	96618398.81	1.515558457	0.65327765	0.096618399	2018	7	Jul	3	Friday	5.397073709	6.203028969	5.484854638	4.028344596
7/14/2018	5.438580491	652629659	90988470.82	-0.09919069	0.652629659	0.090988471	2018	7	Jul	3	Saturday	5.3830776	6.176080691	5.496387951	3.945976782
7/15/2018	5.145421737	617450608.5	51060497.5	-5.390354237	0.617450608	0.051060498	2018	7	Jul	3	Sunday	5.370054688	6.140390089	5.504878602	4.050563287
7/16/2018	5.33261051	639913261.2	22264986.38	3.637967533	0.639913261	0.022264986	2018	7	Jul	3	Monday	5.351299739	6.113070816	5.515577848	4.120434375
7/17/2018	5.206704895	624804587.4	45907653.77	-2.361050265	0.624804587	0.045907654	2018	7	Jul	3	Tuesday	5.332056506	6.074909409	5.527192931	4.076862435
7/18/2018	4.872045632	584645475.8	75516807.11	-6.427467464	0.584645476	0.075516807	2018	7	Jul	3	Wednesday	5.257435594	6.02074968	5.532347746	4.174937386
7/19/2018	4.769265914	572311909.6	65346512.13	-2.109580373	0.57231191	0.065346512	2018	7	Jul	3	Thursday	5.172658513	5.977107342	5.534739878	4.048691783
7/20/2018	5.04298791	605158549.2	51511845.3	5.739289893	0.605158549	0.051511845	2018	7	Jul	3	Friday	5.11537387	5.931016151	5.540746524	4.050207169
7/21/2018	5.195309187	623437102.4	22825394.04	3.020456907	0.623437102	0.022825394	2018	7	Jul	3	Saturday	5.080620826	5.878644883	5.548520143	3.953401533
7/22/2018	5.101480815	612177697.9	49725582.74	-1.806020931	0.612177698	0.049725583	2018	7	Jul	3	Sunday	5.074343552	5.829500909	5.554962847	3.939887941
7/23/2018	5.009085319	601090238.3	51863864.68	-1.811150522	0.601090238	0.051863865	2018	7	Jul	3	Monday	5.028125667	5.774574597	5.564438798	3.925809299
7/24/2018	4.923661152	590839338.3	83560436.54	-1.705384543	0.590839338	0.083560437	2018	7	Jul	3	Tuesday	4.987690847	5.713185423	5.573538877	3.89980446
7/25/2018	5.326839799	639220775.9	68352090.06	8.188594513	0.639220776	0.06835209	2018	7	Jul	3	Wednesday	5.052661442	5.663695391	5.58846206	4.236308478
7/26/2018	5.385135577	646216269.3	43553910.29	1.094378289	0.646216269	0.04355391	2018	7	Jul	3	Thursday	5.140642823	5.621899301	5.60588307	4.234791816
7/27/2018	5.45439565	654527478	60896052.99	1.286134238	0.654527478	0.060896053	2018	7	Jul	3	Friday	5.199415357	5.589065799	5.62465861	4.223435192
7/28/2018	5.658626941	679035232.9	25753522.75	3.744343168	0.679035233	0.025753523	2018	7	Jul	3	Saturday	5.265603608	5.564048123	5.642704081	4.292758392
7/29/2018	5.687387835	682486540.2	100126363.8	0.508266317	0.68248654	0.100126364	2018	7	Jul	3	Sunday	5.349304611	5.530557356	5.66002782	4.202356385
7/30/2018	5.603421454	672410574.5	49225287.49	-1.476361097	0.672410574	0.049225287	2018	7	Jul	3	Monday	5.434209773	5.490212875	5.67757489	4.183945331
7/31/2018	5.534387213	664126465.5	58007516.86	-1.232001586	0.664126466	0.058007517	2018	7	Jul	3	Tuesday	5.521456353	5.451747589	5.693442276	4.179014498
8/1/2018	5.493377989	659205358.7	47880772.72	-0.740989424	0.659205359	0.047880773	2018	8	Aug	3	Wednesday	5.545247523	5.405792535	5.706357973	4.1325907
8/2/2018	5.460005541	655200664.9	73317876.67	-0.607503222	0.655200665	0.073317877	2018	8	Aug	3	Thursday	5.555943232	5.384168192	5.717225651	3.631518126
8/3/2018	5.59525393	671430471.6	73500056.2	2.47707422	0.671430472	0.073500056	2018	8	Aug	3	Friday	5.576065843	5.358290248	5.729613723	3.566258029
8/4/2018	5.580778894	669693467.3	77576405.43	-0.258702034	0.669693467	0.077576405	2018	8	Aug	3	Saturday	5.564944694	5.346967095	5.743246039	3.333591535
8/5/2018	5.719797696	686375723.5	42676912.09	2.491028648	0.686375723	0.042676912	2018	8	Aug	3	Sunday	5.569574674	5.343869268	5.75719035	3.351694182
8/6/2018	5.67443825	680932590	46221852.47	-0.793025354	0.68093259	0.046221852	2018	8	Aug	3	Monday	5.57971993	5.348465435	5.769983672	3.234035764
8/7/2018	5.665248265	679829791.9	30612835.96	-0.161954078	0.679829792	0.030612836	2018	8	Aug	3	Tuesday	5.598414366	5.362754306	5.780988168	3.060707852
8/8/2018	5.205017096	624602051.5	67870006.33	-8.123759945	0.624602052	0.067870006	2018	8	Aug	3	Wednesday	5.557219953	5.354125038	5.785691913	3.32861209
8/9/2018	5.373301676	644796201.1	22423210.41	3.233122512	0.644796201	0.02242321	2018	8	Aug	3	Thursday	5.544833687	5.355188176	5.790143823	3.357547302
8/10/2018	5.421835054	650620206.5	66182310.74	0.903231968	0.650620206	0.066182311	2018	8	Aug	3	Friday	5.520059562	5.356102944	5.796458688	3.356750307
8/11/2018	5.61506033	673807239.6	90535103.21	3.563835385	0.67380724	0.090535103	2018	8	Aug	3	Saturday	5.52495691	5.364514772	5.802164576	3.413727536
8/12/2018	4.976190664	597142879.7	81748775.31	-11.3777881	0.59714288	0.081748775	2018	8	Aug	3	Sunday	5.418727334	5.348921781	5.800485827	4.004232943
8/13/2018	5.38289724	645947668.7	54185017.4	8.173050493	0.645947669	0.054185017	2018	8	Aug	3	Monday	5.377078618	5.347065672	5.798573434	4.287621578
8/14/2018	5.326180432	639141651.8	54401463.71	-1.053648351	0.639141652	0.054401464	2018	8	Aug	3	Tuesday	5.328640356	5.353090962	5.79788301	4.169137759
8/15/2018	5.539568185	664748182.2	26082260.4	4.00639363	0.664748182	0.02608226	2018	8	Aug	3	Wednesday	5.376433369	5.359989551	5.795445326	4.180140708
8/16/2018	5.28693364	634432036.8	70099539.66	-4.560545818	0.634432037	0.07009954	2018	8	Aug	3	Thursday	5.364095078	5.362663843	5.789880752	4.245616016
8/17/2018	5.390457582	646854909.8	83153929.89	1.958109347	0.64685491	0.08315393	2018	8	Aug	3	Friday	5.359612582	5.379944241	5.787304769	4.070803083
8/18/2018	5.141458907	616975068.9	36622780.37	-4.619249304	0.616975069	0.03662278	2018	8	Aug	3	Saturday	5.291955236	5.392350674	5.783340838	4.149581611
8/19/2018	4.988779017	598653482.1	48225193.24	-2.969583004	0.598653482	0.048225193	2018	8	Aug	3	Sunday	5.293753572	5.390543711	5.778637594	4.062201397
8/20/2018	5.357614986	642913798.3	84003580.05	7.393311416	0.642913798	0.08400358	2018	8	Aug	3	Monday	5.290141821	5.395953904	5.777186352	4.246904611
8/21/2018	5.28894597	634673516.4	85842421.28	-1.281708668	0.634673516	0.085842421	2018	8	Aug	3	Tuesday	5.284822613	5.402202743	5.773870487	4.239476288
8/22/2018	5.306879824	636825578.9	37688355.17	0.339081813	0.636825579	0.037688355	2018	8	Aug	3	Wednesday	5.251581418	5.412129226	5.772345605	4.222299732
8/23/2018	5.465493601	655859232.1	63007396.99	2.988833016	0.655859232	0.063007397	2018	8	Aug	3	Thursday	5.277089984	5.430190308	5.772825531	4.23315665
8/24/2018	5.544956484	665394778.1	35331915.81	1.453901319	0.665394778	0.035331916	2018	8	Aug	3	Friday	5.299161256	5.437460864	5.768998463	3.978804824
8/25/2018	5.548188378	665782605.3	28112971.24	0.058285282	0.665782605	0.028112971	2018	8	Aug	3	Saturday	5.357265466	5.442895957	5.760740809	3.975375986
8/26/2018	5.599034418	671884130.1	93616612.56	0.916444007	0.67188413	0.093616613	2018	8	Aug	3	Sunday	5.444444809	5.44771725	5.752036926	3.972392362
8/27/2018	6.130110853	735613302.4	94497547.25	9.485143257	0.735613302	0.094497547	2018	8	Aug	3	Monday	5.554801361	5.46343338	5.749346413	4.277331481
8/28/2018	6.082083826	729850059.1	88460883.93	-0.783460996	0.729850059	0.088460884	2018	8	Aug	3	Tuesday	5.668106769	5.476589913	5.746003484	4.282248843
8/29/2018	6.096941771	731633012.5	26230476.22	0.24429037	0.731633012	0.026230476	2018	8	Aug	3	Wednesday	5.780972761	5.49304059	5.741291666	4.268953709
8/30/2018	6.322821394	758738567.2	99582506.06	3.704802041	0.758738567	0.099582506	2018	8	Aug	3	Thursday	5.90344816	5.51932173	5.742213474	4.300080669
8/31/2018	6.571184709	788542165.1	65106211.83	3.928045722	0.788542165	0.065106212	2018	8	Aug	3	Friday	6.050052192	5.55524862	5.746822634	4.33663452
9/1/2018	6.851295971	822155516.5	58444910.23	4.262720869	0.822155517	0.05844491	2018	9	Sep	3	Saturday	6.23621042	5.601624968	5.759164694	4.377319953
9/2/2018	6.988065822	838567898.7	80147941.01	1.996262486	0.838567899	0.080147941	2018	9	Sep	3	Sunday	6.434643478	5.648052031	5.772207519	4.372046505
9/3/2018	6.636960243	796435229.2	32623889.77	-5.024359933	0.796435229	0.03262389	2018	9	Sep	3	Monday	6.507050534	5.683258076	5.779868694	4.498003047
9/4/2018	7.043567651	845228118.1	102101516.2	6.126410182	0.845228118	0.102101516	2018	9	Sep	3	Tuesday	6.644405366	5.727383741	5.793522845	4.596414864
9/5/2018	6.688147071	802577648.5	80171254.39	-5.046030613	0.802577649	0.080171254	2018	9	Sep	3	Wednesday	6.728863266	5.761174035	5.799253772	4.711377836
9/6/2018	6.729291596	807514991.6	42306365.81	0.615185713	0.807514992	0.042306366	2018	9	Sep	3	Thursday	6.786930438	5.796642146	5.808937465	4.708851101
9/7/2018	6.490097026	778811643.1	40956040.75	-3.554528247	0.778811643	0.040956041	2018	9	Sep	3	Friday	6.775346483	5.839478144	5.819868742	4.482612331
9/8/2018	6.434286363	772114363.5	40234754.55	-0.859935728	0.772114364	0.040234755	2018	9	Sep	3	Saturday	6.715773682	5.8748443	5.82983282	4.46940569
9/9/2018	6.479673124	777560774.9	28645561.72	0.705389201	0.777560775	0.028645562	2018	9	Sep	3	Sunday	6.643146153	5.910105569	5.837883359	4.469240746
9/10/2018	6.523114261	782773711.3	78696792.19	0.67042174	0.782773711	0.078696792	2018	9	Sep	3	Monday	6.626882442	5.940374034	5.842190356	4.436248671
9/11/2018	6.592973621	791156834.6	103516369.5	1.070951043	0.791156835	0.10351637	2018	9	Sep	3	Tuesday	6.562511866	5.994266799	5.848739183	3.816499519
9/12/2018	6.988570994	838628519.3	26919795.73	6.000287506	0.838628519	0.026919796	2018	9	Sep	3	Wednesday	6.605429569	6.047789257	5.85697854	3.694576983
9/13/2018	7.071603805	848592456.6	30447970.34	1.188122876	0.848592457	0.03044797	2018	9	Sep	3	Thursday	6.654331313	6.105970036	5.866483696	3.67550507
9/14/2018	6.958310745	834997289.4	82441314.1	-1.602084372	0.834997289	0.082441314	2018	9	Sep	3	Friday	6.721218988	6.153261455	5.875440607	3.660644112
9/15/2018	7.185470417	862256450	110661546.4	3.264580726	0.86225645	0.110661546	2018	9	Sep	3	Saturday	6.828530995	6.216546014	5.884706422	3.540344177
9/16/2018	7.486825071	898419008.5	62178381.87	4.193944679	0.898419008	0.062178382	2018	9	Sep	3	Sunday	6.972409845	6.286424931	5.895706284	3.582581348
9/17/2018	7.081522424	849782690.9	61145032.48	-5.413545035	0.849782691	0.061145032	2018	9	Sep	3	Monday	7.05218244	6.351093715	5.906850577	3.629410482
9/18/2018	7.205004605	864600552.6	87810197.93	1.743723642	0.864600553	0.087810198	2018	9	Sep	3	Tuesday	7.139615437	6.424967901	5.915509254	3.546643738
9/19/2018	7.360702569	883284308.3	55563482.3	2.16096967	0.883284308	0.055563482	2018	9	Sep	3	Wednesday	7.192777091	6.491737487	5.922112091	3.360043312
9/20/2018	7.224848103	866981772.4	28777729.38	-1.845672533	0.866981772	0.028777729	2018	9	Sep	3	Thursday	7.214669133	6.556267558	5.929323737	3.375476715
9/21/2018	7.581929212	909831505.4	107567033.5	4.942402987	0.909831505	0.107567033	2018	9	Sep	3	Friday	7.303757486	6.632102538	5.93960212	3.443653774
9/22/2018	7.485123706	898214844.7	94382610.07	-1.27679253	0.898214845	0.09438261	2018	9	Sep	3	Saturday	7.346565098	6.699423541	5.947599757	3.457547617
9/23/2018	7.471013108	896521573	89374881	-0.188515225	0.896521573	0.089374881	2018	9	Sep	3	Sunday	7.344306247	6.763625429	5.954927228	3.46492384
9/24/2018	7.367914421	884149730.5	105215670.6	-1.379982685	0.884149731	0.105215671	2018	9	Sep	3	Monday	7.385219389	6.824282963	5.963026074	3.489072469
9/25/2018	7.320808028	878496963.4	97537497.75	-0.639345001	0.878496963	0.097537498	2018	9	Sep	3	Tuesday	7.401762735	6.881675417	5.972819488	3.502021057
9/26/2018	6.957132887	834855946.4	45671494.64	-4.967691271	0.834855946	0.045671495	2018	9	Sep	3	Wednesday	7.344109924	6.909242818	5.978908107	3.275038674
9/27/2018	6.520799379	782495925.5	56572675.73	-6.271743183	0.782495926	0.056572676	2018	9	Sep	3	Thursday	7.243531534	6.92386667	5.977004646	3.493720152
9/28/2018	6.900138348	828016601.8	37371052.97	5.817369106	0.828016602	0.037371053	2018	9	Sep	3	Friday	7.14613284	6.950639889	5.977964452	3.636371855
9/29/2018	6.621744825	794609379	36220553.47	-4.034607841	0.794609379	0.036220553	2018	9	Sep	3	Saturday	7.022793	6.960604004	5.977224441	3.673849596
9/30/2018	6.317537967	758104556	84258385.81	-4.594058909	0.758104556	0.084258386	2018	9	Sep	3	Sunday	6.858010837	6.952149112	5.971063422	3.706529126
10/1/2018	5.753161992	690379439	91842566.39	-8.933479756	0.690379439	0.091842566	2018	10	Oct	4	Monday	6.627331918	6.915544646	5.967112602	3.950282224
10/2/2018	5.565990077	667918809.2	97200828.4	-3.253374664	0.667918809	0.097200828	2018	10	Oct	4	Tuesday	6.376643639	6.868142121	5.958161467	3.951955268
10/3/2018	5.239163632	628699635.8	66265981.55	-5.871847426	0.628699636	0.066265982	2018	10	Oct	4	Wednesday	6.13121946	6.821548901	5.950591357	3.986958177
10/4/2018	5.552113393	666253607.2	34706588.71	5.973277096	0.666253607	0.034706589	2018	10	Oct	4	Thursday	5.992835748	6.771833759	5.947695589	3.977994711
10/5/2018	5.736399674	688367960.8	29378196.37	3.319209596	0.688367961	0.029378196	2018	10	Oct	4	Friday	5.826587366	6.740108846	5.949916105	3.956914114
10/6/2018	5.53720112	664464134.4	84747162.09	-3.472536174	0.664464134	0.084747162	2018	10	Oct	4	Saturday	5.671652551	6.700372497	5.953256316	3.98978206
10/7/2018	6.011603767	721392452.1	71743040	8.567553119	0.721392452	0.07174304	2018	10	Oct	4	Sunday	5.627947665	6.684422721	5.959341968	4.280384766
10/8/2018	6.202716371	744325964.5	77554450.29	3.17906188	0.744325965	0.07755445	2018	10	Oct	4	Monday	5.692169719	6.676703722	5.968912066	4.321139356
10/9/2018	6.073517492	728822099	90210283.75	-2.082940301	0.728822099	0.090210284	2018	10	Oct	4	Tuesday	5.764673636	6.6631652	5.976457904	4.334706756
10/10/2018	5.451129271	654135512.5	74828698.55	-10.24757435	0.654135513	0.074828699	2018	10	Oct	4	Wednesday	5.794954441	6.627432367	5.977440391	4.707921181
10/11/2018	5.925335451	711040254.2	92531216.61	8.699228299	0.711040254	0.092531217	2018	10	Oct	4	Thursday	5.848271878	6.605177762	5.98278878	4.992454904
10/12/2018	5.558594836	667031380.4	24510514.08	-6.189364604	0.66703138	0.024510514	2018	10	Oct	4	Friday	5.822871187	6.55751189	5.984122273	4.963507362
10/13/2018	5.161012967	619321556.1	74134323.96	-7.152560683	0.619321556	0.074134324	2018	10	Oct	4	Saturday	5.769130022	6.493825529	5.984295509	5.089541444
10/14/2018	5.331059659	639727159.1	84509448.84	3.294831702	0.639727159	0.084509449	2018	10	Oct	4	Sunday	5.671909435	6.439583826	5.984278277	5.145086498
10/15/2018	5.827357418	699282890.2	44989207.44	9.309551774	0.69928289	0.044989207	2018	10	Oct	4	Monday	5.618286728	6.394313392	5.991174416	5.419026108
10/16/2018	6.10596059	732715270.8	78293317.86	4.78095219	0.732715271	0.078293318	2018	10	Oct	4	Tuesday	5.622921456	6.348284576	6.004884583	5.437787678
10/17/2018	6.190762753	742891530.4	50293346.28	1.388842291	0.74289153	0.050293346	2018	10	Oct	4	Wednesday	5.728583382	6.318592587	6.020678992	5.36869874
10/18/2018	6.283886807	754066416.8	109306849.6	1.504242003	0.754066417	0.10930685	2018	10	Oct	4	Thursday	5.779805004	6.287888661	6.034466758	5.365720814
10/19/2018	6.444115423	773293850.7	26300364.69	2.549832945	0.773293851	0.026300365	2018	10	Oct	4	Friday	5.906307945	6.257335756	6.048342382	5.372375111
10/20/2018	6.582840957	789940914.8	78658478.18	2.152747509	0.789940915	0.078658478	2018	10	Oct	4	Saturday	6.109426229	6.235935518	6.064801939	5.382359942
10/21/2018	6.596596005	791591520.6	39564081.14	0.208953075	0.791591521	0.039564081	2018	10	Oct	4	Sunday	6.290217136	6.203091077	6.082440947	5.296034322
10/22/2018	6.563061622	787567394.7	90937591.21	-0.508358906	0.787567395	0.090937591	2018	10	Oct	4	Monday	6.395317737	6.172355675	6.100656508	5.293139828
10/23/2018	6.485587617	778270514	39774941.98	-1.180455244	0.778270514	0.039774942	2018	10	Oct	4	Tuesday	6.449550169	6.139508158	6.113531484	5.295507931
10/24/2018	6.233538198	748024583.7	43569433.49	-3.886300426	0.748024584	0.043569433	2018	10	Oct	4	Wednesday	6.455660947	6.101695618	6.122958179	5.332214103
10/25/2018	6.105111476	732613377.1	65440321.65	-2.060254028	0.732613377	0.065440322	2018	10	Oct	4	Thursday	6.430121614	6.061172399	6.130188355	5.340551953
10/26/2018	5.650273771	678032852.5	94775563.66	-7.450113023	0.678032853	0.094775564	2018	10	Oct	4	Friday	6.316715664	6.017610429	6.130095542	5.431179521
10/27/2018	5.573094693	668771363.1	37053762.01	-1.365935194	0.668771363	0.037053762	2018	10	Oct	4	Saturday	6.172466197	5.986020272	6.128825618	5.325735986
10/28/2018	5.304038912	636484669.4	30111327.54	-4.827762601	0.636484669	0.030111328	2018	10	Oct	4	Sunday	5.987815184	5.932816958	6.125499146	5.252389773
10/29/2018	5.024197702	602903724.3	72997906.75	-5.276002195	0.602903724	0.072997907	2018	10	Oct	4	Monday	5.767977481	5.879565387	6.119830373	5.284039876
10/30/2018	5.009212082	601105449.9	54144179	-0.298268911	0.60110545	0.054144179	2018	10	Oct	4	Tuesday	5.557066691	5.835954524	6.114450752	5.235120762
10/31/2018	5.241718171	629006180.5	87692401.93	4.641570061	0.62900618	0.087692402	2018	10	Oct	4	Wednesday	5.415378115	5.818906397	6.112025337	5.077653002
11/1/2018	5.381371417	645764570	30734355.48	2.664264688	0.64576457	0.030734355	2018	11	Nov	4	Thursday	5.311986678	5.812752442	6.109648865	5.069284932
11/2/2018	5.000571046	600068525.5	64514175.57	-7.076269995	0.600068526	0.064514176	2018	11	Nov	4	Friday	5.219172003	5.804799355	6.103202111	5.121986774
11/3/2018	4.755303005	570636360.6	33065807.83	-4.904800646	0.570636361	0.033065808	2018	11	Nov	4	Saturday	5.102344619	5.778239009	6.092485503	5.067240037
11/4/2018	4.884397904	586127748.5	28609628.91	2.714756541	0.586127749	0.028609629	2018	11	Nov	4	Sunday	5.042395904	5.74983895	6.083707277	5.053162454
11/5/2018	4.644850998	557382119.8	62433223.93	-4.904328251	0.55738212	0.062433224	2018	11	Nov	4	Monday	4.988203518	5.720093946	6.07236953	5.089706961
11/6/2018	4.552339581	546280749.8	55306640.01	-1.991698265	0.54628075	0.05530664	2018	11	Nov	4	Tuesday	4.922936018	5.671451807	6.065117557	4.800908427
11/7/2018	4.601405009	552168601.1	66580100.64	1.077806849	0.552168601	0.066580101	2018	11	Nov	4	Wednesday	4.831462709	5.618074761	6.056540928	4.755813037
11/8/2018	4.376255776	525150693.2	35256259.18	-4.893054019	0.525150693	0.035256259	2018	11	Nov	4	Thursday	4.68787476	5.561499371	6.04492338	4.80770358
11/9/2018	4.344095506	521291460.7	43661599.72	-0.73488096	0.521291461	0.0436616	2018	11	Nov	4	Friday	4.59409254	5.524598245	6.030801549	4.477343417
11/10/2018	4.070252459	488430295.1	38418266.92	-6.303798946	0.488430295	0.038418267	2018	11	Nov	4	Saturday	4.496228176	5.462762145	6.020735569	4.227141335
11/11/2018	3.926443663	471173239.6	69776391.68	-3.5331665	0.47117324	0.069776392	2018	11	Nov	4	Sunday	4.35937757	5.408357106	6.004552751	4.145127273
11/12/2018	3.92921686	471506023.1	30680837.9	0.070628712	0.471506023	0.030680838	2018	11	Nov	4	Monday	4.257144122	5.367297236	5.989030934	3.986292188
11/13/2018	3.641740215	437008825.8	28570792.99	-7.31638529	0.437008826	0.028570793	2018	11	Nov	4	Tuesday	4.127058498	5.310986588	5.967943956	4.077591724
11/14/2018	3.660661041	439279324.9	31867863.49	0.519554512	0.439279325	0.031867863	2018	11	Nov	4	Wednesday	3.992666503	5.238763375	5.949874261	3.583632578
11/15/2018	3.611915802	433429896.3	42368331.38	-1.331596621	0.433429896	0.042368331	2018	11	Nov	4	Thursday	3.883475078	5.155628549	5.930112685	3.383904375
11/16/2018	3.64563277	437475932.4	26370493.31	0.933492637	0.437475932	0.026370493	2018	11	Nov	4	Friday	3.783694687	5.070790883	5.913492395	3.37066762
11/17/2018	3.630916913	435710029.6	60927421.73	-0.403657142	0.43571003	0.060927422	2018	11	Nov	4	Saturday	3.720932466	4.982358553	5.898405038	3.325955071
11/18/2018	3.78426128	454111353.6	28101440.38	4.223295939	0.454111354	0.02810144	2018	11	Nov	4	Sunday	3.700620697	4.893696748	5.88092333	3.413560712
11/19/2018	3.752622753	450314730.3	61917324.26	-0.836055562	0.45031473	0.061917324	2018	11	Nov	4	Monday	3.675392968	4.799356142	5.863853072	3.340021183
11/20/2018	3.638834952	436660194.2	18521818.79	-3.032220621	0.436660194	0.018521819	2018	11	Nov	4	Tuesday	3.67497793	4.700764106	5.845319241	3.325152721
11/21/2018	3.606448429	432773811.5	47080391.53	-0.890024506	0.432773811	0.047080392	2018	11	Nov	4	Wednesday	3.667233271	4.602210333	5.824663183	3.320335661
11/22/2018	3.63424033	436108839.6	60548593.42	0.770616896	0.43610884	0.060548593	2018	11	Nov	4	Thursday	3.670422489	4.507165424	5.803433004	3.354289898
11/23/2018	3.589701604	430764192.5	21645871.64	-1.225530568	0.430764192	0.021645872	2018	11	Nov	4	Friday	3.662432323	4.419037537	5.781672039	3.333888662
11/24/2018	3.543695284	425243434.1	62170264.84	-1.281619613	0.425243434	0.062170265	2018	11	Nov	4	Saturday	3.64997209	4.333656998	5.758834938	3.33456573
11/25/2018	3.395065054	407407806.4	34363220.17	-4.194215877	0.407407806	0.03436322	2018	11	Nov	4	Sunday	3.594372629	4.258483374	5.72844554	3.192330424
11/26/2018	3.256935839	390832300.6	56078890.41	-4.06852926	0.390832301	0.05607889	2018	11	Nov	4	Monday	3.523560213	4.181278079	5.697055007	3.22250968
11/27/2018	3.032543572	363905228.6	40472959.19	-6.889674151	0.363905229	0.040472959	2018	11	Nov	4	Tuesday	3.436947159	4.105561567	5.663006138	3.311751739
11/28/2018	3.202188409	384262609.1	25434505.17	5.594143428	0.384262609	0.025434505	2018	11	Nov	4	Wednesday	3.379195727	4.044827924	5.628332438	3.506391001
11/29/2018	2.998916475	359869977	18927830.35	-6.347906754	0.359869977	0.01892783	2018	11	Nov	4	Thursday	3.288435177	3.977818071	5.588640569	3.611446147
11/30/2018	2.870303859	344436463.1	22887184.9	-4.28863613	0.344436463	0.022887185	2018	11	Nov	4	Friday	3.18566407	3.898770927	5.544407323	3.440538667
12/1/2018	2.743588037	329230564.4	13551817.83	-4.414718045	0.329230564	0.013551818	2018	12	Dec	4	Saturday	3.071363035	3.810844814	5.497246459	3.356351255
12/2/2018	2.796419455	335570334.6	15860448.63	1.925632314	0.335570335	0.015860449	2018	12	Dec	4	Sunday	2.985842235	3.737373094	5.454573784	3.304147662
12/3/2018	2.716918491	326030218.9	13875602.52	-2.842955608	0.326030219	0.013875603	2018	12	Dec	4	Monday	2.9086969	3.669426944	5.406499904	3.259889816
12/4/2018	2.80676602	336811922.4	27198649.03	3.306964459	0.336811922	0.027198649	2018	12	Dec	4	Tuesday	2.876442964	3.600172548	5.363373448	3.289805463
12/5/2018	2.68417727	322101272.4	40413855.05	-4.367615574	0.322101272	0.040413855	2018	12	Dec	4	Wednesday	2.802441372	3.534816757	5.318427733	3.273630363
12/6/2018	2.665676531	319881183.8	15023548.16	-0.689251746	0.319881184	0.015023548	2018	12	Dec	4	Thursday	2.754835666	3.471927989	5.275934172	3.279067991
12/7/2018	2.530955416	303714649.9	13861066.47	-5.053918348	0.30371465	0.013861066	2018	12	Dec	4	Friday	2.706357317	3.402913002	5.232563828	3.290038238
12/8/2018	2.706266452	324751974.3	34817137.83	6.926674218	0.324751974	0.034817138	2018	12	Dec	4	Saturday	2.701025662	3.347246691	5.190637087	3.613528463
12/9/2018	2.531550351	303786042.1	16301753.78	-6.455982973	0.303786042	0.016301754	2018	12	Dec	4	Sunday	2.663187219	3.286828519	5.146286377	3.719749953
12/10/2018	2.51323982	301588778.4	12580234.41	-0.723293167	0.301588778	0.012580234	2018	12	Dec	4	Monday	2.634090266	3.234928098	5.100956002	3.620655654
12/11/2018	2.526503168	303180380.1	15165637.25	0.527739024	0.30318038	0.015165637	2018	12	Dec	4	Tuesday	2.594052715	3.188263415	5.05137747	3.619113567
12/12/2018	2.516442807	301973136.8	42532242.16	-0.398193088	0.301973137	0.042532242	2018	12	Dec	4	Wednesday	2.570090649	3.141170947	5.00076457	3.613573929
12/13/2018	2.445913524	293509622.9	37738454.8	-2.802737347	0.293509623	0.037738455	2018	12	Dec	4	Thursday	2.538695934	3.101310057	4.950626823	3.449447687
12/14/2018	2.381460801	285775296.2	20715207.51	-2.635118622	0.285775296	0.020715208	2018	12	Dec	4	Friday	2.51733956	3.058670049	4.897248939	3.441392294
12/15/2018	2.333656365	280038763.8	30439791.35	-2.007357669	0.280038764	0.030439791	2018	12	Dec	4	Saturday	2.464109548	3.016061401	4.839991509	3.443373755
12/16/2018	2.268192016	272183041.9	25713970.52	-2.80522662	0.272183042	0.025713971	2018	12	Dec	4	Sunday	2.426486929	2.970146709	4.78651006	3.424057726
12/17/2018	2.303422141	276410657	30752043.21	1.553225006	0.276410657	0.030752043	2018	12	Dec	4	Monday	2.396512975	2.925896883	4.732048032	3.464315773
12/18/2018	2.457334482	294880137.8	33003143.76	6.681898981	0.294880138	0.033003144	2018	12	Dec	4	Tuesday	2.386631734	2.88166599	4.677566165	3.628290794
12/19/2018	2.345292982	281435157.9	29676797.55	-4.559472891	0.281435158	0.029676798	2018	12	Dec	4	Wednesday	2.362181759	2.834754998	4.623348886	3.672965672
12/20/2018	2.165368855	259844262.6	16092717.55	-7.671712172	0.259844263	0.016092718	2018	12	Dec	4	Thursday	2.322103949	2.785639461	4.563164882	3.834288045
12/21/2018	2.102940002	252352800.3	8751789.55	-2.883058591	0.2523528	0.00875179	2018	12	Dec	4	Friday	2.282315263	2.735522514	4.503362841	3.838034058
12/22/2018	2.270653996	272478479.5	23070211.68	7.975215347	0.27247848	0.023070212	2018	12	Dec	4	Saturday	2.273314925	2.690069636	4.445581073	4.206374106
12/23/2018	2.139749683	256769962	35156138.52	-5.765048892	0.256769962	0.035156139	2018	12	Dec	4	Sunday	2.25496602	2.641737905	4.387490353	4.27829354
12/24/2018	2.221541227	266584947.2	26215876.01	3.822481869	0.266584947	0.026215876	2018	12	Dec	4	Monday	2.243268747	2.597666103	4.330831833	4.39225971
12/25/2018	2.308014322	276961718.6	35973705.98	3.892482128	0.276961719	0.035973706	2018	12	Dec	4	Tuesday	2.221937295	2.561431079	4.27917496	4.465674805
12/26/2018	2.191090465	262930855.8	39175362.12	-5.065993578	0.262930856	0.039175362	2018	12	Dec	4	Wednesday	2.199908364	2.5259029	4.231067084	4.491544624
12/27/2018	2.173485805	260818296.6	12945440.86	-0.803465665	0.260818297	0.012945441	2018	12	Dec	4	Thursday	2.201067929	2.497267641	4.178548722	4.361993196
12/28/2018	2.246998578	269639829.4	30472891.43	3.382252276	0.269639829	0.030472891	2018	12	Dec	4	Friday	2.221647725	2.46542798	4.12994043	4.264066184
12/29/2018	2.141357665	256962919.8	28501101.05	-4.701423251	0.25696292	0.028501101	2018	12	Dec	4	Saturday	2.203176821	2.436842686	4.083538427	4.204183427
12/30/2018	2.05260666	246312799.3	36354452.3	-4.144613753	0.246312799	0.036354452	2018	12	Dec	4	Sunday	2.190727817	2.409586113	4.042421146	4.200416229
12/31/2018	1.935515329	232261839.4	34437947.91	-5.704518747	0.232261839	0.034437948	2018	12	Dec	4	Monday	2.149866975	2.382650356	4.002082537	4.242679888
1/1/2019	0.018603848	2232461.745	250931.9002	-99.03881682	0.002232462	0.000250932	2019	1	Jan	1	Tuesday	1.822808336	2.290056502	3.944076317	18.35589024
1/2/2019	0.018145042	2177404.991	128975.9174	-2.466190287	0.002177405	0.000128976	2019	1	Jan	1	Wednesday	1.512387561	2.200097387	3.88258778	18.35714592
1/3/2019	0.017295385	2075446.24	261146.5526	-4.682580936	0.002075446	0.000261147	2019	1	Jan	1	Thursday	1.204360358	2.107115033	3.819042177	18.29900613
1/4/2019	0.017336309	2080357.023	89129.76801	0.236613362	0.002080357	8.91E-05	2019	1	Jan	1	Friday	0.885837177	2.018220334	3.757710346	18.32108728
1/5/2019	0.016827326	2019279.158	249752.3548	-2.935931861	0.002019279	0.000249752	2019	1	Jan	1	Saturday	0.582332843	1.929925361	3.691101719	18.30941204
1/6/2019	0.017002418	2040290.157	284056.4079	1.040519793	0.00204029	0.000284056	2019	1	Jan	1	Sunday	0.291532237	1.846126928	3.622371564	18.33810637
1/7/2019	0.015992498	1919099.769	145736.4506	-5.93986045	0.0019191	0.000145736	2019	1	Jan	1	Monday	0.017314689	1.756451129	3.55506573	18.2139356
1/8/2019	0.016221783	1946613.926	205710.8315	1.433701237	0.001946614	0.000205711	2019	1	Jan	1	Tuesday	0.016974394	1.672606843	3.494677869	18.24666714
1/9/2019	0.016788533	2014623.992	164427.824	3.493762424	0.002014624	0.000164428	2019	1	Jan	1	Wednesday	0.016780607	1.589391801	3.429027348	18.29353022
1/10/2019	0.015517163	1862059.528	153679.1368	-7.572850589	0.00186206	0.000153679	2019	1	Jan	1	Thursday	0.016526576	1.505692267	3.367437596	18.27756929
1/11/2019	0.015766839	1892020.699	127227.9986	1.609034027	0.001892021	0.000127228	2019	1	Jan	1	Friday	0.016302366	1.422336401	3.310268195	18.29753171
1/12/2019	0.016576992	1989239.034	241604.1298	5.138333575	0.001989239	0.000241604	2019	1	Jan	1	Saturday	0.016266604	1.341358517	3.251218387	18.38220374
1/13/2019	0.015809801	1897176.123	270046.3027	-4.628046645	0.001897176	0.000270046	2019	1	Jan	1	Sunday	0.01609623	1.262503484	3.186645636	18.37931581
1/14/2019	0.016920619	2030474.329	290134.6862	7.026137621	0.002030474	0.000290135	2019	1	Jan	1	Monday	0.016228819	1.185278959	3.118989636	18.49413931
1/15/2019	0.017223827	2066859.252	105355.5755	1.79194206	0.002066859	0.000105356	2019	1	Jan	1	Tuesday	0.016371968	1.110246686	3.050394759	18.52456758
1/16/2019	0.016761645	2011397.414	271476.7762	-2.683387276	0.002011397	0.000271477	2019	1	Jan	1	Wednesday	0.016368127	1.034024669	2.980760035	18.49703663
1/17/2019	0.016741028	2008923.383	238040.8934	-0.123000603	0.002008923	0.000238041	2019	1	Jan	1	Thursday	0.016542965	0.952671554	2.909344764	18.4014302
1/18/2019	0.017136241	2056348.886	124081.0954	2.360742235	0.002056349	0.000124081	2019	1	Jan	1	Friday	0.016738593	0.875066329	2.83639249	18.4420555
1/19/2019	0.017205615	2064673.785	78610.70671	0.404838833	0.002064674	7.86E-05	2019	1	Jan	1	Saturday	0.016828397	0.803460888	2.763288152	18.44737342
1/20/2019	0.017598013	2111761.599	131266.4084	2.280641836	0.002111762	0.000131266	2019	1	Jan	1	Sunday	0.017083856	0.733949489	2.690560779	18.4807762
1/21/2019	0.016978691	2037442.89	284151.9491	-3.519275501	0.002037443	0.000284152	2019	1	Jan	1	Monday	0.017092151	0.658826978	2.618687346	18.34951518
1/22/2019	0.017111205	2053344.587	217616.4181	0.780473233	0.002053345	0.000217616	2019	1	Jan	1	Tuesday	0.017076063	0.588072362	2.549615935	18.36747333
1/23/2019	0.016186619	1942394.304	226340.5251	-5.403393236	0.001942394	0.000226341	2019	1	Jan	1	Wednesday	0.016993916	0.514560542	2.481961214	18.31183923
1/24/2019	0.016130887	1935706.444	117803.7689	-0.344310134	0.001935706	0.000117804	2019	1	Jan	1	Thursday	0.016906753	0.438164428	2.419359627	18.26393828
1/25/2019	0.015573637	1868836.494	217395.3554	-3.454550154	0.001868836	0.000217395	2019	1	Jan	1	Friday	0.016683524	0.3656472	2.357609393	18.26395499
1/26/2019	0.015137247	1816469.612	60623.91175	-2.80211147	0.00181647	6.06E-05	2019	1	Jan	1	Saturday	0.016388043	0.293702248	2.298843819	18.25463425
1/27/2019	0.015920413	1910449.531	143357.3846	5.173767726	0.00191045	0.000143357	2019	1	Jan	1	Sunday	0.016148386	0.219332976	2.243196293	18.28355826
1/28/2019	0.016647408	1997688.926	210177.6546	4.566432885	0.001997689	0.000210178	2019	1	Jan	1	Monday	0.016101059	0.148509301	2.187723353	18.35375706
1/29/2019	0.017075079	2049009.489	97392.67457	2.568996717	0.002049009	9.74E-05	2019	1	Jan	1	Tuesday	0.016095899	0.080658248	2.129671763	18.39202643
1/30/2019	0.016361443	1963373.152	252804.7692	-4.179401703	0.001963373	0.000252805	2019	1	Jan	1	Wednesday	0.016120873	0.016686452	2.070060541	18.38843958
1/31/2019	0.016171836	1940620.276	112951.3887	-1.158866607	0.00194062	0.000112951	2019	1	Jan	1	Thursday	0.016126723	0.016605385	2.014678327	3.695926458
2/1/2019	0.016992891	2039146.952	220786.0538	5.077071374	0.002039147	0.000220786	2019	2	Feb	1	Friday	0.016329474	0.01656698	1.962030437	3.805452754
2/2/2019	0.01710659	2052790.806	161397.9205	0.669096168	0.002052791	0.000161398	2019	2	Feb	1	Saturday	0.016610808	0.016560687	1.907949422	3.709795123
2/3/2019	0.018788349	2254601.904	228898.9801	9.831060061	0.002254602	0.000228899	2019	2	Feb	1	Sunday	0.017020514	0.016609088	1.856548726	4.119172601
2/4/2019	0.019105374	2292644.905	98340.8626	1.687348952	0.002292645	9.83E-05	2019	2	Feb	1	Monday	0.017371652	0.016685023	1.806179457	4.078277549
2/5/2019	0.019271969	2312636.224	74072.66515	0.871976222	0.002312636	7.41E-05	2019	2	Feb	1	Tuesday	0.017685493	0.016760675	1.755266868	4.077629238
2/6/2019	0.019054189	2286502.683	318161.6609	-1.130032478	0.002286503	0.000318162	2019	2	Feb	1	Wednesday	0.018070171	0.016862731	1.706853517	3.906726351
2/7/2019	0.019175408	2301048.926	143483.2888	0.636178694	0.002301049	0.000143483	2019	2	Feb	1	Thursday	0.018499253	0.016961185	1.658798849	3.903984544
2/8/2019	0.019077885	2289346.213	293863.3195	-0.508581667	0.002289346	0.000293863	2019	2	Feb	1	Friday	0.018797109	0.017037497	1.613785798	3.87107463
2/9/2019	0.019645615	2357473.813	353437.2739	2.975853948	0.002357474	0.000353437	2019	2	Feb	1	Saturday	0.019159827	0.017175112	1.570376931	3.58081494
2/10/2019	0.020432408	2451888.932	135765.3833	4.004927587	0.002451889	0.000135765	2019	2	Feb	1	Sunday	0.019394692	0.017330631	1.526945993	3.624764128
2/11/2019	0.019819825	2378378.949	147032.5495	-2.998095962	0.002378379	0.000147033	2019	2	Feb	1	Monday	0.019496757	0.017438725	1.486702433	3.603387184
2/12/2019	0.018810841	2257300.936	247271.9104	-5.090778856	0.002257301	0.000247272	2019	2	Feb	1	Tuesday	0.019430881	0.01753876	1.446237431	3.627707886
2/13/2019	0.017496225	2099547.003	306226.9846	-6.988608857	0.002099547	0.000306227	2019	2	Feb	1	Wednesday	0.019208315	0.017557947	1.406299436	3.679476395
2/14/2019	0.017873243	2144789.177	300051.1195	2.154854059	0.002144789	0.000300051	2019	2	Feb	1	Thursday	0.019022292	0.017579594	1.365990996	3.68556197
2/15/2019	0.017118678	2054241.33	185590.5612	-4.221759766	0.002054241	0.000185591	2019	2	Feb	1	Friday	0.018742405	0.017591495	1.325837683	3.737239953
2/16/2019	0.015721898	1886627.745	236608.0867	-8.159391126	0.001886628	0.000236608	2019	2	Feb	1	Saturday	0.018181874	0.017557524	1.283965023	4.032872634
2/17/2019	0.015984151	1918098.092	88787.80617	1.66807397	0.001918098	8.88E-05	2019	2	Feb	1	Sunday	0.017546409	0.017519121	1.242446816	4.02008055
2/18/2019	0.017677942	2121353.012	312459.5628	10.59669063	0.002121353	0.00031246	2019	2	Feb	1	Monday	0.017240425	0.017534865	1.202211738	4.473926452
2/19/2019	0.017691332	2122959.832	309362.7765	0.075745026	0.00212296	0.000309363	2019	2	Feb	1	Tuesday	0.017080495	0.017537976	1.162336659	4.456408514
2/20/2019	0.018313059	2197567.118	109103.6584	3.514305129	0.002197567	0.000109104	2019	2	Feb	1	Wednesday	0.017197186	0.017582455	1.12215969	4.443744589
2/21/2019	0.018391482	2206977.798	145507.7566	0.428231737	0.002206978	0.000145508	2019	2	Feb	1	Thursday	0.01727122	0.017625131	1.082478466	4.443025323
2/22/2019	0.018337204	2200464.515	92460.43761	-0.295122268	0.002200465	9.25E-05	2019	2	Feb	1	Friday	0.017445295	0.017696817	1.043307821	4.311444976
2/23/2019	0.019042914	2285149.71	143064.3384	3.848514435	0.00228515	0.000143064	2019	2	Feb	1	Saturday	0.017919726	0.017793884	1.005796464	4.350721832
2/24/2019	0.018841918	2261030.22	289218.9903	-1.055488389	0.00226103	0.000289219	2019	2	Feb	1	Sunday	0.018327979	0.017902827	0.969817642	4.294448066
2/25/2019	0.019063582	2287629.781	172482.4194	1.17643546	0.00228763	0.000172482	2019	2	Feb	1	Monday	0.018525927	0.018033705	0.936334531	4.242880466
2/26/2019	0.019329795	2319575.428	94192.47478	1.39645178	0.002319575	9.42E-05	2019	2	Feb	1	Tuesday	0.018759994	0.018147351	0.900969436	4.165736005
2/27/2019	0.018838904	2260668.454	160659.0674	-2.539558464	0.002260668	0.000160659	2019	2	Feb	1	Wednesday	0.018835114	0.018220401	0.867857463	4.142152486
2/28/2019	0.019621105	2354532.607	347919.8655	4.152053052	0.002354533	0.00034792	2019	2	Feb	1	Thursday	0.019010775	0.018305268	0.83618321	4.179398496
3/1/2019	0.019503762	2340451.476	247062.8123	-0.598043584	0.002340451	0.000247063	2019	3	Mar	1	Friday	0.019177426	0.018410012	0.805915607	4.089901477
3/2/2019	0.018941922	2273030.681	181704.5124	-2.880674759	0.002273031	0.000181705	2019	3	Mar	1	Saturday	0.019162998	0.018502349	0.775054745	4.128313194
3/3/2019	0.019372179	2324661.499	116197.3254	2.271452747	0.002324661	0.000116197	2019	3	Mar	1	Sunday	0.01923875	0.018581658	0.745082008	4.054751165
3/4/2019	0.018707027	2244843.296	333002.7835	-3.433540893	0.002244843	0.000333003	2019	3	Mar	1	Monday	0.019187814	0.018635006	0.714103575	4.11811461
3/5/2019	0.018746864	2249623.713	289080.8789	0.212951049	0.002249624	0.000289081	2019	3	Mar	1	Tuesday	0.019104538	0.018633623	0.684487682	3.711226362
3/6/2019	0.018758777	2251053.218	143566.0431	0.063544194	0.002251053	0.000143566	2019	3	Mar	1	Wednesday	0.019093091	0.01862207	0.655077485	3.698479172
3/7/2019	0.019611136	2353336.307	90387.51388	4.543788111	0.002353336	9.04E-05	2019	3	Mar	1	Thursday	0.019091667	0.018633376	0.627173659	3.787837124
3/8/2019	0.020007066	2400847.874	88339.35809	2.018902557	0.002400848	8.83E-05	2019	3	Mar	1	Friday	0.019163567	0.018665138	0.597326333	3.795414895
3/9/2019	0.020007044	2400845.285	106706.4761	-0.000107835	0.002400845	0.000106706	2019	3	Mar	1	Saturday	0.019315728	0.018692859	0.569420296	3.794857981
3/10/2019	0.020692991	2483158.974	247551.6556	3.428529501	0.002483159	0.000247552	2019	3	Mar	1	Sunday	0.019504415	0.018746696	0.541725331	3.83695585
3/11/2019	0.021898176	2627781.177	371703.8797	5.824121819	0.002627781	0.000371704	2019	3	Mar	1	Monday	0.019960294	0.018821782	0.513896387	3.938268495
3/12/2019	0.022414673	2689760.735	241027.3382	2.358627049	0.002689761	0.000241027	2019	3	Mar	1	Tuesday	0.020484266	0.018887857	0.486184963	3.89810708
3/13/2019	0.022446392	2693567.029	353270.6299	0.141510511	0.002693567	0.000353271	2019	3	Mar	1	Wednesday	0.021011068	0.018975409	0.459257551	3.846017232
3/14/2019	0.021320231	2558427.723	213645.0744	-5.017113175	0.002558428	0.000213645	2019	3	Mar	1	Thursday	0.021255225	0.019059056	0.433033766	3.842354987
3/15/2019	0.020451411	2454169.347	282303.1626	-4.075095605	0.002454169	0.000282303	2019	3	Mar	1	Friday	0.021318703	0.019157562	0.407331489	3.680224224
3/16/2019	0.020223452	2426814.19	285938.723	-1.114640153	0.002426814	0.000285939	2019	3	Mar	1	Saturday	0.021349618	0.019235902	0.382354061	3.680592769
3/17/2019	0.019756102	2370732.256	120612.532	-2.310928223	0.002370732	0.000120613	2019	3	Mar	1	Sunday	0.021215777	0.019323816	0.356979994	3.61236455
3/18/2019	0.019628519	2355422.281	172760.6309	-0.645790961	0.002355422	0.000172761	2019	3	Mar	1	Monday	0.02089154	0.019454037	0.329894372	3.228381098
3/19/2019	0.01969273	2363127.66	251616.9922	0.327133618	0.002363128	0.000251617	2019	3	Mar	1	Tuesday	0.020502691	0.019577656	0.304054369	3.225111581
3/20/2019	0.02013455	2416146.055	92981.98135	2.243568804	0.002416146	9.30E-05	2019	3	Mar	1	Wednesday	0.020172428	0.019659543	0.280218432	2.655755584
3/21/2019	0.02009794	2411752.786	176986.0502	-0.181829602	0.002411753	0.000176986	2019	3	Mar	1	Thursday	0.019997815	0.019739764	0.257075743	2.657485435
3/22/2019	0.020513381	2461605.664	231824.0173	2.067080771	0.002461606	0.000231824	2019	3	Mar	1	Friday	0.020006668	0.019813108	0.23207418	2.61289218
3/23/2019	0.020586929	2470431.477	369445.4658	0.358538878	0.002470431	0.000369445	2019	3	Mar	1	Saturday	0.020058593	0.019886289	0.208527927	2.612908078
3/24/2019	0.019041822	2285018.59	198668.7191	-7.505283559	0.002285019	0.000198669	2019	3	Mar	1	Sunday	0.019956553	0.019909777	0.184055712	2.985054297
3/25/2019	0.018357979	2202957.43	281817.3185	-3.59126879	0.002202957	0.000281817	2019	3	Mar	1	Monday	0.019775047	0.019886945	0.158615086	2.977873819
3/26/2019	0.018270738	2192488.592	179450.9689	-0.475217475	0.002192489	0.000179451	2019	3	Mar	1	Tuesday	0.019571905	0.019867906	0.134472644	2.973192125
3/27/2019	0.017425123	2091014.703	262562.2064	-4.628251596	0.002091015	0.000262562	2019	3	Mar	1	Wednesday	0.019184844	0.019813291	0.110516415	3.077052498
3/28/2019	0.017866191	2143942.881	217502.5254	2.531219756	0.002143943	0.000217503	2019	3	Mar	1	Thursday	0.018866023	0.019764504	0.085748277	3.104876623
3/29/2019	0.019013327	2281599.278	311190.6406	6.420711964	0.002281599	0.000311191	2019	3	Mar	1	Friday	0.01865173	0.019770318	0.062166673	3.29850005
3/30/2019	0.019983175	2397980.941	190191.3172	5.10088097	0.002397981	0.000190191	2019	3	Mar	1	Saturday	0.018565479	0.019782387	0.039581968	3.343103521
3/31/2019	0.019833113	2379973.597	243986.6355	-0.750937751	0.002379974	0.000243987	2019	3	Mar	1	Sunday	0.018678521	0.019793365	0.01829661	3.344344583
4/1/2019	0.021072776	2528733.133	267039.8874	6.250470015	0.002528733	0.00026704	2019	4	Apr	2	Monday	0.019066349	0.019864394	0.018324042	3.475705886
4/2/2019	0.021219672	2546360.635	203927.7181	0.697088256	0.002546361	0.000203928	2019	4	Apr	2	Tuesday	0.019487625	0.019925977	0.018358205	3.458543472
4/3/2019	0.020956424	2514770.882	118992.5335	-1.240584394	0.002514771	0.000118993	2019	4	Apr	2	Wednesday	0.019992097	0.020000957	0.018398883	3.398205435
4/4/2019	0.020468951	2456274.061	101265.1271	-2.326129262	0.002456274	0.000101265	2019	4	Apr	2	Thursday	0.02036392	0.02005836	0.01843369	3.435344236
4/5/2019	0.020243026	2429163.124	77734.64365	-1.103742315	0.002429163	7.77E-05	2019	4	Apr	2	Friday	0.020539591	0.020107835	0.018471643	3.445301536
4/6/2019	0.01995108	2394129.579	322786.3937	-1.442206393	0.00239413	0.000322786	2019	4	Apr	2	Saturday	0.020535006	0.020119166	0.018504405	3.364120509
4/7/2019	0.020107642	2412916.98	140858.8292	0.784727865	0.002412917	0.000140859	2019	4	Apr	2	Sunday	0.020574224	0.020122519	0.018550129	3.347502149
4/8/2019	0.020257455	2430894.606	134624.9121	0.74505777	0.002430895	0.000134625	2019	4	Apr	2	Monday	0.02045775	0.020130866	0.01859497	3.349721457
4/9/2019	0.020280193	2433623.213	287956.6367	0.11224703	0.002433623	0.000287957	2019	4	Apr	2	Tuesday	0.020323539	0.020117106	0.018633766	3.290132297
4/10/2019	0.020658405	2479008.564	169568.9791	1.864929259	0.002479009	0.000169569	2019	4	Apr	2	Wednesday	0.020280964	0.02007578	0.018690891	3.123004057
4/11/2019	0.021687761	2602531.327	236115.5996	4.982748534	0.002602531	0.000236116	2019	4	Apr	2	Thursday	0.02045508	0.02005155	0.018756679	3.23049724
4/12/2019	0.022549892	2705986.996	133949.9494	3.975193994	0.002705987	0.00013395	2019	4	Apr	2	Friday	0.020784632	0.020055	0.018823045	3.313476717
4/13/2019	0.021270781	2552493.707	370544.2009	-5.672358731	0.002552494	0.000370544	2019	4	Apr	2	Saturday	0.020973161	0.020053351	0.018883722	3.350112149
4/14/2019	0.019224346	2306921.519	304951.4204	-9.620873373	0.002306922	0.000304951	2019	4	Apr	2	Sunday	0.020846976	0.020012449	0.018909319	3.718177727
4/15/2019	0.019976374	2397164.922	320392.4897	3.911854038	0.002397165	0.000320392	2019	4	Apr	2	Monday	0.020806822	0.020004213	0.018939903	3.785310338
4/16/2019	0.018932408	2271888.919	179054.0402	-5.226006823	0.002271889	0.000179054	2019	4	Apr	2	Tuesday	0.020614281	0.019976757	0.018964023	3.883594127
4/17/2019	0.018781729	2253807.465	273800.0712	-0.795877597	0.002253807	0.0002738	2019	4	Apr	2	Wednesday	0.020346184	0.01994853	0.018986697	3.884460817
4/18/2019	0.017940846	2152901.509	101757.1883	-4.477132895	0.002152902	0.000101757	2019	4	Apr	2	Thursday	0.019810911	0.019890134	0.018995637	3.965584171
4/19/2019	0.016709891	2005186.861	62229.53112	-6.861189304	0.002005187	6.22E-05	2019	4	Apr	2	Friday	0.018976625	0.019775979	0.018990129	4.115091306
4/20/2019	0.017092834	2051140.055	66450.2755	2.291716302	0.00205114	6.65E-05	2019	4	Apr	2	Saturday	0.018379775	0.019675809	0.018984516	4.147099418
4/21/2019	0.017637468	2116496.166	212479.7244	3.186330967	0.002116496	0.00021248	2019	4	Apr	2	Sunday	0.018153078	0.019579945	0.018991836	4.175499852
4/22/2019	0.017252639	2070316.623	175246.8958	-2.181886455	0.002070317	0.000175247	2019	4	Apr	2	Monday	0.017763973	0.019468802	0.018993407	4.18498357
4/23/2019	0.015569648	1868357.797	172191.2959	-9.754972901	0.001868358	0.000172191	2019	4	Apr	2	Tuesday	0.017283579	0.019353063	0.018986552	4.332371313
4/24/2019	0.015248385	1829806.244	56532.91944	-2.063392408	0.001829806	5.65E-05	2019	4	Apr	2	Wednesday	0.016778816	0.01924941	0.018976746	4.304599955
4/25/2019	0.01550474	1860568.794	150189.5679	1.681191628	0.001860569	0.00015019	2019	4	Apr	2	Thursday	0.016430801	0.01915721	0.018975981	4.323432075
4/26/2019	0.014628758	1755450.96	203927.542	-5.649768708	0.001755451	0.000203928	2019	4	Apr	2	Friday	0.016133496	0.019063998	0.018970331	4.361301105
4/27/2019	0.014751189	1770142.724	147140.0059	0.836922457	0.001770143	0.00014714	2019	4	Apr	2	Saturday	0.015798975	0.018960164	0.01895734	4.331729636
4/28/2019	0.014756908	1770828.975	208721.0676	0.038768116	0.001770829	0.000208721	2019	4	Apr	2	Sunday	0.015387467	0.018818284	0.018936334	4.129896095
4/29/2019	0.015117953	1814154.364	105152.5155	2.446616264	0.001814154	0.000105153	2019	4	Apr	2	Monday	0.015082512	0.01865611	0.018914588	4.027231889
4/30/2019	0.015205637	1824676.405	232786.8157	0.579996981	0.001824676	0.000232787	2019	4	Apr	2	Tuesday	0.01503051	0.01850186	0.018901746	4.03563019
5/1/2019	0.014639794	1756775.28	176752.2333	-3.721269401	0.001756775	0.000176752	2019	5	May	2	Wednesday	0.014943568	0.018287428	0.018884723	3.840766223
5/2/2019	0.015372901	1844748.145	101999.0247	5.007633347	0.001844748	0.000101999	2019	5	May	2	Thursday	0.014924734	0.018092535	0.018866723	3.989362208
5/3/2019	0.015291011	1834921.274	107171.2507	-0.532694417	0.001834921	0.000107171	2019	5	May	2	Friday	0.015019342	0.017903688	0.01884655	3.989920676
5/4/2019	0.015289601	1834752.136	193316.1925	-0.009217733	0.001834752	0.000193316	2019	5	May	2	Saturday	0.015096258	0.017731043	0.018807675	3.985108654
5/5/2019	0.014744088	1769290.606	229287.2372	-3.567867803	0.001769291	0.000229287	2019	5	May	2	Sunday	0.015094426	0.017547745	0.018759217	4.01497202
5/6/2019	0.014499453	1739934.36	138977.8379	-1.659209938	0.001739934	0.000138978	2019	5	May	2	Monday	0.015006069	0.017366024	0.018706189	4.016045516
5/7/2019	0.014009264	1681111.665	102541.1737	-3.380742203	0.001681112	0.000102541	2019	5	May	2	Tuesday	0.014835159	0.017162745	0.018650134	4.024988557
5/8/2019	0.013926604	1671192.49	224008.969	-0.590036646	0.001671192	0.000224009	2019	5	May	2	Wednesday	0.014733275	0.016951717	0.018591814	4.011045866
5/9/2019	0.014928458	1791414.94	197614.9142	7.193812226	0.001791415	0.000197615	2019	5	May	2	Thursday	0.014669783	0.016773325	0.018545709	4.287451426
5/10/2019	0.014145454	1697454.424	142196.1958	-5.245044795	0.001697454	0.000142196	2019	5	May	2	Friday	0.014506132	0.016556227	0.018484596	4.32423412
5/11/2019	0.013274578	1592949.414	141052.522	-6.156572363	0.001592949	0.000141053	2019	5	May	2	Saturday	0.014218271	0.016275788	0.018405065	4.256071712
5/12/2019	0.014093273	1691192.816	92188.23301	6.167389955	0.001691193	9.22E-05	2019	5	May	2	Sunday	0.014125298	0.0159939	0.018341436	4.371181766
5/13/2019	0.013989747	1678769.595	176633.9515	-0.734583359	0.00167877	0.000176634	2019	5	May	2	Monday	0.014052483	0.015751199	0.018287869	4.299507089
5/14/2019	0.013633933	1636071.975	119513.5873	-2.543387746	0.001636072	0.000119514	2019	5	May	2	Tuesday	0.013998864	0.015564852	0.018244954	4.011503813
5/15/2019	0.014227233	1707267.978	255198.0146	4.351642478	0.001707268	0.000255198	2019	5	May	2	Wednesday	0.014041811	0.015373214	0.018204443	4.031056462
5/16/2019	0.013900618	1668074.217	146160.0354	-2.295700583	0.001668074	0.00014616	2019	5	May	2	Thursday	0.013894977	0.015205488	0.018168687	3.961164752
5/17/2019	0.014968885	1796266.216	158621.5744	7.685029703	0.001796266	0.000158622	2019	5	May	2	Friday	0.01401261	0.015078393	0.01816032	4.263484332
5/18/2019	0.015395739	1847488.632	180873.2283	2.85160496	0.001847489	0.000180873	2019	5	May	2	Saturday	0.014315633	0.014993556	0.018153782	4.247470607
5/19/2019	0.015113287	1813594.458	253922.6665	-1.834607996	0.001813594	0.000253923	2019	5	May	2	Sunday	0.014461349	0.014940336	0.018125286	4.080520789
5/20/2019	0.016491855	1979022.613	249551.1338	9.121562656	0.001979023	0.000249551	2019	5	May	2	Monday	0.014818793	0.014920303	0.018111959	4.405037862
5/21/2019	0.016113187	1933582.493	162683.1394	-2.296088989	0.001933582	0.000162683	2019	5	May	2	Tuesday	0.015172972	0.014869494	0.018087516	4.380841884
5/22/2019	0.016615265	1993831.792	231770.8072	3.115941507	0.001993832	0.000231771	2019	5	May	2	Wednesday	0.01551412	0.014848248	0.01806778	4.405261506
5/23/2019	0.016832197	2019863.66	202689.8034	1.305620072	0.002019864	0.00020269	2019	5	May	2	Thursday	0.015932917	0.014890333	0.018051058	4.0084243
5/24/2019	0.017749604	2129952.472	189744.7836	5.450309036	0.002129952	0.000189745	2019	5	May	2	Friday	0.016330162	0.014973707	0.018036687	4.087246424
5/25/2019	0.018912511	2269501.295	120460.3463	6.551734149	0.002269501	0.00012046	2019	5	May	2	Saturday	0.016832558	0.0150873	0.018037472	4.226556524
5/26/2019	0.018955684	2274682.039	194877.3595	0.228276752	0.002274682	0.000194877	2019	5	May	2	Sunday	0.017381472	0.01523153	0.018036273	4.05232095
5/27/2019	0.018411346	2209361.511	131453.1003	-2.871633348	0.002209362	0.000131453	2019	5	May	2	Monday	0.017655685	0.015353536	0.018026068	4.111876516
5/28/2019	0.018771992	2252639.074	314876.273	1.958826671	0.002252639	0.000314876	2019	5	May	2	Tuesday	0.018035514	0.015487372	0.018025324	4.114208808
5/29/2019	0.018288224	2194586.916	154167.136	-2.577073185	0.002194587	0.000154167	2019	5	May	2	Wednesday	0.018274508	0.015593047	0.018010515	4.150570889
5/30/2019	0.01984184	2381020.853	343513.8827	8.495172173	0.002381021	0.000343514	2019	5	May	2	Thursday	0.018704457	0.015747588	0.018014271	4.386341452
5/31/2019	0.019970462	2396455.424	225186.8516	0.648233321	0.002396455	0.000225187	2019	5	May	2	Friday	0.019021723	0.015925277	0.018025699	4.296395508
6/1/2019	0.019700449	2364053.846	250082.2055	-1.352062605	0.002364054	0.000250082	2019	6	Jun	2	Saturday	0.019134285	0.016069528	0.018029347	4.255064617
6/2/2019	0.019866375	2383965.05	226841.0768	0.842248344	0.002383965	0.000226841	2019	6	Jun	2	Sunday	0.019264384	0.01622204	0.018042228	4.246318916
6/3/2019	0.018843039	2261164.707	102941.0474	-5.151096647	0.002261165	0.000102941	2019	6	Jun	2	Monday	0.019326055	0.016340488	0.018043297	4.388262921
6/4/2019	0.018142895	2177147.374	163500.6028	-3.715666192	0.002177147	0.000163501	2019	6	Jun	2	Tuesday	0.019236184	0.016453782	0.018036454	4.393404523
6/5/2019	0.019054353	2286522.335	95799.64606	5.023773867	0.002286522	9.58E-05	2019	6	Jun	2	Wednesday	0.01934563	0.016605612	0.018030267	4.434411687
6/6/2019	0.018578775	2229452.994	233545.2008	-2.495901323	0.002229453	0.000233545	2019	6	Jun	2	Thursday	0.019165193	0.016757929	0.018014397	4.407070986
6/7/2019	0.017834653	2140158.35	178970.5353	-4.005226557	0.002140158	0.000178971	2019	6	Jun	2	Friday	0.018860077	0.016888197	0.01799026	4.493823069
6/8/2019	0.018239863	2188783.548	270004.3912	2.272037369	0.002188784	0.000270004	2019	6	Jun	2	Saturday	0.018651422	0.016998577	0.017963003	4.344385941
6/9/2019	0.019144924	2297390.924	129702.5535	4.961997091	0.002297391	0.000129703	2019	6	Jun	2	Sunday	0.018548357	0.017165226	0.017932411	4.256694447
6/10/2019	0.019723203	2366784.376	117742.6164	3.020533055	0.002366784	0.000117743	2019	6	Jun	2	Monday	0.018674095	0.01738018	0.017902506	4.041535113
6/11/2019	0.020545412	2465449.485	194178.4753	4.168740949	0.002465449	0.000194178	2019	6	Jun	2	Tuesday	0.019017312	0.017595252	0.017881384	3.976286519
6/12/2019	0.019952728	2394327.347	338055.6671	-2.884753409	0.002394327	0.000338056	2019	6	Jun	2	Wednesday	0.019145651	0.017794018	0.017866189	4.033918636
6/13/2019	0.018868492	2264219.047	260952.6439	-5.434023084	0.002264219	0.000260953	2019	6	Jun	2	Thursday	0.019187039	0.017968503	0.017848601	4.160622002
6/14/2019	0.02005637	2406764.354	193192.9843	6.295561719	0.002406764	0.000193193	2019	6	Jun	2	Friday	0.019504427	0.018162808	0.017846745	4.226476272
6/15/2019	0.019818971	2378276.487	218974.2432	-1.183658346	0.002378276	0.000218974	2019	6	Jun	2	Saturday	0.019730014	0.018360086	0.017847444	4.199221254
6/16/2019	0.019640746	2356889.496	94524.37626	-0.899264279	0.002356889	9.45E-05	2019	6	Jun	2	Sunday	0.019800846	0.018515815	0.017847579	4.036564272
6/17/2019	0.020733154	2487978.43	368591.784	5.561946547	0.002487978	0.000368592	2019	6	Jun	2	Monday	0.019945125	0.018693729	0.01785914	4.109408883
6/18/2019	0.02122083	2546499.588	280035.6989	2.352156973	0.0025465	0.000280036	2019	6	Jun	2	Tuesday	0.020041613	0.018897313	0.017871209	4.078078762
6/19/2019	0.021632975	2595956.952	166786.3097	1.942170525	0.002595957	0.000166786	2019	6	Jun	2	Wednesday	0.020281648	0.019068684	0.017888265	3.799345927
6/20/2019	0.023613506	2833620.748	284203.6809	9.155151651	0.002833621	0.000284204	2019	6	Jun	2	Thursday	0.020959507	0.019318695	0.017922711	4.027489593
6/21/2019	0.023036459	2764375.031	119249.2892	-2.443718582	0.002764375	0.000119249	2019	6	Jun	2	Friday	0.021385234	0.019532734	0.017949928	4.071544363
6/22/2019	0.023931408	2871768.914	418992.234	3.884924477	0.002871769	0.000418992	2019	6	Jun	2	Saturday	0.021972725	0.019769375	0.018004257	4.101541711
6/23/2019	0.024010044	2881205.293	146867.1307	0.328591181	0.002881205	0.000146867	2019	6	Jun	2	Sunday	0.022596911	0.019978056	0.018067058	4.027025188
6/24/2019	0.024293673	2915240.738	314156.9481	1.181291903	0.002915241	0.000314157	2019	6	Jun	2	Monday	0.023105556	0.020157428	0.018133979	3.892962497
6/25/2019	0.025851139	3102136.722	184436.0979	6.410996597	0.003102137	0.000184436	2019	6	Jun	2	Tuesday	0.023767029	0.020387277	0.018227602	4.017283584
6/26/2019	0.026408029	3168963.522	367940.0072	2.154218369	0.003168964	0.00036794	2019	6	Jun	2	Wednesday	0.02444918	0.020653833	0.018322511	3.949464023
6/27/2019	0.027009805	3241176.602	399373.1268	2.278760244	0.003241177	0.000399373	2019	6	Jun	2	Thursday	0.024934365	0.020928427	0.018411361	3.95178067
6/28/2019	0.028221956	3386634.672	375274.2325	4.487816854	0.003386635	0.000375274	2019	6	Jun	2	Friday	0.025675151	0.021259551	0.018502903	3.923512154
6/29/2019	0.027840788	3340894.539	346584.1831	-1.350607254	0.003340895	0.000346584	2019	6	Jun	2	Saturday	0.026233633	0.021526182	0.018591877	3.727706462
6/30/2019	0.026948665	3233839.757	443347.4372	-3.204374776	0.00323384	0.000443347	2019	6	Jun	2	Sunday	0.026653436	0.021758789	0.018657164	3.812825709
7/1/2019	0.025871485	3104578.144	122429.6765	-3.997155789	0.003104578	0.00012243	2019	7	Jul	3	Monday	0.026878838	0.02196449	0.018708851	3.90042485
7/2/2019	0.023938478	2872617.339	200249.4995	-7.471572427	0.002872617	0.000200249	2019	7	Jul	3	Tuesday	0.026605601	0.022100227	0.018741985	4.195151139
7/3/2019	0.026016616	3121993.888	186678.0559	8.681161429	0.003121994	0.000186678	2019	7	Jul	3	Wednesday	0.026549684	0.022339346	0.018803626	4.28807774
7/4/2019	0.024918414	2990209.733	444230.5678	-4.221153525	0.00299021	0.000444231	2019	7	Jul	3	Thursday	0.026250914	0.022565197	0.018855575	4.308876898
7/5/2019	0.024723567	2966828.048	227635.1438	-0.781941302	0.002966828	0.000227635	2019	7	Jul	3	Friday	0.025751145	0.022754171	0.018908602	4.259092379
7/6/2019	0.024475788	2937094.574	346323.1713	-1.002197394	0.002937095	0.000346323	2019	7	Jul	3	Saturday	0.02527043	0.022950738	0.018957137	4.225914618
7/7/2019	0.024803398	2976407.751	333854.7867	1.338505636	0.002976408	0.000333855	2019	7	Jul	3	Sunday	0.024963964	0.023183029	0.019007648	4.118547878
7/8/2019	0.025651708	3078204.921	170685.6887	3.420135224	0.003078205	0.000170686	2019	7	Jul	3	Monday	0.024932567	0.023430091	0.019067331	4.13428438
7/9/2019	0.026576546	3189185.48	187140.5162	3.605366173	0.003189185	0.000187141	2019	7	Jul	3	Tuesday	0.025309434	0.023677812	0.019133088	4.099270676
7/10/2019	0.025989848	3118781.72	198835.2702	-2.207578091	0.003118782	0.000198835	2019	7	Jul	3	Wednesday	0.02530561	0.0238867	0.019180889	4.129337315
7/11/2019	0.025842518	3101102.156	246026.7874	-0.566874026	0.003101102	0.000246027	2019	7	Jul	3	Thursday	0.025437625	0.02406327	0.019217474	4.094614892
7/12/2019	0.026162428	3139491.3	182464.1196	1.23791937	0.003139491	0.000182464	2019	7	Jul	3	Friday	0.025643176	0.02427026	0.019271826	4.033758768
7/13/2019	0.02592938	3111525.547	100683.2973	-0.8907734	0.003111526	0.000100683	2019	7	Jul	3	Saturday	0.025850832	0.024505623	0.019346326	3.866259626
7/14/2019	0.027678903	3321468.348	450149.1948	6.747262636	0.003321468	0.000450149	2019	7	Jul	3	Sunday	0.026261618	0.024759707	0.01943191	3.88786288
7/15/2019	0.028256104	3390732.439	494616.9225	2.085345504	0.003390732	0.000494617	2019	7	Jul	3	Monday	0.026633675	0.025040945	0.019535506	3.865904004
7/16/2019	0.029128137	3495376.405	248131.3407	3.086175877	0.003495376	0.000248131	2019	7	Jul	3	Tuesday	0.026998188	0.025357191	0.019650466	3.857593724
7/17/2019	0.029940733	3592887.939	253732.7123	2.789729119	0.003592888	0.000253733	2019	7	Jul	3	Wednesday	0.0275626	0.025664111	0.019783798	3.786849402
7/18/2019	0.031411021	3769322.485	116287.4341	4.910660992	0.003769322	0.000116287	2019	7	Jul	3	Thursday	0.028358101	0.026003784	0.019947144	3.839779054
7/19/2019	0.031670944	3800513.296	424251.6131	0.827491172	0.003800513	0.000424252	2019	7	Jul	3	Friday	0.029145031	0.026338383	0.020109123	3.839607531
7/20/2019	0.030100037	3612004.414	466139.238	-4.960090055	0.003612004	0.000466139	2019	7	Jul	3	Saturday	0.02974084	0.0265546	0.020247596	3.712818525
7/21/2019	0.030615729	3673887.536	174851.315	1.713262647	0.003673888	0.000174851	2019	7	Jul	3	Sunday	0.030160386	0.026807243	0.020396075	3.661770712
7/22/2019	0.029858204	3582984.455	176139.3794	-2.474302221	0.003582984	0.000176139	2019	7	Jul	3	Monday	0.030389258	0.027004803	0.020554837	3.674078968
7/23/2019	0.029262738	3511528.57	438273.8456	-1.99431191	0.003511529	0.000438274	2019	7	Jul	3	Tuesday	0.030408487	0.027179893	0.020710552	3.708783102
7/24/2019	0.029987167	3598460.062	374077.5192	2.47560259	0.00359846	0.000374078	2019	7	Jul	3	Wednesday	0.03041512	0.027369676	0.020871468	3.721746348
7/25/2019	0.031541396	3784967.56	133924.5174	5.182980915	0.003784968	0.000133925	2019	7	Jul	3	Thursday	0.030433745	0.027559351	0.021059386	3.663877824
7/26/2019	0.031599829	3791979.504	397041.6365	0.185257697	0.00379198	0.000397042	2019	7	Jul	3	Friday	0.030423586	0.027732411	0.021246593	3.655110118
7/27/2019	0.032024622	3842954.607	257747.4526	1.344287426	0.003842955	0.000257747	2019	7	Jul	3	Saturday	0.030698527	0.027899571	0.021438457	3.644844994
7/28/2019	0.034315379	4117845.532	305737.7541	7.153114023	0.004117846	0.000305738	2019	7	Jul	3	Sunday	0.031227048	0.028102686	0.021651761	3.772296314
7/29/2019	0.034682102	4161852.238	509276.5783	1.068682771	0.004161852	0.000509277	2019	7	Jul	3	Monday	0.031916176	0.028330729	0.021868166	3.752266167
7/30/2019	0.038524372	4622924.666	588554.8165	11.0785391	0.004622925	0.000588555	2019	7	Jul	3	Tuesday	0.033239267	0.028716586	0.022133551	4.114910115
7/31/2019	0.039445165	4733419.761	369409.3091	2.390155656	0.00473342	0.000369409	2019	7	Jul	3	Wednesday	0.034590409	0.029169042	0.02240102	3.996040063
8/1/2019	0.036799379	4415925.44	634384.5727	-6.707504025	0.004415925	0.000634385	2019	8	Aug	3	Thursday	0.03534155	0.029597739	0.022640002	3.938969721
8/2/2019	0.0379631	4555571.957	358867.5778	3.162338645	0.004555572	0.000358868	2019	8	Aug	3	Friday	0.036250588	0.029995955	0.02289193	3.715380341
8/3/2019	0.038584898	4630187.782	567755.1271	1.63790247	0.004630188	0.000567755	2019	8	Aug	3	Saturday	0.037187771	0.030451505	0.023156828	3.564263058
8/4/2019	0.040668388	4880206.503	429776.7119	5.399753369	0.004880207	0.000429777	2019	8	Aug	3	Sunday	0.038095343	0.030982999	0.023447594	3.60454593
8/5/2019	0.041820152	5018418.224	691055.6568	2.832087552	0.005018418	0.000691056	2019	8	Aug	3	Monday	0.039115065	0.031561144	0.023756604	3.571990885
8/6/2019	0.041630792	4995695.041	694058.6525	-0.452795711	0.004995695	0.000694059	2019	8	Aug	3	Tuesday	0.039558839	0.032122057	0.024064428	3.595941438
8/7/2019	0.039680828	4761699.396	192801.2892	-4.683945756	0.004761699	0.000192801	2019	8	Aug	3	Wednesday	0.039592505	0.032589695	0.024339454	3.77040968
8/8/2019	0.039389813	4726777.545	672994.8042	-0.7333905	0.004726778	0.000672995	2019	8	Aug	3	Thursday	0.039962567	0.033016803	0.024619947	3.771370791
8/9/2019	0.038110369	4573244.329	590242.0338	-3.248158258	0.004573244	0.000590242	2019	8	Aug	3	Friday	0.039983606	0.033420821	0.0248959	3.810165036
8/10/2019	0.037272861	4472743.3	558901.8624	-2.197587151	0.004472743	0.000558902	2019	8	Aug	3	Saturday	0.039796172	0.033801832	0.025153451	3.849926907
8/11/2019	0.038198972	4583876.65	248030.6353	2.484679813	0.004583877	0.000248031	2019	8	Aug	3	Sunday	0.039443398	0.03420305	0.025422443	3.855970868
8/12/2019	0.040878522	4905422.62	621096.676	7.014716904	0.004905423	0.000621097	2019	8	Aug	3	Monday	0.03930888	0.034701355	0.02572516	3.966771912
8/13/2019	0.041570536	4988464.323	658556.7477	1.692855229	0.004988464	0.000658557	2019	8	Aug	3	Tuesday	0.039300272	0.03516441	0.026028975	3.846295064
8/14/2019	0.039668456	4760214.78	307976.5669	-4.575547273	0.004760215	0.000307977	2019	8	Aug	3	Wednesday	0.039298504	0.035544821	0.026315284	3.99679358
8/15/2019	0.040420635	4850476.249	699784.0746	1.896163791	0.004850476	0.000699784	2019	8	Aug	3	Thursday	0.039445765	0.035921238	0.026598081	3.983449086
8/16/2019	0.042444854	5093382.536	183276.2919	5.007885302	0.005093383	0.000183276	2019	8	Aug	3	Friday	0.040064977	0.036338042	0.026898627	4.034734153
8/17/2019	0.041463535	4975624.245	238775.7811	-2.311986003	0.004975624	0.000238776	2019	8	Aug	3	Saturday	0.040663645	0.036673126	0.027191408	4.024101531
8/18/2019	0.04128312	4953974.345	468198.8103	-0.435119268	0.004953974	0.000468199	2019	8	Aug	3	Sunday	0.041104237	0.036993532	0.027466866	4.032636638
8/19/2019	0.04134871	4961845.163	491694.5254	0.158878858	0.004961845	0.000491695	2019	8	Aug	3	Monday	0.041171407	0.037368487	0.027747261	3.878649753
8/20/2019	0.040110786	4813294.359	517034.5016	-2.993862135	0.004813294	0.000517035	2019	8	Aug	3	Tuesday	0.040962871	0.037684989	0.028008322	3.949041306
8/21/2019	0.041205696	4944683.53	158409.3428	2.729714012	0.004944684	0.000158409	2019	8	Aug	3	Wednesday	0.041182477	0.038063239	0.028279139	3.90620306
8/22/2019	0.041047855	4925742.571	715434.6178	-0.383057052	0.004925743	0.000715435	2019	8	Aug	3	Thursday	0.041272079	0.038456076	0.028538008	3.872380905
8/23/2019	0.041784267	5014111.999	177251.7229	1.794032621	0.005014112	0.000177252	2019	8	Aug	3	Friday	0.04117771	0.038849313	0.028792139	3.866669043
8/24/2019	0.040367305	4844076.652	228482.6674	-3.391135804	0.004844077	0.000228483	2019	8	Aug	3	Saturday	0.041021105	0.03914351	0.029030046	3.877680268
8/25/2019	0.039706776	4764813.123	150957.5805	-1.636297992	0.004764813	0.000150958	2019	8	Aug	3	Sunday	0.040795914	0.039413742	0.029266662	3.903389278
8/26/2019	0.040911742	4909409.02	481235.0592	3.034660394	0.004909409	0.000481235	2019	8	Aug	3	Monday	0.04073349	0.039709979	0.029512659	3.923122254
8/27/2019	0.040346465	4841575.798	686884.1679	-1.38169831	0.004841576	0.000686884	2019	8	Aug	3	Tuesday	0.040767158	0.039911015	0.02975775	3.759541781
8/28/2019	0.043275313	5193037.572	570785.7657	7.259243442	0.005193038	0.000570786	2019	8	Aug	3	Wednesday	0.041062818	0.040197455	0.030018122	3.950710673
8/29/2019	0.042631648	5115797.762	658499.8413	-1.487372438	0.005115798	0.0006585	2019	8	Aug	3	Thursday	0.041289074	0.040334365	0.030269913	3.46074293
8/30/2019	0.04305956	5167147.222	163249.5287	1.003742945	0.005167147	0.00016325	2019	8	Aug	3	Friday	0.041471259	0.040454844	0.030529459	3.442401551
8/31/2019	0.044740893	5368907.135	510270.7905	3.904667413	0.005368907	0.000510271	2019	8	Aug	3	Saturday	0.042096057	0.040719562	0.030805843	3.230964013
9/1/2019	0.042315493	5077859.15	432367.3029	-5.420991245	0.005077859	0.000432367	2019	9	Sep	3	Sunday	0.042468731	0.040864641	0.031066648	3.382206829
9/2/2019	0.039477107	4737252.816	425766.0604	-6.707675881	0.004737253	0.000425766	2019	9	Sep	3	Monday	0.042263783	0.040894382	0.031303694	3.613640927
9/3/2019	0.037177163	4461259.568	172497.1987	-5.826018984	0.00446126	0.000172497	2019	9	Sep	3	Tuesday	0.041811025	0.040778008	0.031505059	3.631285466
9/4/2019	0.039142078	4697049.307	526690.6758	5.285272823	0.004697049	0.000526691	2019	9	Sep	3	Wednesday	0.041220563	0.040688738	0.03173354	3.729043113
9/5/2019	0.038325816	4599097.915	415696.1327	-2.085381399	0.004599098	0.000415696	2019	9	Sep	3	Thursday	0.040605444	0.040578572	0.03196122	3.745440388
9/6/2019	0.042497774	5099732.82	621238.5489	10.88550222	0.005099733	0.000621239	2019	9	Sep	3	Friday	0.040525189	0.040672471	0.032230752	4.159597406
9/7/2019	0.041590916	4990909.942	440372.3203	-2.133893719	0.00499091	0.000440372	2019	9	Sep	3	Saturday	0.040075192	0.040745841	0.032480152	4.179536639
9/8/2019	0.041940999	5032919.828	241206.6907	0.841727988	0.00503292	0.000241207	2019	9	Sep	3	Sunday	0.040021693	0.040873528	0.032727016	4.127384513
9/9/2019	0.044654194	5358503.276	577597.5397	6.469076778	0.005358503	0.000577598	2019	9	Sep	3	Monday	0.040761277	0.041119573	0.032994892	4.240979171
9/10/2019	0.048433511	5812021.308	294590.2244	8.46352068	0.005812021	0.00029459	2019	9	Sep	3	Tuesday	0.042369327	0.041460724	0.033311345	4.462909593
9/11/2019	0.052649255	6317910.618	850942.6235	8.704188827	0.006317911	0.000850943	2019	9	Sep	3	Wednesday	0.044298923	0.041853082	0.033686687	4.552629937
9/12/2019	0.055311826	6637419.141	687463.7095	5.057186498	0.006637419	0.000687464	2019	9	Sep	3	Thursday	0.046725496	0.042311125	0.034078414	4.612717622
9/13/2019	0.057682235	6921868.207	338233.3938	4.285537202	0.006921868	0.000338233	2019	9	Sep	3	Friday	0.048894705	0.042911584	0.034499117	4.522393356
9/14/2019	0.059124791	7094974.974	1032180.981	2.500867705	0.007094975	0.001032181	2019	9	Sep	3	Saturday	0.051399544	0.043535056	0.034937829	4.526244288
9/15/2019	0.06105559	7326670.814	675547.2977	3.265632944	0.007326671	0.000675547	2019	9	Sep	3	Sunday	0.0541302	0.044155414	0.035385856	4.489022478
9/16/2019	0.059783956	7174074.743	277979.7154	-2.082747737	0.007174075	0.00027798	2019	9	Sep	3	Monday	0.056291595	0.044766095	0.035814335	4.482826571
9/17/2019	0.057916909	6950029.07	731281.7011	-3.122990503	0.006950029	0.000731282	2019	9	Sep	3	Tuesday	0.057646366	0.045320554	0.03621749	4.545589754
9/18/2019	0.05796703	6956043.597	420032.8242	0.086539594	0.006956044	0.000420033	2019	9	Sep	3	Wednesday	0.058406048	0.045874498	0.036599195	4.546198345
9/19/2019	0.057631369	6915764.247	874451.4602	-0.579055464	0.006915764	0.000874451	2019	9	Sep	3	Thursday	0.058737411	0.046458518	0.036983583	4.489850854
9/20/2019	0.056652601	6798312.075	871126.5237	-1.698325262	0.006798312	0.000871127	2019	9	Sep	3	Friday	0.058590321	0.046973415	0.037347152	4.514324292
9/21/2019	0.058311154	6997338.448	1031923.27	2.92758512	0.006997338	0.001031923	2019	9	Sep	3	Saturday	0.058474087	0.047548858	0.037728276	4.515679414
9/22/2019	0.060643084	7277170.095	656577.896	3.999115503	0.00727717	0.000656578	2019	9	Sep	3	Sunday	0.058415157	0.048177485	0.038132158	4.542306393
9/23/2019	0.060918803	7310256.33	618409.8591	0.454657992	0.007310256	0.00061841	2019	9	Sep	3	Monday	0.058577278	0.048862535	0.038521799	4.457440602
9/24/2019	0.064692358	7763082.946	934807.7231	6.194401328	0.007763083	0.000934808	2019	9	Sep	3	Tuesday	0.0595452	0.049695388	0.03894718	4.498024877
9/25/2019	0.061866294	7423955.323	340733.4078	-4.36846579	0.007423955	0.000340733	2019	9	Sep	3	Wednesday	0.060102237	0.050393873	0.039334474	4.625618663
9/26/2019	0.061450326	7374039.078	705178.3368	-0.672367265	0.007374039	0.000705178	2019	9	Sep	3	Thursday	0.060647803	0.051097335	0.039703678	4.612228097
9/27/2019	0.059773131	7172775.698	685356.6523	-2.729350596	0.007172776	0.000685357	2019	9	Sep	3	Friday	0.061093593	0.051647262	0.040058482	4.54315727
9/28/2019	0.05552841	6663409.175	271445.7985	-7.101386477	0.006663409	0.000271446	2019	9	Sep	3	Saturday	0.060696058	0.052077154	0.040376035	4.766945944
9/29/2019	0.055400441	6648052.896	532895.2241	-0.230456783	0.006648053	0.000532895	2019	9	Sep	3	Sunday	0.059947109	0.052488517	0.040704135	4.772176043
9/30/2019	0.055186461	6622375.311	876763.9213	-0.386242192	0.006622375	0.000876764	2019	9	Sep	3	Monday	0.059128203	0.052836702	0.041051334	4.744859294
10/1/2019	0.058689195	7042703.41	934837.4263	6.347089673	0.007042703	0.000934837	2019	10	Oct	4	Tuesday	0.058270608	0.053382492	0.041414363	4.698253908
10/2/2019	0.060249128	7229895.418	302994.2152	2.6579567	0.007229895	0.000302994	2019	10	Oct	4	Wednesday	0.058039585	0.054074893	0.041806926	4.459694514
10/3/2019	0.057888609	6946633.113	284023.556	-3.917930872	0.006946633	0.000284024	2019	10	Oct	4	Thursday	0.057530768	0.054765275	0.042175427	4.363988174
10/4/2019	0.06240743	7488891.586	460742.5012	7.806061782	0.007488892	0.000460743	2019	10	Oct	4	Friday	0.057907096	0.055540787	0.04259689	4.461035447
10/5/2019	0.065596719	7871606.321	1062445.878	5.110432316	0.007871606	0.001062446	2019	10	Oct	4	Saturday	0.059345426	0.056449817	0.043050149	4.4460662
10/6/2019	0.067209163	8065099.564	366706.4488	2.458116353	0.0080651	0.000366706	2019	10	Oct	4	Sunday	0.061032387	0.05727353	0.043511898	4.112560851
10/7/2019	0.066669677	8000361.216	931238.976	-0.802697435	0.008000361	0.000931239	2019	10	Oct	4	Monday	0.062672846	0.058109488	0.043957378	4.077692239
10/8/2019	0.064223723	7706846.759	324765.5541	-3.668765066	0.007706847	0.000324766	2019	10	Oct	4	Tuesday	0.063463493	0.058852246	0.044382198	4.190667226
10/9/2019	0.063337932	7600551.817	796359.5401	-1.379227393	0.007600552	0.00079636	2019	10	Oct	4	Wednesday	0.06390475	0.059475037	0.044798814	4.114975195
10/10/2019	0.06622343	7946811.643	577956.3203	4.555719554	0.007946812	0.000577956	2019	10	Oct	4	Thursday	0.065095439	0.060068034	0.045243936	3.936837632
10/11/2019	0.071480007	8577600.816	1069366.711	7.93763841	0.008577601	0.001069367	2019	10	Oct	4	Friday	0.066391522	0.060695726	0.045750054	3.888117818
10/12/2019	0.076107554	9132906.503	530099.9574	6.473904517	0.009132907	0.0005301	2019	10	Oct	4	Saturday	0.067893069	0.061388917	0.046288151	3.946049896
10/13/2019	0.074708476	8965017.091	956605.1517	-1.838291146	0.008965017	0.000956605	2019	10	Oct	4	Sunday	0.0689644	0.061956458	0.046804288	3.936317442
10/14/2019	0.071507966	8580955.888	500114.4486	-4.28399856	0.008580956	0.000500114	2019	10	Oct	4	Monday	0.069655584	0.062369231	0.047275175	4.037161262
10/15/2019	0.071984031	8638083.715	998901.3838	0.665751325	0.008638084	0.000998901	2019	10	Oct	4	Tuesday	0.070764199	0.062733512	0.047742323	4.008294651
10/16/2019	0.067135081	8056209.749	1086310.312	-6.736146419	0.00805621	0.00108631	2019	10	Oct	4	Wednesday	0.071306649	0.06297855	0.048139257	4.202128243
10/17/2019	0.068076593	8169191.137	369379.9101	1.402413693	0.008169191	0.00036938	2019	10	Oct	4	Thursday	0.071571387	0.063317206	0.048543764	4.149523699
10/18/2019	0.067743555	8129226.654	1089247.132	-0.489209797	0.008129227	0.001089247	2019	10	Oct	4	Friday	0.071037608	0.06364309	0.048962025	4.153419148
10/19/2019	0.06655894	7987072.814	808523.6377	-1.748676056	0.007987073	0.000808524	2019	10	Oct	4	Saturday	0.06967352	0.063940676	0.049361394	4.170358574
10/20/2019	0.062508325	7500999.015	339444.6505	-6.085756442	0.007500999	0.000339445	2019	10	Oct	4	Sunday	0.067930642	0.064135867	0.049724173	4.326462157
10/21/2019	0.063869616	7664353.911	623150.4683	2.177775192	0.007664354	0.00062315	2019	10	Oct	4	Monday	0.066839449	0.064321149	0.050108694	4.313613629
10/22/2019	0.062585631	7510275.762	370280.8924	-2.010321431	0.007510276	0.000370281	2019	10	Oct	4	Tuesday	0.06549682	0.0643859	0.050470899	4.279798395
10/23/2019	0.059784059	7174087.035	818145.4161	-4.476383266	0.007174087	0.000818145	2019	10	Oct	4	Wednesday	0.064446674	0.064348075	0.050784707	4.3632817
10/24/2019	0.053348644	6401837.269	775033.1547	-10.76443263	0.006401837	0.000775033	2019	10	Oct	4	Thursday	0.062342681	0.063969952	0.05102636	4.627497862
10/25/2019	0.053343278	6401193.301	273302.6762	-0.010059114	0.006401193	0.000273303	2019	10	Oct	4	Friday	0.060285499	0.063685851	0.051263234	4.571119978
10/26/2019	0.057319336	6878320.372	624116.6583	7.45372071	0.00687832	0.000624117	2019	10	Oct	4	Saturday	0.058965556	0.063548151	0.051518834	4.789439359
10/27/2019	0.061318917	7358270.058	940055.8408	6.977716372	0.00735827	0.000940056	2019	10	Oct	4	Sunday	0.05879564	0.063599678	0.051814798	4.932857345
10/28/2019	0.060268197	7232183.589	1029425.866	-1.713534136	0.007232184	0.001029426	2019	10	Oct	4	Monday	0.058281152	0.06375767	0.052056396	4.752528276
10/29/2019	0.058892636	7067116.354	647504.3523	-2.282398295	0.007067116	0.000647504	2019	10	Oct	4	Tuesday	0.057753581	0.063874077	0.052272479	4.776363586
10/30/2019	0.060067386	7208086.323	1038205.951	1.994731117	0.007208086	0.001038206	2019	10	Oct	4	Wednesday	0.057794056	0.064036775	0.052531013	4.784096322
10/31/2019	0.057773582	6932829.858	653645.7544	-3.818717665	0.00693283	0.000653646	2019	10	Oct	4	Thursday	0.05842619	0.064006254	0.052751129	4.707282371
11/1/2019	0.058533737	7024048.454	542979.0297	1.315748383	0.007024048	0.000542979	2019	11	Nov	4	Friday	0.059167685	0.063949074	0.052972783	4.688027128
11/2/2019	0.060415549	7249865.854	955419.0435	3.214918027	0.007249866	0.000955419	2019	11	Nov	4	Saturday	0.059610001	0.064033306	0.053192196	4.662749592
11/3/2019	0.063518032	7622163.816	679576.3118	5.135239321	0.007622164	0.000679576	2019	11	Nov	4	Sunday	0.05992416	0.064070326	0.053433284	4.537271345
11/4/2019	0.063327373	7599284.755	658313.1292	-0.300164908	0.007599285	0.000658313	2019	11	Nov	4	Monday	0.060361185	0.063994681	0.053674357	4.440156531
11/5/2019	0.062876389	7545166.667	670293.7342	-0.712147129	0.007545167	0.000670294	2019	11	Nov	4	Tuesday	0.060930293	0.063850255	0.053932085	4.416770961
11/6/2019	0.060767276	7292073.077	959740.366	-3.354380382	0.007292073	0.00095974	2019	11	Nov	4	Wednesday	0.061030277	0.063653508	0.054169612	4.454635422
11/7/2019	0.05884908	7061889.598	916866.2062	-3.156626059	0.00706189	0.000916866	2019	11	Nov	4	Thursday	0.061183919	0.063474354	0.054400043	4.441895491
11/8/2019	0.058376712	7005205.45	549365.0175	-0.802676775	0.007005205	0.000549365	2019	11	Nov	4	Friday	0.061161487	0.06330898	0.05463453	4.437841301
11/9/2019	0.05930014	7116016.786	498092.5913	1.581842768	0.007116017	0.000498093	2019	11	Nov	4	Saturday	0.061002143	0.063078203	0.054868987	4.361053886
11/10/2019	0.061568788	7388254.531	657786.3703	3.825704094	0.007388255	0.000657786	2019	11	Nov	4	Sunday	0.06072368	0.062747829	0.055098879	4.153722852
11/11/2019	0.059681846	7161821.555	707105.9874	-3.064769569	0.007161822	0.000707106	2019	11	Nov	4	Monday	0.06020289	0.062200306	0.055300116	3.969429682
11/12/2019	0.06341722	7610066.41	445953.4324	6.258810715	0.007610066	0.000445953	2019	11	Nov	4	Tuesday	0.060280152	0.06182393	0.055563991	4.162087539
11/13/2019	0.062795944	7535513.319	944008.4935	-0.979664122	0.007535513	0.000944008	2019	11	Nov	4	Wednesday	0.060569961	0.06153353	0.055812606	4.100675583
11/14/2019	0.06280507	7536608.371	666069.8613	0.014531878	0.007536608	0.00066607	2019	11	Nov	4	Thursday	0.061135103	0.061227564	0.05603883	4.096834733
11/15/2019	0.061016684	7322002.056	513165.9248	-2.847518466	0.007322002	0.000513166	2019	11	Nov	4	Friday	0.061512242	0.061023618	0.056256087	3.947314831
11/16/2019	0.055433146	6651977.541	284827.8278	-9.150837566	0.006651978	0.000284828	2019	11	Nov	4	Saturday	0.060959814	0.06060217	0.05641331	4.254026259
11/17/2019	0.057485891	6898306.874	404664.4716	3.703099287	0.006898307	0.000404664	2019	11	Nov	4	Sunday	0.060376543	0.060260247	0.056592612	4.325836522
11/18/2019	0.059264667	7111760.035	1023479.989	3.094283351	0.00711176	0.00102348	2019	11	Nov	4	Monday	0.060316946	0.060017105	0.056805433	4.366040557
11/19/2019	0.058660125	7039214.974	468895.9233	-1.020071842	0.007039215	0.000468896	2019	11	Nov	4	Tuesday	0.059637361	0.059888832	0.056999371	4.230112157
11/20/2019	0.05887637	7065164.384	355117.168	0.368640683	0.007065164	0.000355117	2019	11	Nov	4	Wednesday	0.059077422	0.05972239	0.057197466	4.209011089
11/21/2019	0.060164194	7219703.257	615701.6002	2.187335847	0.007219703	0.000615702	2019	11	Nov	4	Thursday	0.058700154	0.059641676	0.057401687	4.21597739
11/22/2019	0.056575473	6789056.772	453852.038	-5.964877913	0.006789057	0.000453852	2019	11	Nov	4	Friday	0.058065695	0.059534723	0.057581778	4.278235277
11/23/2019	0.055446215	6653545.767	227678.4147	-1.996021097	0.006653546	0.000227678	2019	11	Nov	4	Saturday	0.058067562	0.059604642	0.05775666	3.79650619
11/24/2019	0.05729332	6875198.375	472858.448	3.33134567	0.006875198	0.000472858	2019	11	Nov	4	Sunday	0.058040052	0.05973631	0.057938678	3.838956742
11/25/2019	0.054544259	6545311.035	623722.5527	-4.79822286	0.006545311	0.000623723	2019	11	Nov	4	Monday	0.057365708	0.059643807	0.058096431	3.702012958
11/26/2019	0.055243726	6629247.099	637769.93	1.282384653	0.006629247	0.00063777	2019	11	Nov	4	Tuesday	0.056877651	0.059441301	0.058229413	3.465064452
11/27/2019	0.052378254	6285390.461	457495.1588	-5.186963673	0.00628539	0.000457495	2019	11	Nov	4	Wednesday	0.055949349	0.059178303	0.058337709	3.570742092
11/28/2019	0.05341805	6410165.984	536379.1691	1.985167423	0.006410166	0.000536379	2019	11	Nov	4	Thursday	0.054985614	0.058995817	0.058452803	3.578337898
11/29/2019	0.053395317	6407438.018	934602.6866	-0.042556871	0.006407438	0.000934603	2019	11	Nov	4	Friday	0.054531306	0.058773414	0.058548964	3.553277004
11/30/2019	0.050104848	6012581.758	452638.0812	-6.162467114	0.006012582	0.000452638	2019	11	Nov	4	Saturday	0.053768253	0.05851779	0.058635512	3.65688489
12/1/2019	0.052546965	6305635.816	384563.1836	4.874013695	0.006305636	0.000384563	2019	12	Dec	4	Sunday	0.053090203	0.058318231	0.058780733	3.770657773
12/2/2019	0.051076458	6129174.923	362945.4998	-2.798463115	0.006129175	0.000362945	2019	12	Dec	4	Monday	0.052594802	0.058006928	0.058935169	3.737634673
12/3/2019	0.049497075	5939649.037	504464.808	-3.09219249	0.005939649	0.000504465	2019	12	Dec	4	Tuesday	0.051773852	0.057539562	0.059050225	3.61033663
12/4/2019	0.049945697	5993483.615	726065.0964	0.906359576	0.005993484	0.000726065	2019	12	Dec	4	Wednesday	0.051426344	0.057093507	0.059179335	3.622383003
12/5/2019	0.052346331	6281559.695	343718.0399	4.806488167	0.00628156	0.000343718	2019	12	Dec	4	Thursday	0.051273242	0.056742505	0.059288763	3.760493155
12/6/2019	0.050312269	6037472.33	695006.8589	-3.885776412	0.006037472	0.000695007	2019	12	Dec	4	Friday	0.050832806	0.056394004	0.059385667	3.775429113
12/7/2019	0.050487015	6058441.75	197129.4492	0.347321166	0.006058442	0.000197129	2019	12	Dec	4	Saturday	0.050887401	0.056115269	0.059480623	3.746341536
12/8/2019	0.051411857	6169422.836	495231.6469	1.831842103	0.006169423	0.000495232	2019	12	Dec	4	Sunday	0.050725243	0.055883107	0.059555708	3.768380567
12/9/2019	0.052910037	6349204.404	781611.2388	2.914074332	0.006349204	0.000781611	2019	12	Dec	4	Monday	0.050987183	0.055670104	0.059605447	3.799687723
12/10/2019	0.05333809	6400570.817	452187.2371	0.809021254	0.006400571	0.000452187	2019	12	Dec	4	Tuesday	0.051535899	0.055395747	0.059613101	3.725699365
12/11/2019	0.052613335	6313600.165	616513.2837	-1.358795246	0.0063136	0.000616513	2019	12	Dec	4	Wednesday	0.05191699	0.05516013	0.059583118	3.696675443
12/12/2019	0.050951082	6114129.806	333816.2506	-3.159375855	0.00611413	0.000333816	2019	12	Dec	4	Thursday	0.051717669	0.054744592	0.059508327	3.511127995
12/13/2019	0.051178102	6141372.242	731065.5552	0.445565235	0.006141372	0.000731066	2019	12	Dec	4	Friday	0.05184136	0.054357331	0.05942003	3.516379443
12/14/2019	0.049078752	5889450.202	213630.9271	-4.102048055	0.00588945	0.000213631	2019	12	Dec	4	Saturday	0.051640179	0.053899787	0.059286954	3.570715212
12/15/2019	0.043709793	5245175.122	693963.5102	-10.93947751	0.005245175	0.000693964	2019	12	Dec	4	Sunday	0.050539884	0.05332289	0.059108353	4.012466426
12/16/2019	0.044524276	5342913.064	287360.9194	1.863387584	0.005342913	0.000287361	2019	12	Dec	4	Monday	0.049341918	0.052959261	0.058959546	3.737886473
12/17/2019	0.046209803	5545176.304	748198.2386	3.785635998	0.005545176	0.000748198	2019	12	Dec	4	Tuesday	0.048323592	0.052583392	0.05882891	3.741236397
12/18/2019	0.042084296	5050115.519	365141.0726	-8.927773586	0.005050116	0.000365141	2019	12	Dec	4	Wednesday	0.046819443	0.052010713	0.058656164	3.962988459
12/19/2019	0.040458851	4855062.087	566692.6974	-3.86235585	0.004855062	0.000566693	2019	12	Dec	4	Thursday	0.045320553	0.051404004	0.058476234	3.995924554
12/20/2019	0.041514867	4981784.002	340290.8979	2.610098768	0.004981784	0.000340291	2019	12	Dec	4	Friday	0.043940091	0.050825287	0.058289608	4.045965959
12/21/2019	0.045121164	5414539.737	751047.5612	8.686762304	0.00541454	0.000751048	2019	12	Dec	4	Saturday	0.043374721	0.050323852	0.058117143	4.386448431
12/22/2019	0.045203891	5424466.9	245166.6745	0.183342698	0.005424467	0.000245167	2019	12	Dec	4	Sunday	0.043588164	0.0499448	0.057942533	4.282099345
12/23/2019	0.043950458	5274054.965	271204.4307	-2.772842719	0.005274055	0.000271204	2019	12	Dec	4	Monday	0.04350619	0.049561608	0.057712067	4.292823567
12/24/2019	0.043673748	5240849.754	467293.1099	-0.629595454	0.00524085	0.000467293	2019	12	Dec	4	Tuesday	0.043143896	0.049107622	0.057509928	4.225551877
12/25/2019	0.046189026	5542683.162	220779.5516	5.75924558	0.005542683	0.00022078	2019	12	Dec	4	Wednesday	0.043730286	0.048829114	0.057340358	4.320754418
12/26/2019	0.045055888	5406706.577	289354.0797	-2.453262822	0.005406707	0.000289354	2019	12	Dec	4	Thursday	0.044387006	0.04848952	0.057176833	4.32260778
12/27/2019	0.043681995	5241839.369	750903.7944	-3.049309322	0.005241839	0.000750904	2019	12	Dec	4	Friday	0.044696596	0.048199644	0.057045206	4.261325116
12/28/2019	0.042889466	5146735.965	757490.214	-1.814313596	0.005146736	0.00075749	2019	12	Dec	4	Saturday	0.044377782	0.047848692	0.056906195	4.240891328
12/29/2019	0.041326053	4959126.301	372683.8933	-3.645216412	0.004959126	0.000372684	2019	12	Dec	4	Sunday	0.043823805	0.047446383	0.056752191	4.274240303
12/30/2019	0.04157088	4988505.614	702353.2684	0.592429226	0.004988506	0.000702353	2019	12	Dec	4	Monday	0.043483865	0.047161917	0.056561987	4.156174438
12/31/2019	0.044406554	5328786.439	508254.1143	6.821297808	0.005328786	0.000508254	2019	12	Dec	4	Tuesday	0.043588552	0.04689057	0.056385958	4.257546471
1/1/2020	0.045029158	5403498.954	337011.3445	1.402054968	0.005403499	0.000337011	2020	1	Jan	1	Wednesday	0.043422856	0.046688994	0.056243076	4.247420643
1/2/2020	0.044621513	5354581.545	611963.5939	-0.905291346	0.005354582	0.000611964	2020	1	Jan	1	Thursday	0.043360803	0.046526475	0.056045454	4.217053687
1/3/2020	0.044147824	5297738.902	577814.935	-1.061570222	0.005297739	0.000577815	2020	1	Jan	1	Friday	0.04342735	0.046333212	0.055807133	4.213621368
1/4/2020	0.041513389	4981606.727	740740.203	-5.967303806	0.004981607	0.00074074	2020	1	Jan	1	Saturday	0.043230767	0.045972114	0.055521625	4.220425158
1/5/2020	0.04304906	5165887.234	319281.1448	3.699218296	0.005165887	0.000319281	2020	1	Jan	1	Sunday	0.043476911	0.045730007	0.055259173	4.249024471
1/6/2020	0.042958173	5154980.724	570383.8755	-0.211125604	0.005154981	0.000570384	2020	1	Jan	1	Monday	0.043675096	0.045479046	0.055022889	4.246724681
1/7/2020	0.042691836	5123020.372	185672.862	-0.619989737	0.00512302	0.000185673	2020	1	Jan	1	Tuesday	0.043430136	0.045188379	0.054793488	4.224862371
1/8/2020	0.048556692	5826803.028	254267.2607	13.73765093	0.005826803	0.000254267	2020	1	Jan	1	Wednesday	0.04393407	0.045043267	0.054597191	4.932087207
1/9/2020	0.049189596	5902751.515	179858.0487	1.303433223	0.005902752	0.000179858	2020	1	Jan	1	Thursday	0.044586653	0.044904984	0.05434952	4.936293764
1/10/2020	0.04778016	5733619.224	859671.8137	-2.865312726	0.005733619	0.000859672	2020	1	Jan	1	Friday	0.045105558	0.044743878	0.054034771	4.956604721
1/11/2020	0.047019208	5642304.914	712469.8863	-1.592612039	0.005642305	0.00071247	2020	1	Jan	1	Saturday	0.045892104	0.044612816	0.053727113	4.932578712
1/12/2020	0.049278803	5913456.302	735673.9494	4.805684765	0.005913456	0.000735674	2020	1	Jan	1	Sunday	0.046782067	0.044549506	0.053480122	5.014319446
1/13/2020	0.04955211	5946253.156	542102.8288	0.554613962	0.005946253	0.000542103	2020	1	Jan	1	Monday	0.047724058	0.044565284	0.053230878	4.954862056
1/14/2020	0.046828581	5619429.692	370927.5958	-5.49629247	0.00561943	0.000370928	2020	1	Jan	1	Tuesday	0.048315021	0.044669244	0.053005251	4.623366869
1/15/2020	0.048631082	5835729.841	281000.3951	3.849147712	0.00583573	0.000281	2020	1	Jan	1	Wednesday	0.048325648	0.044806137	0.052789189	4.66013073
1/16/2020	0.047395966	5687515.869	364916.5274	-2.539767543	0.005687516	0.000364917	2020	1	Jan	1	Thursday	0.048069415	0.044845676	0.052563105	4.644605741
1/17/2020	0.051134991	6136198.941	460930.0739	7.888911123	0.006136199	0.00046093	2020	1	Jan	1	Friday	0.048548677	0.045147366	0.052391728	4.519816155
1/18/2020	0.053445954	6413514.522	774478.1305	4.519338178	0.006413515	0.000774478	2020	1	Jan	1	Saturday	0.049466784	0.04558027	0.052291035	4.483984092
1/19/2020	0.052550682	6306081.796	597560.6199	-1.675099127	0.006306082	0.000597561	2020	1	Jan	1	Sunday	0.049934195	0.04594813	0.052165269	4.500017047
1/20/2020	0.055368936	6644272.376	261106.8496	5.36292726	0.006644272	0.000261107	2020	1	Jan	1	Monday	0.05076517	0.046289722	0.052085083	4.339316572
1/21/2020	0.055574971	6668996.555	214498.1445	0.372112669	0.006668997	0.000214498	2020	1	Jan	1	Tuesday	0.052014655	0.046635425	0.052038316	4.338569322
1/22/2020	0.057560921	6907310.573	292040.1347	3.573461408	0.006907311	0.00029204	2020	1	Jan	1	Wednesday	0.053290346	0.047089107	0.052085119	4.314065179
1/23/2020	0.058746596	7049591.464	558749.5313	2.059859468	0.007049591	0.00055875	2020	1	Jan	1	Thursday	0.054911865	0.047591535	0.052145156	4.307176146
1/24/2020	0.05684788	6821745.658	968572.9373	-3.232042706	0.006821746	0.000968573	2020	1	Jan	1	Friday	0.055727992	0.047946831	0.052139917	4.283117503
1/25/2020	0.055458608	6655032.979	708683.1334	-2.443841901	0.006655033	0.000708683	2020	1	Jan	1	Saturday	0.056015514	0.048293588	0.052074803	4.282872576
1/26/2020	0.057848954	6941874.508	876197.2081	4.310144366	0.006941875	0.000876197	2020	1	Jan	1	Sunday	0.05677241	0.04876582	0.052047922	4.266665262
1/27/2020	0.05713657	6856388.372	589409.0928	-1.231456078	0.006856388	0.000589409	2020	1	Jan	1	Monday	0.057024929	0.049240723	0.052028411	4.25459527
1/28/2020	0.056277703	6753324.406	495693.5385	-1.503181569	0.006753324	0.000495694	2020	1	Jan	1	Tuesday	0.057125319	0.049739112	0.051986303	4.190653838
1/29/2020	0.054222368	6506684.187	279839.7645	-3.652130472	0.006506684	0.00027984	2020	1	Jan	1	Wednesday	0.056648383	0.050160828	0.051946845	4.279679169
1/30/2020	0.055204114	6624493.709	895048.3467	1.810592281	0.006624494	0.000895048	2020	1	Jan	1	Thursday	0.056142314	0.050520747	0.051909849	4.139133507
1/31/2020	0.060011636	7201396.348	892823.3832	8.708629887	0.007201396	0.000892823	2020	1	Jan	1	Friday	0.056594279	0.051020163	0.051905361	4.383047145
2/1/2020	0.057560534	6907264.113	346566.2557	-4.084377814	0.006907264	0.000346566	2020	2	Feb	1	Saturday	0.056894554	0.051451463	0.051839167	4.469576056
2/2/2020	0.05767397	6920876.38	633061.3358	0.197071758	0.006920876	0.000633061	2020	2	Feb	1	Sunday	0.056869557	0.051902335	0.051776351	4.45596839
2/3/2020	0.061086737	7330408.384	648631.0169	5.917343138	0.007330408	0.000648631	2020	2	Feb	1	Monday	0.057433866	0.05255478	0.051756466	4.343164911
2/4/2020	0.060953368	7314404.131	768092.7922	-0.218326884	0.007314404	0.000768093	2020	2	Feb	1	Tuesday	0.058101818	0.05315159	0.051758534	4.330030524
2/5/2020	0.062128448	7455413.737	1070168.184	1.927834485	0.007455414	0.001070168	2020	2	Feb	1	Wednesday	0.059231258	0.053790599	0.051794971	4.322685976
2/6/2020	0.059603139	7152376.674	712180.5486	-4.06465789	0.007152377	0.000712181	2020	2	Feb	1	Thursday	0.05985969	0.054354309	0.051808598	4.42076373
2/7/2020	0.060693738	7283248.515	690641.8482	1.829767186	0.007283249	0.000690642	2020	2	Feb	1	Friday	0.059957133	0.054758877	0.051824083	3.739198782
2/8/2020	0.060301366	7236163.891	260782.3156	-0.646478339	0.007236164	0.000260782	2020	2	Feb	1	Saturday	0.060348681	0.05512927	0.05181	3.747319331
2/9/2020	0.062789255	7534710.544	282920.0711	4.125758588	0.007534711	0.00028292	2020	2	Feb	1	Sunday	0.061079436	0.055629573	0.051844527	3.732212295
2/10/2020	0.065909289	7909114.737	415083.1143	4.969058739	0.007909115	0.000415083	2020	2	Feb	1	Monday	0.061768372	0.056259242	0.051872217	3.768277372
2/11/2020	0.073175593	8781071.196	297647.5148	11.02470362	0.008781071	0.000297648	2020	2	Feb	1	Tuesday	0.063514404	0.057055802	0.051987546	4.127428795
2/12/2020	0.074966944	8996033.259	1072348.282	2.448016406	0.008996033	0.001072348	2020	2	Feb	1	Wednesday	0.065348475	0.057902963	0.052122678	4.128419511
2/13/2020	0.076026284	9123154.057	1065581.077	1.413076119	0.009123154	0.001065581	2020	2	Feb	1	Thursday	0.067694638	0.05887622	0.052289451	3.913509066
2/14/2020	0.076696379	9203565.432	426371.2577	0.881398852	0.009203565	0.000426371	2020	2	Feb	1	Friday	0.06998073	0.05981173	0.05252571	3.894788623
2/15/2020	0.075696191	9083542.904	1183853.315	-1.304087296	0.009083543	0.001183853	2020	2	Feb	1	Saturday	0.072179991	0.060755071	0.052728046	3.855820131
2/16/2020	0.076804804	9216576.516	447688.9755	1.464556426	0.009216577	0.000447689	2020	2	Feb	1	Sunday	0.074182212	0.061610731	0.052922937	3.670926686
2/17/2020	0.075978556	9117426.676	603036.36	-1.075777319	0.009117427	0.000603036	2020	2	Feb	1	Monday	0.075620679	0.062361818	0.053115364	3.650563712
2/18/2020	0.076568792	9188255.024	550167.24	0.776845815	0.009188255	0.000550167	2020	2	Feb	1	Tuesday	0.076105421	0.063162421	0.053311946	3.61022281
2/19/2020	0.080793255	9695190.541	724006.3075	5.517212093	0.009695191	0.000724006	2020	2	Feb	1	Wednesday	0.076937751	0.064009899	0.053541158	3.616279699
2/20/2020	0.077682637	9321916.489	564532.0177	-3.850095059	0.009321916	0.000564532	2020	2	Feb	1	Thursday	0.077174373	0.064746821	0.053775682	3.735017657
2/21/2020	0.081387925	9766550.976	866040.2271	4.769775485	0.009766551	0.00086604	2020	2	Feb	1	Friday	0.077844594	0.065541054	0.054063923	3.767605231
2/22/2020	0.085876612	10305193.43	812965.8455	5.515175765	0.010305193	0.000812966	2020	2	Feb	1	Saturday	0.07929894	0.066445388	0.054381515	3.84590845
2/23/2020	0.08555751	10266901.18	1523488.412	-0.371582027	0.010266901	0.001523488	2020	2	Feb	1	Sunday	0.080549327	0.067402376	0.054726107	3.763130452
2/24/2020	0.078674146	9440897.479	346586.3169	-8.045306846	0.009440897	0.000346586	2020	2	Feb	1	Monday	0.080934411	0.068176227	0.054986445	4.087405953
2/25/2020	0.076861239	9223348.671	434067.0692	-2.304323378	0.009223349	0.000434067	2020	2	Feb	1	Tuesday	0.080976189	0.06880997	0.055258478	4.095145707
2/26/2020	0.081035026	9724203.17	353368.8621	5.430289117	0.009724203	0.000353369	2020	2	Feb	1	Wednesday	0.081010728	0.069606585	0.055565333	4.148474573
2/27/2020	0.081041937	9725032.461	1022110.086	0.008528114	0.009725032	0.00102211	2020	2	Feb	1	Thursday	0.081490628	0.07043206	0.055872518	4.122937118
2/28/2020	0.077944316	9353317.92	341780.6498	-3.822244734	0.009353318	0.000341781	2020	2	Feb	1	Friday	0.080998684	0.071222791	0.056181846	4.130099264
2/29/2020	0.076462749	9175529.847	1196239.228	-1.900802203	0.00917553	0.001196239	2020	2	Feb	1	Saturday	0.079653846	0.071931412	0.056447576	4.169620784
3/1/2020	0.079156625	9498794.942	868499.8573	3.523121827	0.009498795	0.0008685	2020	3	Mar	1	Sunday	0.078739434	0.072569579	0.056759578	3.94812774
3/2/2020	0.080987743	9718529.15	906164.55	2.313285107	0.009718529	0.000906165	2020	3	Mar	1	Monday	0.079069948	0.073350486	0.057109475	3.835097429
3/3/2020	0.080297665	9635719.754	938435.6676	-0.852077463	0.00963572	0.000938436	2020	3	Mar	1	Tuesday	0.079560866	0.074104609	0.057446719	3.849456195
3/4/2020	0.079207228	9504867.394	479973.4171	-1.357992591	0.009504867	0.000479973	2020	3	Mar	1	Wednesday	0.079299752	0.074708625	0.057745173	3.769046833
3/5/2020	0.078053714	9366445.719	503192.0308	-1.456324103	0.009366446	0.000503192	2020	3	Mar	1	Thursday	0.078872863	0.075278637	0.058053411	3.78886321
3/6/2020	0.075301558	9036186.981	616792.7625	-3.525977173	0.009036187	0.000616793	2020	3	Mar	1	Friday	0.078495326	0.07571774	0.058329129	3.867678617
3/7/2020	0.080408175	9648981.048	976665.7116	6.781555849	0.009648981	0.000976666	2020	3	Mar	1	Saturday	0.079058958	0.076411242	0.05865131	3.912218834
3/8/2020	0.079457559	9534907.139	526461.632	-1.182237872	0.009534907	0.000526462	2020	3	Mar	1	Sunday	0.079101949	0.077036702	0.058946282	3.930811569
3/9/2020	0.083505239	10020628.73	440504.9074	5.094140727	0.010020629	0.000440505	2020	3	Mar	1	Monday	0.079461591	0.077810165	0.059281473	3.9884325
3/10/2020	0.088833339	10660000.68	1560773.621	6.3805573	0.010660001	0.001560774	2020	3	Mar	1	Tuesday	0.080680973	0.078678301	0.059683917	4.066592352
3/11/2020	0.092544948	11105393.81	362455.8194	4.178171615	0.011105394	0.000362456	2020	3	Mar	1	Wednesday	0.082586362	0.079566156	0.060146071	4.044099338
3/12/2020	0.091051897	10926227.66	1380241.381	-1.613325467	0.010926228	0.001380241	2020	3	Mar	1	Thursday	0.084443245	0.080162033	0.060589114	3.623442711
3/13/2020	0.092626831	11115219.66	1384558.645	1.729709541	0.01111522	0.001384559	2020	3	Mar	1	Friday	0.086918284	0.080750696	0.061072981	3.61450148
3/14/2020	0.092629811	11115577.31	729912.0945	0.003217626	0.011115577	0.000729912	2020	3	Mar	1	Saturday	0.088664232	0.081304147	0.061616537	3.615024167
3/15/2020	0.089430604	10731672.45	496610.2238	-3.453755463	0.010731672	0.00049661	2020	3	Mar	1	Sunday	0.090088953	0.081728621	0.062115496	3.694272283
3/16/2020	0.090689113	10882693.58	516660.6401	1.407246921	0.010882694	0.000516661	2020	3	Mar	1	Monday	0.09111522	0.082228385	0.062609711	3.679752015
3/17/2020	0.086597914	10391749.68	1181456.664	-4.511235214	0.01039175	0.001181457	2020	3	Mar	1	Tuesday	0.090795874	0.082554822	0.063104306	3.795155128
3/18/2020	0.090902082	10908249.81	1168674.88	4.970290398	0.01090825	0.001168675	2020	3	Mar	1	Wednesday	0.090561179	0.083052273	0.063664787	3.87002286
3/19/2020	0.089317569	10718108.29	1328289.597	-1.743098349	0.010718108	0.00132829	2020	3	Mar	1	Thursday	0.090313418	0.083477232	0.064195928	3.894929939
3/20/2020	0.090129236	10815508.33	1541185.502	0.908742845	0.010815508	0.001541186	2020	3	Mar	1	Friday	0.089956618	0.083788432	0.064696018	3.783080391
3/21/2020	0.091247547	10949705.66	1237659.286	1.240786149	0.010949706	0.001237659	2020	3	Mar	1	Saturday	0.089759152	0.084240595	0.065207614	3.697490234
3/22/2020	0.090397798	10847735.81	528308.4294	-0.93125659	0.010847736	0.000528308	2020	3	Mar	1	Sunday	0.089897323	0.084540924	0.065723695	3.621722585
3/23/2020	0.092636911	11116429.27	658238.394	2.476954387	0.011116429	0.000658238	2020	3	Mar	1	Monday	0.09017558	0.084766268	0.06626773	3.515061644
3/24/2020	0.090984714	10918165.73	1430970.259	-1.783518265	0.010918166	0.00143097	2020	3	Mar	1	Tuesday	0.090802265	0.084947174	0.06676546	3.533938753
3/25/2020	0.094305868	11316704.11	623739.715	3.650232073	0.011316704	0.00062374	2020	3	Mar	1	Wednesday	0.09128852	0.085468232	0.067312682	3.21634733
3/26/2020	0.089452184	10734262.06	415444.6884	-5.146746362	0.010734262	0.000415445	2020	3	Mar	1	Thursday	0.091307751	0.08588793	0.06782124	3.345799266
3/27/2020	0.089995476	10799457.17	1235388.853	0.607355286	0.010799457	0.001235389	2020	3	Mar	1	Friday	0.091288643	0.086186612	0.06834464	3.217137302
3/28/2020	0.097350373	11682044.8	914741.054	8.172518477	0.011682045	0.000914741	2020	3	Mar	1	Saturday	0.092160475	0.086730226	0.068967133	3.514452655
3/29/2020	0.09362555	11235065.97	1577457.261	-3.826203684	0.011235066	0.001577457	2020	3	Mar	1	Sunday	0.092621582	0.087252934	0.069545518	3.514627297
3/30/2020	0.091212643	10945517.14	1182450.877	-2.577188536	0.010945517	0.001182451	2020	3	Mar	1	Monday	0.092418115	0.087744597	0.070065585	3.533816489
3/31/2020	0.093200196	11184023.57	456870.4644	2.17903298	0.011184024	0.00045687	2020	3	Mar	1	Tuesday	0.092734613	0.088212716	0.070600819	3.504522884
4/1/2020	0.093966008	11275920.96	1620832.317	0.821684576	0.011275921	0.001620832	2020	4	Apr	2	Wednesday	0.092686061	0.088645325	0.071149091	3.489993509
4/2/2020	0.095388527	11446623.18	698551.6035	1.513864982	0.011446623	0.000698552	2020	4	Apr	2	Thursday	0.09353411	0.089148354	0.071718432	3.483834245
4/3/2020	0.097370743	11684489.2	823353.3604	2.07804535	0.011684489	0.000823353	2020	4	Apr	2	Friday	0.09458772	0.089753804	0.07233907	3.472565131
4/4/2020	0.099974449	11996933.94	939015.011	2.674012773	0.011996934	0.000939015	2020	4	Apr	2	Saturday	0.094962588	0.090484495	0.072971574	3.464019398
4/5/2020	0.104616642	12553997.06	453788.2717	4.643379085	0.012553997	0.000453788	2020	4	Apr	2	Sunday	0.096532744	0.091461665	0.073656668	3.426140494
4/6/2020	0.106452129	12774255.44	1144341.443	1.754488082	0.012774255	0.001144341	2020	4	Apr	2	Monday	0.098709814	0.092329797	0.074365116	3.260551794
4/7/2020	0.105535256	12664230.78	567334.9829	-0.861299993	0.012664231	0.000567335	2020	4	Apr	2	Tuesday	0.100471965	0.093199053	0.074998211	3.253696379
4/8/2020	0.10852147	13022576.35	1017277.294	2.829588146	0.013022576	0.001017277	2020	4	Apr	2	Wednesday	0.102551317	0.094032928	0.075657454	3.180922033
4/9/2020	0.1172072	14064863.98	1013868.175	8.003697579	0.014064864	0.001013868	2020	4	Apr	2	Thursday	0.10566827	0.094978723	0.076428866	3.288875246
4/10/2020	0.116703667	14004439.98	1718916.308	-0.429609512	0.01400444	0.001718916	2020	4	Apr	2	Friday	0.108430116	0.095784014	0.077203137	3.241614492
4/11/2020	0.112354245	13482509.45	1703925.765	-3.726893316	0.013482509	0.001703926	2020	4	Apr	2	Saturday	0.110198658	0.096494092	0.077903976	3.318519437
4/12/2020	0.117558962	14107075.44	682917.1158	4.632416496	0.014107075	0.000682917	2020	4	Apr	2	Sunday	0.112047561	0.097325163	0.078659607	3.389452998
4/13/2020	0.1171113	14053356.01	1039753.6	-0.380797775	0.014053356	0.001039754	2020	4	Apr	2	Monday	0.1135703	0.098141213	0.079440526	3.393493923
4/14/2020	0.107470671	12896480.53	964687.4288	-8.232022835	0.012896481	0.000964687	2020	4	Apr	2	Tuesday	0.113846788	0.098742548	0.0800943	3.700233522
4/15/2020	0.111287267	13354472.06	643274.9469	3.551290783	0.013354472	0.000643275	2020	4	Apr	2	Wednesday	0.114241902	0.099429153	0.080804203	3.735294105
4/16/2020	0.109038575	13084629.06	1646235.024	-2.020619002	0.013084629	0.001646235	2020	4	Apr	2	Thursday	0.113074955	0.100177175	0.081447576	3.640762926
4/17/2020	0.108753124	13050374.83	1499062.617	-0.26178986	0.013050375	0.001499063	2020	4	Apr	2	Friday	0.111939164	0.10077221	0.0820621	3.560264488
4/18/2020	0.110317173	13238060.73	699576.0995	1.438164817	0.013238061	0.000699576	2020	4	Apr	2	Saturday	0.111648153	0.101472197	0.08270395	3.533478843
4/19/2020	0.111272216	13352665.88	988185.7901	0.865724626	0.013352666	0.000988186	2020	4	Apr	2	Sunday	0.110750047	0.102176963	0.083325098	3.533427903
4/20/2020	0.11458967	13750760.46	587110.7601	2.981386538	0.01375076	0.000587111	2020	4	Apr	2	Monday	0.110389814	0.102955034	0.083980817	3.555727109
4/21/2020	0.112723533	13526823.96	1425521.525	-1.628539033	0.013526824	0.001425522	2020	4	Apr	2	Tuesday	0.111140223	0.103699225	0.084593735	3.569841866
4/22/2020	0.115176121	13821134.5	615933.7581	2.175754919	0.013821134	0.000615934	2020	4	Apr	2	Wednesday	0.111695773	0.104450532	0.085220729	3.565383526
4/23/2020	0.114100607	13692072.82	2030700.076	-0.93379947	0.013692073	0.0020307	2020	4	Apr	2	Thursday	0.11241892	0.105221061	0.085856871	3.547565453
4/24/2020	0.117640457	14116854.78	1745998.701	3.102393412	0.014116855	0.001745999	2020	4	Apr	2	Friday	0.113688539	0.105998881	0.08654778	3.533868495
4/25/2020	0.120692706	14483124.69	1112718.57	2.594557482	0.014483125	0.001112719	2020	4	Apr	2	Saturday	0.115170758	0.107040232	0.087246044	3.363177826
4/26/2020	0.116376444	13965173.31	1388524.669	-3.576240614	0.013965173	0.001388525	2020	4	Apr	2	Sunday	0.115899934	0.107919597	0.087904265	3.46762287
4/27/2020	0.121664764	14599771.73	2034639.051	4.544150043	0.014599772	0.002034639	2020	4	Apr	2	Monday	0.116910662	0.108730077	0.088630788	3.263138139
4/28/2020	0.119203354	14304402.49	1380259.17	-2.023108663	0.014304402	0.001380259	2020	4	Apr	2	Tuesday	0.11783635	0.109582671	0.089352799	3.190840525
4/29/2020	0.123242407	14789088.84	753353.4991	3.38837186	0.014789089	0.000753353	2020	4	Apr	2	Wednesday	0.118988677	0.110650329	0.09010878	3.155081963
4/30/2020	0.125191517	15022981.98	1133399.902	1.581525047	0.015022982	0.0011334	2020	4	Apr	2	Thursday	0.120573093	0.111716707	0.090833001	3.149633175
5/1/2020	0.134878186	16185382.3	2123156.106	7.737480617	0.016185382	0.002123156	2020	5	May	2	Friday	0.123035625	0.113080446	0.091692086	3.378154994
5/2/2020	0.133811675	16057401.06	1723048.443	-0.790721152	0.016057401	0.001723048	2020	5	May	2	Saturday	0.124909764	0.114361218	0.09253806	3.398494072
5/3/2020	0.132086992	15850438.99	1713225.228	-1.288888942	0.015850439	0.001713225	2020	5	May	2	Sunday	0.127154128	0.115518426	0.093326952	3.423669909
5/4/2020	0.132116479	15853977.45	2124727.518	0.022324068	0.015853977	0.002124728	2020	5	May	2	Monday	0.12864723	0.116589827	0.094117653	3.415267361
5/5/2020	0.130654542	15678545.06	2152299.975	-1.10655131	0.015678545	0.0021523	2020	5	May	2	Tuesday	0.130283114	0.117457757	0.094879054	3.364115132
5/6/2020	0.135037759	16204531.04	2274712.805	3.354813735	0.016204531	0.002274713	2020	5	May	2	Wednesday	0.131968164	0.118410611	0.095717217	3.392373024
5/7/2020	0.126710126	15205215.18	629220.7424	-6.166891609	0.015205215	0.000629221	2020	5	May	2	Thursday	0.132185108	0.11911644	0.096450732	3.615687474
5/8/2020	0.121602158	14592258.9	1390571.067	-4.031223937	0.014592259	0.001390571	2020	5	May	2	Friday	0.130288533	0.119552463	0.097131852	3.690874491
5/9/2020	0.116634206	13996104.75	1663593.002	-4.085413725	0.013996105	0.001663593	2020	5	May	2	Saturday	0.127834609	0.119533363	0.097730129	3.491835339
5/10/2020	0.121274297	14552915.66	1758446.575	3.978327673	0.014552916	0.001758447	2020	5	May	2	Sunday	0.126289938	0.119685718	0.098345296	3.563275795
5/11/2020	0.129992848	15599141.76	1603684.498	7.189116778	0.015599142	0.001603684	2020	5	May	2	Monday	0.125986562	0.120273671	0.098976599	3.704090055
5/12/2020	0.129580391	15549646.87	777707.5057	-0.317292434	0.015549647	0.000777708	2020	5	May	2	Tuesday	0.125833112	0.120674385	0.099583415	3.625552608
5/13/2020	0.128837072	15460448.61	1943230.997	-0.573635286	0.015460449	0.001943231	2020	5	May	2	Wednesday	0.1249473	0.121065245	0.100170201	3.627134561
5/14/2020	0.129327854	15519342.46	1806658.801	0.380932362	0.015519342	0.001806659	2020	5	May	2	Thursday	0.125321261	0.121793817	0.100754995	3.242221089
5/15/2020	0.13561579	16273894.81	656428.5826	4.862012382	0.016273895	0.000656429	2020	5	May	2	Friday	0.127323208	0.122604768	0.101420769	3.290861971
5/16/2020	0.130808143	15696977.11	1344558.778	-3.545049937	0.015696977	0.001344559	2020	5	May	2	Saturday	0.129348056	0.12333042	0.102020806	3.345838858
5/17/2020	0.132193459	15863215.09	807077.3618	1.059044526	0.015863215	0.000807077	2020	5	May	2	Sunday	0.130907937	0.124111765	0.102645416	3.341948124
5/18/2020	0.137589464	16510735.7	1163961.388	4.081900203	0.016510736	0.001163961	2020	5	May	2	Monday	0.131993167	0.125020841	0.103323423	3.396326727
5/19/2020	0.140515545	16861865.36	542441.6738	2.126674823	0.016861865	0.000542442	2020	5	May	2	Tuesday	0.133555332	0.125995619	0.103987004	3.405031026
5/20/2020	0.141726818	17007218.12	1327236.231	0.86202065	0.017007218	0.001327236	2020	5	May	2	Wednesday	0.135396725	0.12690019	0.104698606	3.380894684
5/21/2020	0.147664562	17719747.45	1700834.044	4.189570141	0.017719747	0.001700834	2020	5	May	2	Thursday	0.138016254	0.128064891	0.105435013	3.405593755
5/22/2020	0.132663247	15919589.6	1661207.76	-10.15904914	0.01591959	0.001661208	2020	5	May	2	Friday	0.137594462	0.128647796	0.105954865	3.954138634
5/23/2020	0.136446002	16373520.3	1794846.325	2.851396987	0.01637352	0.001794846	2020	5	May	2	Saturday	0.138399871	0.129392642	0.106520293	3.965580782
5/24/2020	0.133055445	15966653.43	2081332.43	-2.484907718	0.015966653	0.002081332	2020	5	May	2	Sunday	0.138523012	0.129906475	0.107124529	3.978816758
5/25/2020	0.123784309	14854117.07	829684.8621	-6.967874395	0.014854117	0.000829685	2020	5	May	2	Monday	0.136550847	0.130009528	0.107645897	4.182115843
5/26/2020	0.126467924	15176150.88	674698.5644	2.167976785	0.015176151	0.000674699	2020	5	May	2	Tuesday	0.134544044	0.130345911	0.108150707	4.135936585
5/27/2020	0.133745007	16049400.82	2121481.39	5.754093648	0.016049401	0.002121481	2020	5	May	2	Wednesday	0.133403785	0.130748586	0.108736296	4.183755616
5/28/2020	0.133144781	15977373.67	779592.5861	-0.448784	0.015977374	0.000779593	2020	5	May	2	Thursday	0.131329531	0.1312133	0.109349635	4.162111336
5/29/2020	0.138455932	16614711.83	2441884.298	3.98900453	0.016614712	0.002441884	2020	5	May	2	Friday	0.132157057	0.131720418	0.110038448	4.178126927
5/30/2020	0.147827082	17739249.81	2325697.03	6.768326726	0.01773925	0.002325697	2020	5	May	2	Saturday	0.133782926	0.132474936	0.110801453	4.330087598
5/31/2020	0.155966276	18715953.09	1686404.559	5.505888248	0.018715953	0.001686405	2020	5	May	2	Sunday	0.137055901	0.133177873	0.111634548	4.221896087
6/1/2020	0.166707101	20004852.07	2956128.413	6.886632898	0.020004852	0.002956128	2020	6	Jun	2	Monday	0.143187729	0.134274387	0.112594653	4.366612637
6/2/2020	0.171901817	20628218.06	859891.55	3.116073987	0.020628218	0.000859892	2020	6	Jun	2	Tuesday	0.149678285	0.135601548	0.113624593	4.367019377
6/3/2020	0.172593795	20711255.42	1374562.349	0.402542591	0.020711255	0.001374562	2020	6	Jun	2	Wednesday	0.155228112	0.136950792	0.114675038	4.364709361
6/4/2020	0.162043075	19445169.03	2072600.866	-6.113035486	0.019445169	0.002072601	2020	6	Jun	2	Thursday	0.15935644	0.137997076	0.115638833	4.539755052
6/5/2020	0.160616526	19273983.1	1387742.669	-0.88035196	0.019273983	0.001387743	2020	6	Jun	2	Friday	0.162522239	0.138849702	0.116530037	4.524070879
6/6/2020	0.155444668	18653360.12	2637672.907	-3.220003793	0.01865336	0.002637673	2020	6	Jun	2	Saturday	0.163610465	0.13980752	0.117374338	4.400589001
6/7/2020	0.169716185	20365942.2	771362.7202	9.181091624	0.020365942	0.000771363	2020	6	Jun	2	Sunday	0.165574738	0.141411321	0.118332237	4.560892479
6/8/2020	0.168694959	20243395.11	1941937.149	-0.601725586	0.020243395	0.001941937	2020	6	Jun	2	Monday	0.165858718	0.143146679	0.119219588	4.4645235
6/9/2020	0.169697986	20363758.27	2054783.689	0.594579878	0.020363758	0.002054784	2020	6	Jun	2	Tuesday	0.165543885	0.144760802	0.120076844	4.438097084
6/10/2020	0.173656588	20838790.55	2257411.476	2.332733878	0.020838791	0.002257411	2020	6	Jun	2	Wednesday	0.165695712	0.14621626	0.120994674	4.299336951
6/11/2020	0.174133773	20896052.77	1267971.37	0.274786634	0.020896053	0.001267971	2020	6	Jun	2	Thursday	0.167422955	0.147701373	0.121900307	4.294152229
6/12/2020	0.1865363	22384355.95	1650800.84	7.122413036	0.022384356	0.001650801	2020	6	Jun	2	Friday	0.17112578	0.14962468	0.122943712	4.420009979
6/13/2020	0.182129848	21855581.72	2868362.904	-2.362249014	0.021855582	0.002868363	2020	6	Jun	2	Saturday	0.174937948	0.151384747	0.123973704	4.468563933
6/14/2020	0.183736778	22048413.38	1177233.852	0.882299338	0.022048413	0.001177234	2020	6	Jun	2	Sunday	0.17694089	0.15298878	0.125007567	4.416245672
6/15/2020	0.178538695	21424643.4	2768581.154	-2.829092359	0.021424643	0.002768581	2020	6	Jun	2	Monday	0.178347138	0.154579798	0.126029131	4.392078568
6/16/2020	0.169525686	20343082.34	1983829.941	-5.048210339	0.020343082	0.00198383	2020	6	Jun	2	Tuesday	0.178322524	0.155824206	0.126902727	4.534984034
6/17/2020	0.16559312	19871174.34	2413602.54	-2.319746759	0.019871174	0.002413603	2020	6	Jun	2	Wednesday	0.1771706	0.156757661	0.127750233	4.532292403
6/18/2020	0.16551341	19861609.23	2296655.156	-0.048135599	0.019861609	0.002296655	2020	6	Jun	2	Thursday	0.175939119	0.157590923	0.128587835	4.526391167
6/19/2020	0.16285824	19542988.84	1072937.046	-1.604202284	0.019542989	0.001072937	2020	6	Jun	2	Friday	0.17255654	0.158295304	0.129383509	4.544702484
6/20/2020	0.158567963	19028155.6	1869659.539	-2.634362876	0.019028156	0.00186966	2020	6	Jun	2	Saturday	0.169190556	0.158658751	0.130140956	4.527743375
6/21/2020	0.150044301	18005316.18	2414995.052	-5.375399725	0.018005316	0.002414995	2020	6	Jun	2	Sunday	0.164377345	0.159238119	0.130778815	4.2190685
6/22/2020	0.14969597	17963516.4	1470384.745	-0.232152399	0.017963516	0.001470385	2020	6	Jun	2	Monday	0.160256956	0.159679785	0.131431163	4.197221647
6/23/2020	0.141092761	16931131.36	2471790.977	-5.747121118	0.016931131	0.002471791	2020	6	Jun	2	Tuesday	0.156195109	0.159947695	0.131951017	4.314975435
6/24/2020	0.14559369	17471242.76	1472228.458	3.190049057	0.017471243	0.001472228	2020	6	Jun	2	Wednesday	0.153338048	0.160674675	0.132574812	4.120385673
6/25/2020	0.146220738	17546488.57	827041.042	0.4306838	0.017546489	0.000827041	2020	6	Jun	2	Thursday	0.150581952	0.161333102	0.133199537	4.11012544
6/26/2020	0.138077528	16569303.36	1271398.463	-5.569121161	0.016569303	0.001271398	2020	6	Jun	2	Friday	0.14704185	0.161477519	0.133652061	4.137049855
6/27/2020	0.136516701	16382004.16	2362355.259	-1.130398742	0.016382004	0.002362355	2020	6	Jun	2	Saturday	0.14389167	0.161589916	0.134128629	4.142536344
6/28/2020	0.132603133	15912375.96	1087873.482	-2.866732264	0.015912376	0.001087873	2020	6	Jun	2	Sunday	0.141400074	0.161394823	0.134588523	4.113328591
6/29/2020	0.134441302	16132956.21	2164587.438	1.386218167	0.016132956	0.002164587	2020	6	Jun	2	Monday	0.139220836	0.16094863	0.135046758	3.917823622
6/30/2020	0.141988448	17038613.78	2312993.215	5.613711208	0.017038614	0.002312993	2020	6	Jun	2	Tuesday	0.139348791	0.160482703	0.135580341	3.923324498
7/1/2020	0.131859743	15823169.16	1139622.348	-7.133471284	0.015823169	0.001139622	2020	7	Jul	3	Wednesday	0.137386799	0.159321124	0.135985576	3.880056951
7/2/2020	0.132600367	15912044.08	636337.2653	0.561675833	0.015912044	0.000636337	2020	7	Jul	3	Thursday	0.135441032	0.158011076	0.136377017	3.820860402
7/3/2020	0.131885555	15826266.55	1850833.589	-0.539072941	0.015826267	0.001850834	2020	7	Jul	3	Friday	0.134556464	0.156654135	0.136731584	3.814576497
7/4/2020	0.135610681	16273281.69	1096517.738	2.824514146	0.016273282	0.001096518	2020	7	Jul	3	Saturday	0.134427033	0.155773055	0.137075963	3.735351507
7/5/2020	0.136908936	16429072.32	2036397.211	0.957339974	0.016429072	0.002036397	2020	7	Jul	3	Sunday	0.135042147	0.154982802	0.137414372	3.744378633
7/6/2020	0.132985118	15958214.22	1326424.134	-2.866005417	0.015958214	0.001326424	2020	7	Jul	3	Monday	0.134834121	0.15423415	0.13771937	3.735941038
7/7/2020	0.13143009	15771610.77	1391560.905	-1.169325367	0.015771611	0.001391561	2020	7	Jul	3	Tuesday	0.133325784	0.152957947	0.13797391	3.263755243
7/8/2020	0.127438518	15292622.2	1886331.626	-3.037030128	0.015292622	0.001886332	2020	7	Jul	3	Wednesday	0.132694181	0.151582732	0.138087592	3.288923366
7/9/2020	0.133176368	15981164.16	1212708.264	4.502445342	0.015981164	0.001212708	2020	7	Jul	3	Thursday	0.132776467	0.150365345	0.138270622	3.423878415
7/10/2020	0.133423301	16010796.16	1331702.476	0.185418282	0.016010796	0.001331702	2020	7	Jul	3	Friday	0.132996145	0.149024235	0.138504722	3.379415458
7/11/2020	0.144109643	17293157.14	1299457.221	8.009351725	0.017293157	0.001299457	2020	7	Jul	3	Saturday	0.134210282	0.148023431	0.13879973	3.741416027
7/12/2020	0.143904227	17268507.2	1279265.896	-0.142541568	0.017268507	0.001279266	2020	7	Jul	3	Sunday	0.135209609	0.146602362	0.139097429	3.450741883
7/13/2020	0.140023703	16802844.35	1564573.147	-2.696601629	0.016802844	0.001564573	2020	7	Jul	3	Monday	0.136215121	0.145198824	0.139459129	3.456484408
7/14/2020	0.1319289	15831467.97	2011481.939	-5.781023505	0.015831468	0.002011482	2020	7	Jul	3	Tuesday	0.13628638	0.143471895	0.139688481	3.556315565
7/15/2020	0.122871311	14744557.27	1082430.349	-6.865508008	0.014744557	0.00108243	2020	7	Jul	3	Wednesday	0.135633922	0.141616315	0.139842178	3.699912862
7/16/2020	0.115442447	13853093.68	1287098.781	-6.046051912	0.013853094	0.001287099	2020	7	Jul	3	Thursday	0.133100504	0.13981354	0.139916504	3.740230956
7/17/2020	0.116799312	14015917.45	1548580.582	1.175360312	0.014015917	0.001548581	2020	7	Jul	3	Friday	0.130725649	0.13818708	0.139988527	3.758691252
7/18/2020	0.119319669	14318360.22	892502.5326	2.157852128	0.01431836	0.000892503	2020	7	Jul	3	Saturday	0.127184224	0.136647289	0.140077944	3.801080449
7/19/2020	0.112118747	13454249.68	851690.8232	-6.034982579	0.01345425	0.000851691	2020	7	Jul	3	Sunday	0.122643441	0.134955972	0.140050489	3.909314019
7/20/2020	0.116321753	13958610.38	1982256.332	3.7487093	0.01395861	0.001982256	2020	7	Jul	3	Monday	0.119257448	0.133547765	0.140090469	3.999110533
7/21/2020	0.114209861	13705183.35	1601096.378	-1.815560662	0.013705183	0.001601096	2020	7	Jul	3	Tuesday	0.116726157	0.132353284	0.140079733	3.915194642
7/22/2020	0.114997382	13799685.86	1369789.954	0.689538492	0.013799686	0.00136979	2020	7	Jul	3	Wednesday	0.11560131	0.131196664	0.140089697	3.923662902
7/23/2020	0.122780498	14733659.72	1587204.217	6.768080605	0.01473366	0.001587204	2020	7	Jul	3	Thursday	0.116649603	0.130586256	0.140146809	4.043069943
7/24/2020	0.127392359	15287083.04	512360.8535	3.756183634	0.015287083	0.000512361	2020	7	Jul	3	Friday	0.118162896	0.129979545	0.140221249	4.061601493
7/25/2020	0.126157426	15138891.07	1577053.948	-0.969393386	0.015138891	0.001577054	2020	7	Jul	3	Saturday	0.119139718	0.129310768	0.140329927	4.06019636
7/26/2020	0.121861219	14623346.27	1332787.35	-3.405433041	0.014623346	0.001332787	2020	7	Jul	3	Sunday	0.1205315	0.128770224	0.14033211	3.983909393
7/27/2020	0.111922899	13430747.86	1282501.597	-8.155441191	0.013430748	0.001282502	2020	7	Jul	3	Monday	0.119903092	0.12795043	0.140251216	4.230852572
7/28/2020	0.10885798	13062957.62	955305.3146	-2.738419683	0.013062958	0.000955305	2020	7	Jul	3	Tuesday	0.119138537	0.127158925	0.140091389	4.228517951
7/29/2020	0.108050519	12966062.31	515749.3455	-0.741756264	0.012966062	0.000515749	2020	7	Jul	3	Wednesday	0.118146128	0.126279233	0.139900933	4.212412188
7/30/2020	0.103970968	12476516.18	663759.4944	-3.775596042	0.012476516	0.000663759	2020	7	Jul	3	Thursday	0.115459053	0.125011983	0.13955752	4.078456278
7/31/2020	0.10353	12423600.04	1790108.648	-0.424125903	0.0124236	0.001790109	2020	7	Jul	3	Friday	0.112050144	0.124067659	0.139221057	3.908238009
8/1/2020	0.10395265	12474317.97	986019.3341	0.408238565	0.012474318	0.000986019	2020	8	Aug	3	Saturday	0.108878034	0.123112735	0.138908453	3.906590872
8/2/2020	0.10312494	12374992.83	1064273.87	-0.796237032	0.012374993	0.001064274	2020	8	Aug	3	Sunday	0.106201422	0.122154047	0.138586325	3.906430477
8/3/2020	0.100578766	12069451.92	438424.9505	-2.469018866	0.012069452	0.000438425	2020	8	Aug	3	Monday	0.104580832	0.120986317	0.138252149	3.859015159
8/4/2020	0.101360893	12163307.19	419730.7665	0.77762662	0.012163307	0.000419731	2020	8	Aug	3	Tuesday	0.10350982	0.119801382	0.137877962	3.856140366
8/5/2020	0.103271865	12392623.77	1438309.895	1.885314389	0.012392624	0.00143831	2020	8	Aug	3	Wednesday	0.102827155	0.11881094	0.137617537	3.871215597
8/6/2020	0.098963294	11875595.25	1123091.19	-4.172066596	0.011875595	0.001123091	2020	8	Aug	3	Thursday	0.102111773	0.117728714	0.137365994	3.920490278
8/7/2020	0.104813891	12577666.87	1145130.135	5.911885673	0.012577667	0.00114513	2020	8	Aug	3	Friday	0.102295185	0.11697456	0.137234657	4.086595102
8/8/2020	0.104505822	12540698.62	742095.1344	-0.293919737	0.012540699	0.000742095	2020	8	Aug	3	Saturday	0.10237421	0.116018875	0.137048341	3.973628566
8/9/2020	0.104689284	12562714.12	1499612.288	0.175552405	0.012562714	0.001499612	2020	8	Aug	3	Sunday	0.102597688	0.115061074	0.13676719	3.973550743
8/10/2020	0.107805141	12936616.87	649267.966	2.976289522	0.012936617	0.000649268	2020	8	Aug	3	Monday	0.103630027	0.113850924	0.136525243	3.687880475
8/11/2020	0.108924392	13070927.02	690042.5913	1.038216983	0.013070927	0.000690043	2020	8	Aug	3	Tuesday	0.104710527	0.11268493	0.136303991	3.702475682
8/12/2020	0.113270578	13592469.39	1159240.012	3.990094701	0.013592469	0.00115924	2020	8	Aug	3	Wednesday	0.106138914	0.111793159	0.136125576	3.788195252
8/13/2020	0.114693622	13763234.69	885713.4724	1.256322917	0.013763235	0.000885713	2020	8	Aug	3	Thursday	0.108386104	0.11121865	0.135893108	3.674683001
8/14/2020	0.112030026	13443603.13	802523.3871	-2.32235785	0.013443603	0.000802523	2020	8	Aug	3	Friday	0.109416981	0.110857273	0.135684462	3.487893633
8/15/2020	0.113775484	13653058.06	1466727.785	1.558026725	0.013653058	0.001466728	2020	8	Aug	3	Saturday	0.110741218	0.110801708	0.135479818	3.324497196
8/16/2020	0.108796375	13055565.03	1411523.425	-4.376257886	0.013055565	0.001411523	2020	8	Aug	3	Sunday	0.111327945	0.110534943	0.135159895	3.410520338
8/17/2020	0.109379163	13125499.57	1692428.801	0.535668423	0.0131255	0.001692429	2020	8	Aug	3	Monday	0.111552806	0.110203593	0.134813935	3.384943995
8/18/2020	0.109343161	13121179.37	1051334.865	-0.032914545	0.013121179	0.001051335	2020	8	Aug	3	Tuesday	0.11161263	0.110111074	0.134454117	3.202712563
8/19/2020	0.108545184	13025422.13	504998.3634	-0.729791424	0.013025422	0.000504998	2020	8	Aug	3	Wednesday	0.110937574	0.109851855	0.134019457	3.123727329
8/20/2020	0.108096574	12971588.89	815134.2074	-0.413293627	0.012971589	0.000815134	2020	8	Aug	3	Thursday	0.109995138	0.109648079	0.133746494	3.108912954
8/21/2020	0.10035873	12043047.64	1777561.727	-7.15826919	0.012043048	0.001777562	2020	8	Aug	3	Friday	0.10832781	0.109160123	0.133345524	3.357277055
8/22/2020	0.098278184	11793382.13	1197630.091	-2.073109038	0.011793382	0.00119763	2020	8	Aug	3	Saturday	0.10611391	0.10834338	0.13295911	3.083423889
8/23/2020	0.098742541	11849104.96	1364643.054	0.472492346	0.011849105	0.001364643	2020	8	Aug	3	Sunday	0.104677648	0.107388386	0.132680868	2.976482135
8/24/2020	0.099475375	11937045	368651.0391	0.742166069	0.011937045	0.000368651	2020	8	Aug	3	Monday	0.103262822	0.106498984	0.132380951	2.98953867
8/25/2020	0.095564663	11467759.59	1057151.838	-3.931336523	0.01146776	0.001057152	2020	8	Aug	3	Tuesday	0.101294465	0.105622432	0.131956725	3.007166817
8/26/2020	0.100628089	12075370.68	416641.8146	5.298428987	0.012075371	0.000416642	2020	8	Aug	3	Wednesday	0.100163451	0.105245939	0.131595428	2.866543958
8/27/2020	0.097298584	11675830.12	1147823.135	-3.308722952	0.01167583	0.001147823	2020	8	Aug	3	Thursday	0.098620881	0.104860625	0.131138125	2.885007532
8/28/2020	0.101246965	12149635.77	1706932.727	4.058003956	0.012149636	0.001706933	2020	8	Aug	3	Friday	0.098747772	0.10463384	0.130620568	2.992643162
8/29/2020	0.10309496	12371395.16	1808825.345	1.825234903	0.012371395	0.001808825	2020	8	Aug	3	Saturday	0.099435882	0.10460464	0.130033109	2.934286524
8/30/2020	0.100564711	12067765.31	1144824.498	-2.454289518	0.012067765	0.001144824	2020	8	Aug	3	Sunday	0.099696192	0.104505797	0.129298193	2.96794712
8/31/2020	0.108073748	12968849.76	1102152.206	7.466870824	0.01296885	0.001102152	2020	8	Aug	3	Monday	0.100924531	0.104643167	0.128588992	3.270255543
9/1/2020	0.103138049	12376565.88	1774824.935	-4.566973076	0.012376566	0.001774825	2020	9	Sep	3	Tuesday	0.102006444	0.104643604	0.127817262	3.379749725
9/2/2020	0.107107665	12852919.75	1424529.966	3.848837158	0.01285292	0.00142453	2020	9	Sep	3	Wednesday	0.102932097	0.104861234	0.127206869	3.413683775
9/3/2020	0.111592945	13391153.41	506023.7474	4.18763734	0.013391153	0.000506024	2020	9	Sep	3	Thursday	0.104974149	0.105202302	0.126662162	3.487281791
9/4/2020	0.108747972	13049756.67	1120805.356	-2.549420008	0.013049757	0.001120805	2020	9	Sep	3	Friday	0.106045721	0.105384839	0.12614331	3.515144633
9/5/2020	0.11509198	13811037.61	812495.0867	5.833679232	0.013811038	0.000812495	2020	9	Sep	3	Saturday	0.107759581	0.105922462	0.125536374	3.557301946
9/6/2020	0.114060587	13687270.48	1182258.773	-0.896146514	0.01368727	0.001182259	2020	9	Sep	3	Sunday	0.109687564	0.106230685	0.124929326	3.418938123
9/7/2020	0.115500807	13860096.89	1173338.541	1.262679843	0.013860097	0.001173339	2020	9	Sep	3	Monday	0.110748572	0.106597185	0.124327135	3.420819659
9/8/2020	0.116826554	14019186.53	1399919.185	1.147824886	0.014019187	0.001399919	2020	9	Sep	3	Tuesday	0.112704073	0.10700176	0.12369569	3.423318334
9/9/2020	0.116316863	13958023.55	1016318.015	-0.436280485	0.013958024	0.001016318	2020	9	Sep	3	Wednesday	0.114019673	0.107285484	0.12305328	3.392100504
9/10/2020	0.120271342	14432561.06	717478.027	3.399747171	0.014432561	0.000717478	2020	9	Sep	3	Thursday	0.115259444	0.107663716	0.122317003	3.436711639
9/11/2020	0.124274139	14912896.68	1348816.807	3.328138484	0.014912897	0.001348817	2020	9	Sep	3	Friday	0.117477468	0.108030502	0.121674161	3.414841346
9/12/2020	0.115995181	13919421.69	1804295.935	-6.661851237	0.013919422	0.001804296	2020	9	Sep	3	Saturday	0.117606496	0.108073887	0.120921477	3.642078296
9/13/2020	0.122329993	14679599.17	1610079.978	5.461272024	0.014679599	0.00161008	2020	9	Sep	3	Sunday	0.11878784	0.108417219	0.120296936	3.739375656
9/14/2020	0.114574192	13748903	970729.5259	-6.340065308	0.013748903	0.00097073	2020	9	Sep	3	Monday	0.118655466	0.108443843	0.119686364	3.925606886
9/15/2020	0.119524865	14342983.78	2040472.498	4.320932206	0.014342984	0.002040472	2020	9	Sep	3	Tuesday	0.119040939	0.108801459	0.119174494	3.904878109
9/16/2020	0.125159964	15019195.64	2094650.747	4.71458296	0.015019196	0.002094651	2020	9	Sep	3	Wednesday	0.120304239	0.109327486	0.118726123	3.984064445
9/17/2020	0.119935485	14392258.18	793327.2908	-4.174241301	0.014392258	0.000793327	2020	9	Sep	3	Thursday	0.12025626	0.109680563	0.118249203	4.074853369
9/18/2020	0.118098781	14171853.7	492190.041	-1.531409961	0.014171854	0.00049219	2020	9	Sep	3	Friday	0.119374066	0.109999016	0.117799545	4.085059333
9/19/2020	0.113102356	13572282.71	1614518.645	-4.230716767	0.013572283	0.001614519	2020	9	Sep	3	Saturday	0.118960805	0.110165876	0.117389079	4.168656161
9/20/2020	0.112246391	13469566.89	1741793.219	-0.756805815	0.013469567	0.001741793	2020	9	Sep	3	Sunday	0.11752029	0.110562131	0.116972973	3.934410494
9/21/2020	0.110982774	13317932.89	1946332.627	-1.125752581	0.013317933	0.001946333	2020	9	Sep	3	Monday	0.117007231	0.110985617	0.116638418	3.917237321
9/22/2020	0.114613021	13753562.56	1881217.339	3.271000649	0.013753563	0.001881217	2020	9	Sep	3	Tuesday	0.116305539	0.111514633	0.116294188	3.950231025
9/23/2020	0.120901211	14508145.29	1480761.839	5.486452868	0.014508145	0.001480762	2020	9	Sep	3	Wednesday	0.115697145	0.112228828	0.11601286	4.050902141
9/24/2020	0.127970673	15356480.82	1437463.054	5.847305182	0.015356481	0.001437463	2020	9	Sep	3	Thursday	0.11684503	0.113309028	0.115900561	4.056178571
9/25/2020	0.125250334	15030040.03	501115.4547	-2.125752596	0.01503004	0.000501115	2020	9	Sep	3	Friday	0.11786668	0.11412977	0.11577538	4.014782002
9/26/2020	0.124330772	14919692.61	889195.3824	-0.734179136	0.014919693	0.000889195	2020	9	Sep	3	Saturday	0.119470739	0.115030843	0.115683464	3.95070978
9/27/2020	0.116350595	13962071.36	1188923.016	-6.418505248	0.013962071	0.001188923	2020	9	Sep	3	Sunday	0.120057054	0.115534297	0.115482457	4.12092095
9/28/2020	0.112772577	13532709.24	1426624.542	-3.075203564	0.013532709	0.001426625	2020	9	Sep	3	Monday	0.12031274	0.115856884	0.115157836	4.165376011
9/29/2020	0.117327276	14079273.16	1363862.288	4.038835875	0.014079273	0.001363862	2020	9	Sep	3	Tuesday	0.120700491	0.116415636	0.114996364	4.181510515
9/30/2020	0.125284929	15034191.49	1790817.546	6.782440576	0.015034191	0.001790818	2020	9	Sep	3	Wednesday	0.121326737	0.116989342	0.114915081	4.144454436
10/1/2020	41.77902824	5013483389	318717324.9	33247.20986	5.013483389	0.318717325	2020	10	Oct	4	Thursday	6.071477817	1.506185682	0.577661111	6069.945892
10/2/2020	42.12670528	5055204634	494370263.8	0.832180782	5.055204634	0.494370264	2020	10	Oct	4	Friday	12.07168567	2.906838936	1.044228829	6069.964855
10/3/2020	43.40958371	5209150045	211372041.9	3.045285449	5.209150045	0.211372042	2020	10	Oct	4	Saturday	18.25529323	4.350105295	1.525036326	6069.972028
10/4/2020	45.24373921	5429248706	432384622.2	4.225231732	5.429248706	0.432384622	2020	10	Oct	4	Sunday	24.70206303	5.854605003	2.026266927	6069.929381
10/5/2020	45.10668771	5412802525	649640769.8	-0.302918169	5.412802525	0.64964077	2020	10	Oct	4	Monday	31.12976519	7.35432486	2.525992012	6069.967944
10/6/2020	47.20792075	5664950490	641318295.2	4.65836254	5.66495049	0.641318295	2020	10	Oct	4	Tuesday	37.85699283	8.924120199	3.049108481	6069.933011
10/7/2020	47.62877792	5715453350	850900282.6	0.891496931	5.71545335	0.850900283	2020	10	Oct	4	Wednesday	44.64320612	10.5078961	3.576837387	6069.935348
10/8/2020	48.91025435	5869230522	371797765.1	2.690550735	5.869230522	0.371797765	2020	10	Oct	4	Thursday	45.6619527	12.1343437	4.118802177	6069.925645
10/9/2020	51.33132183	6159758620	553039858.2	4.950020221	6.15975862	0.553039858	2020	10	Oct	4	Friday	46.97689792	13.84151053	4.687548979	6069.891774
10/10/2020	52.68803657	6322564388	439694202.7	2.643054361	6.322564388	0.439694203	2020	10	Oct	4	Saturday	48.30239119	15.59376937	5.271372672	6069.89653
10/11/2020	53.09919378	6371903254	528054747.6	0.780361618	6.371903254	0.528054748	2020	10	Oct	4	Sunday	49.42459899	17.35960002	5.859807895	6069.912554
10/12/2020	54.18656184	6502387420	863738231.9	2.047805201	6.50238742	0.863738232	2020	10	Oct	4	Monday	50.72172386	19.16195225	6.460414927	6069.857553
10/13/2020	55.31296509	6637555811	744103785.1	2.078750181	6.637555811	0.744103785	2020	10	Oct	4	Tuesday	51.87958734	21.00164008	7.073638192	6069.878798
10/14/2020	55.80111305	6696133567	909957296.8	0.882519973	6.696133567	0.909957297	2020	10	Oct	4	Wednesday	53.04706379	22.85785804	7.692367865	6069.833164
10/15/2020	56.51635015	6781962018	369083413.4	1.28176134	6.781962018	0.369083413	2020	10	Oct	4	Thursday	54.1336489	24.73775222	8.319029541	6069.852272
10/16/2020	61.62616376	7395139651	996889481.4	9.04130149	7.395139651	0.996889481	2020	10	Oct	4	Friday	55.60434061	26.78778568	9.00243892	6069.825169
10/17/2020	64.43627732	7732353278	287422960.3	4.55993589	7.732353278	0.28742296	2020	10	Oct	4	Saturday	57.28266071	28.93166374	9.717151793	6069.770113
10/18/2020	65.07710841	7809253009	1066993183	0.994519107	7.809253009	1.066993183	2020	10	Oct	4	Sunday	58.99379137	31.09696406	10.43893831	6069.754182
10/19/2020	68.35713001	8202855601	570007031.4	5.04020797	8.202855601	0.570007031	2020	10	Oct	4	Monday	61.01815825	33.37176498	11.19719298	6069.695733
10/20/2020	68.87437828	8264925394	559952960.2	0.75668518	8.264925394	0.55995296	2020	10	Oct	4	Tuesday	62.955503	35.66383605	11.9611861	6069.686186
10/21/2020	73.6786021	8841432252	808554542.5	6.975342551	8.841432252	0.808554542	2020	10	Oct	4	Wednesday	65.50943	38.11609002	12.77847301	6069.635213
10/22/2020	76.29658582	9155590298	1308176584	3.553248361	9.155590298	1.308176584	2020	10	Oct	4	Thursday	68.33517796	40.65548912	13.62479738	6069.633437
10/23/2020	77.48676032	9298411238	332267230.5	1.559931532	9.298411238	0.332267231	2020	10	Oct	4	Friday	70.60097746	43.23435109	14.48435963	6069.658132
10/24/2020	80.43431424	9652117709	697536511.1	3.803945228	9.652117709	0.697536511	2020	10	Oct	4	Saturday	72.88641131	45.91122921	15.37672022	6069.670967
10/25/2020	76.99169786	9239003743	1226834729	-4.280034482	9.239003743	1.226834729	2020	10	Oct	4	Sunday	74.58849552	48.47344412	16.23093994	6069.684596
10/26/2020	74.99317851	8999181421	697675374	-2.595759545	8.999181421	0.697675374	2020	10	Oct	4	Monday	75.53650245	50.96907238	17.06298795	6069.696356
10/27/2020	72.82797391	8739356870	471041090.2	-2.887202059	8.73935687	0.47104109	2020	10	Oct	4	Tuesday	76.10130182	53.39279316	17.8709871	6069.673988
10/28/2020	74.58789419	8950547303	724773268.8	2.416544335	8.950547303	0.724773269	2020	10	Oct	4	Wednesday	76.23120069	55.87529721	18.69858625	6069.63933
10/29/2020	81.38163691	9765796429	744801161.9	9.108371793	9.765796429	0.744801162	2020	10	Oct	4	Thursday	76.95763656	58.58410753	19.60167632	6069.607531
10/30/2020	90.5581868	10866982416	1519746884	11.27594656	10.86698242	1.519746884	2020	10	Oct	4	Friday	78.8249832	61.5985376	20.60672337	6069.579403
10/31/2020	94.52220619	11342664743	1377363884	4.37731754	11.34266474	1.377363884	2020	10	Oct	4	Saturday	80.8375392	63.35664353	21.65582427	3.421015043
11/1/2020	98.09404416	11771285299	1066641677	3.778834742	11.7712853	1.066641677	2020	11	Nov	4	Sunday	83.8521601	65.22222149	22.74464055	3.404428352
11/2/2020	92.82245962	11138695154	1655259868	-5.374010815	11.13869515	1.655259868	2020	11	Nov	4	Monday	86.39920025	66.86931735	23.77487498	3.724968942
11/3/2020	92.34578598	11081494318	951161267.8	-0.513532646	11.08149432	0.951161268	2020	11	Nov	4	Tuesday	89.18745912	68.43938558	24.79979181	3.75538724
11/4/2020	90.95353386	10914424063	403708607.7	-1.507650958	10.91442406	0.403708608	2020	11	Nov	4	Wednesday	91.52540764	69.96761379	25.80928704	3.792355364
11/5/2020	90.16160969	10819393163	665099675.4	-0.870690921	10.81939316	0.665099675	2020	11	Nov	4	Thursday	92.77968947	71.39940342	26.8099181	3.814760042
11/6/2020	90.98935711	10918722854	898921611.8	0.918070811	10.91872285	0.898921612	2020	11	Nov	4	Friday	92.84128523	72.84475606	27.81974978	3.814437112
11/7/2020	90.69532144	10883438572	531419965.8	-0.323153925	10.88343857	0.531419966	2020	11	Nov	4	Saturday	92.29458741	74.23759163	28.82631236	3.842006881
11/8/2020	85.09507788	10211409345	1467459327	-6.174787709	10.21140935	1.467459327	2020	11	Nov	4	Sunday	90.43759222	75.36305016	29.77061539	4.09114118
11/9/2020	89.02485492	10682982591	1303557489	4.618101476	10.68298259	1.303557489	2020	11	Nov	4	Monday	89.89507727	76.57427744	30.75857017	4.121317474
11/10/2020	86.57717548	10389261058	646154523.4	-2.749433792	10.38926106	0.646154523	2020	11	Nov	4	Tuesday	89.07099005	77.69021016	31.71928023	4.202323236
11/11/2020	88.71618154	10645941785	1074138734	2.470635069	10.64594178	1.074138734	2020	11	Nov	4	Wednesday	88.75136829	78.84119749	32.70374121	4.204146954
11/12/2020	97.81255943	11737507131	1368286969	10.25334695	11.73750713	1.368286969	2020	11	Nov	4	Thursday	89.84436111	80.25785063	33.78930264	4.482521572
11/13/2020	95.65435615	11478522738	1640894673	-2.206468469	11.47852274	1.640894673	2020	11	Nov	4	Friday	90.51078955	81.58629207	34.85086465	4.54443548
11/14/2020	87.69058205	10522869846	1428966179	-8.325573886	10.52286985	1.428966179	2020	11	Nov	4	Saturday	90.08154106	82.62543313	35.8239956	4.913743432
11/15/2020	87.92506623	10551007947	968825911.1	0.267399499	10.55100795	0.968825911	2020	11	Nov	4	Sunday	90.48582511	83.50206321	36.79972546	4.711904136
11/16/2020	93.17358385	11180830062	1374776018	5.969307554	11.18083006	1.374776018	2020	11	Nov	4	Monday	91.07850067	84.45997343	37.83377258	4.752406743
11/17/2020	102.1634257	12259611081	1194789459	9.648487751	12.25961108	1.194789459	2020	11	Nov	4	Tuesday	93.30510784	85.69618401	38.96771569	4.987281331
11/18/2020	98.5935851	11831230212	1139636942	-3.494245178	11.83123021	1.139636942	2020	11	Nov	4	Wednesday	94.7161655	86.70406584	40.0619989	5.029445082
11/19/2020	101.9346034	12232152408	535389506.9	3.388677162	12.23215241	0.535389507	2020	11	Nov	4	Thursday	95.30502892	87.80607335	41.19349051	5.041710301
11/20/2020	101.3949275	12167391302	549193688.2	-0.529433443	12.1673913	0.549193688	2020	11	Nov	4	Friday	96.12511054	88.72995086	42.31900883	4.942595112
11/21/2020	102.3030616	12276367387	1148380926	0.895640505	12.27636739	1.148380926	2020	11	Nov	4	Saturday	98.21260762	89.59683338	43.45461238	4.922476549
11/22/2020	115.2060015	13824720181	860773880.6	12.61246707	13.82472018	0.860773881	2020	11	Nov	4	Sunday	102.1098841	90.85414142	44.73357378	5.353071591
11/23/2020	109.8888109	13186657314	428888490.3	-4.61537636	13.18665731	0.42888849	2020	11	Nov	4	Monday	104.4977737	91.83595798	45.95349874	5.446147705
11/24/2020	112.4316514	13491798164	1575042022	2.314012131	13.49179816	1.575042022	2020	11	Nov	4	Tuesday	105.9646631	93.01728977	47.20162122	5.350195342
11/25/2020	116.0062601	13920751208	471891075.8	3.179361556	13.92075121	0.471891076	2020	11	Nov	4	Wednesday	108.4521881	94.38439248	48.48949857	5.304992004
11/26/2020	122.674405	14720928606	1493191204	5.748090647	14.72092861	1.493191204	2020	11	Nov	4	Thursday	111.4150169	96.04594019	49.85142255	5.287515647
11/27/2020	124.6838557	14962062681	1416956042	1.638035765	14.96206268	1.416956042	2020	11	Nov	4	Friday	114.7420066	97.71580557	51.23565322	5.286728354
11/28/2020	127.7793345	15333520135	2242646352	2.482662057	15.33352013	2.242646352	2020	11	Nov	4	Saturday	118.3814742	99.26239549	52.65430622	5.108853216
11/29/2020	127.3216073	15278592879	1346129237	-0.358216865	15.27859288	1.346129237	2020	11	Nov	4	Sunday	120.112275	100.4878428	54.06778993	4.783244701
11/30/2020	130.2476037	15629712443	588180032.7	2.298114531	15.62971244	0.588180033	2020	11	Nov	4	Monday	123.0206739	101.6786894	55.51383954	4.75133473
12/1/2020	130.0016102	15600193219	1500778464	-0.188866068	15.60019322	1.500778464	2020	12	Dec	4	Tuesday	125.5306681	102.742275	56.95711179	4.731718343
12/2/2020	134.845647	16181477637	2118665794	3.726136013	16.18147764	2.118665794	2020	12	Dec	4	Wednesday	128.222009	104.1430479	58.45415684	4.595487197
12/3/2020	134.4179115	16130149374	2413423824	-0.317203804	16.13014937	2.413423824	2020	12	Dec	4	Thursday	129.8996528	105.5454521	59.94648088	4.592877445
12/4/2020	138.0386479	16564637744	1352356586	2.693641326	16.56463774	1.352356586	2020	12	Dec	4	Friday	131.8074803	107.1149559	61.47896483	4.566433404
12/5/2020	139.4561432	16734737180	1145255948	1.026882926	16.73473718	1.145255948	2020	12	Dec	4	Saturday	133.4755958	108.758107	63.02721019	4.545572685
12/6/2020	147.5360231	17704322774	2457331597	5.79385014	17.70432277	2.457331597	2020	12	Dec	4	Sunday	136.3633695	110.6429958	64.665216	4.608478388
12/7/2020	148.8876818	17866521813	946015454.9	0.916155005	17.86652181	0.946015455	2020	12	Dec	4	Monday	139.0262378	112.5827412	66.3182255	4.595023063
12/8/2020	140.238423	16828610760	1747675962	-5.809250757	16.82861076	1.747675962	2020	12	Dec	4	Tuesday	140.4886396	114.4208527	67.87513779	4.573675418
12/9/2020	149.1262833	17895153992	1408093271	6.337678418	17.89515399	1.408093271	2020	12	Dec	4	Wednesday	142.5287305	116.4242336	69.53076015	4.621023282
12/10/2020	145.3926991	17447123898	609426010.3	-2.503639222	17.4471239	0.60942601	2020	12	Dec	4	Thursday	144.0965573	118.3847511	71.14485376	4.612824334
12/11/2020	143.1746637	17180959648	1231438701	-1.525548	17.18095965	1.231438701	2020	12	Dec	4	Friday	144.8302739	120.2000338	72.73439452	4.651633449
12/12/2020	141.305158	16956618956	1048384048	-1.305751811	16.95661896	1.048384048	2020	12	Dec	4	Saturday	145.0944189	121.6497871	74.30309261	4.391047977
12/13/2020	150.8806898	18105682771	2033828337	6.77649134	18.10568277	2.033828337	2020	12	Dec	4	Sunday	145.5722284	123.4906649	75.97827167	4.447824973
12/14/2020	139.9886572	16798638864	2416565837	-7.218970549	16.79863886	2.416565837	2020	12	Dec	4	Monday	144.3009392	125.2339341	77.53237314	4.366301508
12/15/2020	160.3695655	19244347856	1196337634	14.55897118	19.24434786	1.196337634	2020	12	Dec	4	Tuesday	147.1768166	127.6487507	79.31286653	4.94962384
12/16/2020	169.0247388	20282968659	2583561645	5.397017406	20.28296866	2.583561645	2020	12	Dec	4	Wednesday	150.0194532	130.1771225	81.18958657	4.93543066
12/17/2020	172.295397	20675447645	757614109	1.935017463	20.67544764	0.757614109	2020	12	Dec	4	Thursday	153.8626957	132.5148549	83.10266766	4.726123601
12/18/2020	173.6715606	20840587271	1970988563	0.79872334	20.84058727	1.970988563	2020	12	Dec	4	Friday	158.2193953	135.0174541	85.03109498	4.622210753
12/19/2020	177.4442319	21293307831	819068541.8	2.172302316	21.29330783	0.819068542	2020	12	Dec	4	Saturday	163.3821201	137.5344417	87.00145037	4.614982602
12/20/2020	183.0003477	21960041721	3120169666	3.131189832	21.96004172	3.120169666	2020	12	Dec	4	Sunday	167.9706427	140.2546224	89.03355443	4.595125314
12/21/2020	189.6543899	22758526783	2775678941	3.636081717	22.75852678	2.775678941	2020	12	Dec	4	Monday	175.0657473	143.1663333	91.13955195	4.597877432
12/22/2020	195.8317167	23499806009	2560397613	3.257149433	23.49980601	2.560397613	2020	12	Dec	4	Tuesday	180.1317689	145.8538572	93.31411656	4.162379503
12/23/2020	198.4604398	23815252771	3069013653	1.342337729	23.81525277	3.069013653	2020	12	Dec	4	Wednesday	184.3368691	148.8062448	95.51781066	3.980649821
12/24/2020	198.8142931	23857715174	2569532598	0.178299192	23.85771517	2.569532598	2020	12	Dec	4	Thursday	188.1252828	151.6856662	97.72546669	3.995103509
12/25/2020	199.5212188	23942546255	3502155913	0.355570848	23.94254625	3.502155913	2020	12	Dec	4	Friday	191.8180911	154.4694982	99.94098767	3.999456454
12/26/2020	199.8668225	23984018696	2774350253	0.173216503	23.9840187	2.774350253	2020	12	Dec	4	Saturday	195.0213183	157.0425787	102.1604374	3.943575565
12/27/2020	211.1263909	25335166913	3571220633	5.633535541	25.33516691	3.571220633	2020	12	Dec	4	Sunday	199.0393245	159.9239966	104.5050331	4.00789115
12/28/2020	218.2373535	26188482425	2410802409	3.368106925	26.18848242	2.410802409	2020	12	Dec	4	Monday	203.1226051	162.9392639	106.928589	4.015989972
12/29/2020	195.8368689	23500424266	1035140333	-10.26427616	23.50042427	1.035140333	2020	12	Dec	4	Tuesday	203.1233411	165.2231059	109.1031621	4.574441825
12/30/2020	202.9102559	24349230712	2273763465	3.611877113	24.34923071	2.273763465	2020	12	Dec	4	Wednesday	203.7590291	167.6451943	110.8935091	4.588160469
12/31/2020	206.382564	24765907686	1120031720	1.711253134	24.76590769	1.12003172	2020	12	Dec	4	Thursday	204.8402107	170.1912261	112.7185742	4.575862268
1/1/2021	208.1159079	24973908950	2524842653	0.839869336	24.97390895	2.524842653	2021	1	Jan	1	Friday	206.0680234	172.6335682	114.5486445	4.561087084
1/2/2021	206.7687733	24812252800	2180976359	-0.647300148	24.8122528	2.180976359	2021	1	Jan	1	Saturday	207.0540164	175.0452636	116.3433671	4.5661589
1/3/2021	218.2296839	26187562063	2742074686	5.542863332	26.18756206	2.742074686	2021	1	Jan	1	Sunday	208.0687725	177.7182981	118.2669559	4.620171095
1/4/2021	228.6902368	27442828412	856370961.6	4.793368494	27.44282841	0.856370962	2021	1	Jan	1	Monday	209.5620415	180.6927679	120.2834261	4.653969162
1/5/2021	223.7009978	26844119736	1432962171	-2.181658055	26.84411974	1.432962171	2021	1	Jan	1	Tuesday	213.5426314	183.2316004	122.2397841	4.643745764
1/6/2021	229.3818757	27525825083	2448687816	2.539496001	27.52582508	2.448687816	2021	1	Jan	1	Wednesday	217.3242913	185.9147402	124.2450243	4.646160992
1/7/2021	222.5735022	26708820269	3847684063	-2.968139236	26.70882027	3.847684063	2021	1	Jan	1	Thursday	219.6372825	188.6592428	126.1477152	4.518079042
1/8/2021	212.4589426	25495073117	1938469057	-4.544368263	25.49507312	1.938469057	2021	1	Jan	1	Friday	220.257716	190.7703315	127.9229475	4.565268584
1/9/2021	208.992358	25079082962	2029515839	-1.631649192	25.07908296	2.029515839	2021	1	Jan	1	Saturday	220.575371	192.8903201	129.6550938	4.543027416
1/10/2021	218.1872094	26182465134	3030974606	4.399611314	26.18246513	3.030974606	2021	1	Jan	1	Sunday	220.5693032	195.3907383	131.4773232	4.544051637
1/11/2021	228.6018301	27432219614	2810571651	4.77324986	27.43221961	2.810571651	2021	1	Jan	1	Monday	220.5566737	198.3006273	133.402755	4.549557448
1/12/2021	235.3214838	28238578057	1860107272	2.939457521	28.23857806	1.860107272	2021	1	Jan	1	Tuesday	222.2167431	201.1153205	135.3974258	4.455335731
1/13/2021	244.2882289	29314587469	2324587203	3.810423493	29.31458747	2.324587203	2021	1	Jan	1	Wednesday	224.3462222	204.5919729	137.48378	4.148027069
1/14/2021	251.4726023	30176712280	1693637072	2.940941303	30.17671228	1.693637072	2021	1	Jan	1	Thursday	228.474665	207.6287408	139.5931849	3.40688661
1/15/2021	247.1411047	29656932565	4327615969	-1.722453093	29.65693257	4.327615969	2021	1	Jan	1	Friday	233.4292596	210.2326196	141.6232385	3.378824799
1/16/2021	253.5264943	30423179315	1389612965	2.583701967	30.42317932	1.389612965	2021	1	Jan	1	Saturday	239.7912791	212.9403229	143.7171206	3.384894985
1/17/2021	263.9249463	31670993556	2363302656	4.101524788	31.67099356	2.363302656	2021	1	Jan	1	Sunday	246.3252415	215.9487691	145.8900963	3.419796567
1/18/2021	274.2294848	32907538174	1089261781	3.904344257	32.90753817	1.089261781	2021	1	Jan	1	Monday	252.8434779	219.1749442	148.1718197	3.446707403
1/19/2021	289.9186119	34790233433	1969598238	5.721167134	34.79023343	1.969598238	2021	1	Jan	1	Tuesday	260.6430676	222.7388863	150.5744865	3.520104438
1/20/2021	300.6542838	36078514053	4461344094	3.702995046	36.07851405	4.461344094	2021	1	Jan	1	Wednesday	268.6953612	226.4388828	153.0673498	3.52145567
1/21/2021	307.3535069	36882420829	1996852174	2.228214761	36.88242083	1.996852174	2021	1	Jan	1	Thursday	276.6783475	230.1562758	155.6214248	3.509839445
1/22/2021	323.3501543	38802018512	1536855151	5.204641235	38.80201851	1.536855151	2021	1	Jan	1	Friday	287.5653546	234.3192663	158.3204897	3.57132664
1/23/2021	325.5638054	39067656653	3396322571	0.684598768	39.06765665	3.396322571	2021	1	Jan	1	Saturday	297.8563991	238.54425	161.082402	3.565062571
1/24/2021	316.7522527	38010270319	1185780106	-2.706551722	38.01027032	1.185780106	2021	1	Jan	1	Sunday	305.4031571	242.4519511	163.7686139	3.648341414
1/25/2021	317.1539441	38058473297	1528882650	0.126815668	38.0584733	1.52888265	2021	1	Jan	1	Monday	311.5352227	246.3615218	166.4833469	3.648984852
1/26/2021	310.2366572	37228398861	4724846126	-2.181050275	37.22839886	4.724846126	2021	1	Jan	1	Tuesday	314.4378006	249.6651974	169.1016665	3.63122089
1/27/2021	304.3040431	36516485169	4476073950	-1.912286623	36.51648517	4.47607395	2021	1	Jan	1	Wednesday	314.9591948	252.534087	171.5785821	3.65820416
1/28/2021	304.8747619	36584971422	5115188454	0.187548863	36.58497142	5.115188454	2021	1	Jan	1	Thursday	314.6050884	256.1686835	173.9598774	2.962192484
1/29/2021	297.6191854	35714302249	4733639774	-2.379854732	35.71430225	4.733639774	2021	1	Jan	1	Friday	310.9292357	259.3256478	176.2165105	3.018334952
1/30/2021	296.2084367	35545012400	3980368436	-0.474011357	35.5450124	3.980368436	2021	1	Jan	1	Saturday	306.7356116	262.3198435	178.4177815	3.035106314
1/31/2021	276.6748611	33200983332	1204529779	-6.594537208	33.20098333	1.204529779	2021	1	Jan	1	Sunday	301.0102699	264.605142	180.460586	3.356709378
2/1/2021	281.1411119	33736933430	4181417408	1.614259712	33.73693343	4.181417408	2021	2	Feb	1	Monday	295.8655796	267.0842199	182.5583118	3.343621385
2/2/2021	283.254316	33990517923	4468437582	0.75165247	33.99051792	4.468437582	2021	2	Feb	1	Tuesday	292.0109594	269.2517077	184.6949872	3.235964815
2/3/2021	276.1821408	33141856898	4172223642	-2.496758145	33.1418569	4.172223642	2021	2	Feb	1	Wednesday	287.9935448	270.8347711	186.761882	3.208966256
2/4/2021	285.6561186	34278734236	3119964153	3.430336874	34.27873424	3.119964153	2021	2	Feb	1	Thursday	285.2480244	272.8999418	188.924846	3.199913466
2/5/2021	298.7507571	35850090853	2077448975	4.58405671	35.85009085	2.077448975	2021	2	Feb	1	Friday	285.4096775	275.2122379	191.2365731	3.25799117
2/6/2021	282.1914388	33862972659	4450935482	-5.542853998	33.86297266	4.450935482	2021	2	Feb	1	Saturday	283.4072492	277.1995024	193.4265326	3.395395452
2/7/2021	275.7007383	33084088601	3879424917	-2.300105384	33.0840886	3.879424917	2021	2	Feb	1	Sunday	283.2680888	279.3075623	195.5007091	3.295703518
2/8/2021	269.2797764	32313573173	4772434952	-2.328960721	32.31357317	4.772434952	2021	2	Feb	1	Monday	281.5736123	281.3171429	197.530738	3.316747817
2/9/2021	261.2080363	31344964354	1525970402	-2.997529286	31.34496435	1.525970402	2021	2	Feb	1	Tuesday	278.4241438	282.7511705	199.4473142	3.322690611
2/10/2021	271.9507007	32634084080	1862745360	4.112685254	32.63408408	1.86274536	2021	2	Feb	1	Wednesday	277.8196523	284.1961328	201.3821824	3.296545244
2/11/2021	271.7697278	32612367334	1807239708	-0.066546212	32.61236733	1.807239708	2021	2	Feb	1	Thursday	275.8358822	285.4110743	203.3390199	3.269598763
2/12/2021	270.8120547	32497446560	4065585646	-0.352384027	32.49744656	4.065585646	2021	2	Feb	1	Friday	271.844639	286.2952018	205.3737029	3.21355844
2/13/2021	251.7117797	30205413566	1583635870	-7.052963345	30.20541357	1.58363587	2021	2	Feb	1	Saturday	267.490402	286.3031744	207.1935553	3.449763907
2/14/2021	259.9994746	31199936954	1185572007	3.292533589	31.19993695	1.185572007	2021	2	Feb	1	Sunday	265.2473643	286.7317867	209.0471763	3.481721377
2/15/2021	249.1492054	29897904648	4479522233	-4.173188901	29.89790465	4.479522233	2021	2	Feb	1	Monday	262.3715684	286.5858771	210.6803516	3.542113718
2/16/2021	251.478323	30177398759	995192229.1	0.934828427	30.17739876	0.995192229	2021	2	Feb	1	Tuesday	260.9816094	286.1709896	212.3790709	3.462041383
2/17/2021	256.0377085	30724525018	4001232993	1.813033201	30.72452502	4.001232993	2021	2	Feb	1	Wednesday	258.7083248	285.5645971	214.0913277	3.399058297
2/18/2021	272.2143063	32665716758	2412167874	6.318052888	32.66571676	2.412167874	2021	2	Feb	1	Thursday	258.771836	284.9744536	215.9893208	3.436288195
2/19/2021	260.0935855	31211230263	4088479377	-4.452639157	31.21123026	4.088479377	2021	2	Feb	1	Friday	257.2406261	283.6224303	217.7425488	3.443356112
2/20/2021	232.0684112	27848209342	2688868786	-10.77503479	27.84820934	2.688868786	2021	2	Feb	1	Saturday	254.4344306	281.1129271	219.04102	3.887690994
2/21/2021	235.3618813	28243425752	3903121335	1.419180689	28.24342575	3.903121335	2021	2	Feb	1	Sunday	250.9147745	278.1799847	220.4351652	3.742875246
2/22/2021	254.6398067	30556776801	4312879987	8.190759398	30.5567768	4.312879987	2021	2	Feb	1	Monday	251.6991461	275.8158514	222.0152559	4.092790466
2/23/2021	269.3686367	32324236408	1005018104	5.784182077	32.32423641	1.005018104	2021	2	Feb	1	Tuesday	254.2549052	274.2363975	223.7192823	4.242498156
2/24/2021	273.4470972	32813651662	1281355415	1.514081408	32.81365166	1.281355415	2021	2	Feb	1	Wednesday	256.7419607	272.7795026	225.3945344	4.256547081
2/25/2021	269.9001414	32388016974	1944675243	-1.297126855	32.38801697	1.944675243	2021	2	Feb	1	Thursday	256.4113657	271.4349521	227.0080487	4.246873571
2/26/2021	280.5957373	33671488479	3714566214	3.962797434	33.67148848	3.714566214	2021	2	Feb	1	Friday	259.3402445	270.6446752	228.7060087	4.308550602
2/27/2021	271.6515597	32598187169	4452673213	-3.187567163	32.59818717	4.452673213	2021	2	Feb	1	Saturday	264.9949801	269.5372352	230.3096749	4.342576033
2/28/2021	278.6874802	33442497626	2849067843	2.590053407	33.44249763	2.849067843	2021	2	Feb	1	Sunday	271.1843513	268.9061783	231.9590068	4.354947065
3/1/2021	286.2301018	34347612212	3532197633	2.706480226	34.34761221	3.532197633	2021	3	Mar	1	Monday	275.6972506	268.5735672	233.6948789	4.384793242
3/2/2021	300.5640037	36067680444	1897880708	5.007824771	36.06768044	1.897880708	2021	3	Mar	1	Tuesday	280.1537316	269.3698719	235.536194	4.295678107
3/3/2021	337.8066873	40536802471	5131797859	12.39093275	40.53680247	5.131797859	2021	3	Mar	1	Wednesday	289.3479588	271.2587244	237.7960693	4.82195292
3/4/2021	345.353257	41442390842	6053878485	2.233990636	41.44239084	6.053878485	2021	3	Mar	1	Thursday	300.1269753	273.3286891	240.099565	4.829813378
3/5/2021	340.5553588	40866643055	2543207698	-1.389272617	40.86664305	2.543207698	2021	3	Mar	1	Friday	308.6926355	275.4744631	242.3340007	4.808124281
3/6/2021	342.3708364	41084500364	3672096250	0.533093233	41.08450036	3.67209625	2021	3	Mar	1	Saturday	318.7953893	277.3649537	244.498832	4.782755935
3/7/2021	321.0005429	38520065150	1553665737	-6.241855665	38.52006515	1.553665737	2021	3	Mar	1	Sunday	324.8401125	278.1066132	246.4111971	4.888076977
3/8/2021	314.171059	37700527085	3660585412	-2.127561472	37.70052709	3.660585412	2021	3	Mar	1	Monday	328.8316779	279.1726005	248.3437819	4.784659477
3/9/2021	311.0090059	37321080706	3371362990	-1.006474998	37.32108071	3.37136299	2021	3	Mar	1	Tuesday	330.323821	280.3495428	250.1424788	4.764632748
3/10/2021	306.4597461	36775169532	1740656229	-1.462742138	36.77516953	1.740656229	2021	3	Mar	1	Wednesday	325.8456866	281.5888751	251.9321127	4.749424047
3/11/2021	310.250953	37230114361	3091884511	1.237097842	37.23011436	3.091884511	2021	3	Mar	1	Thursday	320.8310717	283.223639	253.7885159	4.703343736
3/12/2021	302.0699694	36248396334	2540742831	-2.636892322	36.24839633	2.540742831	2021	3	Mar	1	Friday	315.333159	284.2276146	255.5747916	4.694997426
3/13/2021	317.871512	38144581437	3532939881	5.231086877	38.14458144	3.532939881	2021	3	Mar	1	Saturday	311.8332555	285.7643408	257.4302452	4.773600199
3/14/2021	319.8258153	38379097836	3848599140	0.614809206	38.37909784	3.84859914	2021	3	Mar	1	Sunday	311.6654373	287.3981328	259.4284358	4.769977054
3/15/2021	321.6613885	38599366617	1197331873	0.573929023	38.59936662	1.197331873	2021	3	Mar	1	Monday	312.7354843	289.7297864	261.2205672	4.542212636
3/16/2021	319.4026986	38328323830	4650019765	-0.702194909	38.32832383	4.650019765	2021	3	Mar	1	Tuesday	313.9345833	291.7098939	262.8914334	4.52879453
3/17/2021	323.3398107	38800777285	4483884367	1.23264836	38.80077728	4.483884367	2021	3	Mar	1	Wednesday	316.3460211	294.182914	264.5697047	4.431130964
3/18/2021	336.2066298	40344795582	2983673793	3.979348881	40.34479558	2.983673793	2021	3	Mar	1	Thursday	320.0539749	297.0071909	266.3756499	4.465102498
3/19/2021	326.6972398	39203668779	1425144010	-2.8284362	39.20366878	1.42514401	2021	3	Mar	1	Friday	323.5721564	299.3625087	268.0340166	4.518507688
3/20/2021	320.1141147	38413693760	4632380500	-2.015053804	38.41369376	4.6323805	2021	3	Mar	1	Saturday	323.8925282	300.9591689	269.5575029	4.430097615
3/21/2021	318.1338694	38176064333	5521061335	-0.618606032	38.17606433	5.521061335	2021	3	Mar	1	Sunday	323.6508216	302.8938451	270.9850527	4.33246413
3/22/2021	303.2497967	36389975609	2140392555	-4.678556459	36.38997561	2.140392555	2021	3	Mar	1	Monday	321.0205943	305.2665579	272.1785869	3.89328761
3/23/2021	295.2085123	35425021471	2438054611	-2.651703175	35.42502147	2.438054611	2021	3	Mar	1	Tuesday	317.5642819	307.2614456	273.2535655	3.947548755
3/24/2021	291.3439738	34961276858	1819998304	-1.30908774	34.96127686	1.819998304	2021	3	Mar	1	Wednesday	312.9934481	308.4849179	274.2816731	3.710760309
3/25/2021	303.483753	36418050364	3613848167	4.166820086	36.41805036	3.613848167	2021	3	Mar	1	Thursday	308.3187514	309.6220884	275.4368123	3.642685978
3/26/2021	308.4793923	37017527080	1798347275	1.646097772	37.01752708	1.798347275	2021	3	Mar	1	Friday	305.7162018	310.7898316	276.6436187	3.644081834
3/27/2021	312.6861542	37522338499	2729497721	1.363709191	37.5223385	2.729497721	2021	3	Mar	1	Saturday	304.6550645	312.216032	277.7720605	3.632072351
3/28/2021	325.3866957	39046403482	4437294269	4.061753729	39.04640348	4.437294269	2021	3	Mar	1	Sunday	305.6911826	313.7090639	278.9626087	3.635318523
3/29/2021	325.4715703	39056588431	3796843984	0.026084218	39.05658843	3.796843984	2021	3	Mar	1	Monday	308.8657216	315.5030643	280.4029943	3.567891931
3/30/2021	332.4956842	39899482109	3047343204	2.15813442	39.89948211	3.047343204	2021	3	Mar	1	Tuesday	314.1924605	317.2966711	281.8428324	3.560717093
3/31/2021	333.0221096	39962653153	3214194284	0.158325472	39.96265315	3.214194284	2021	3	Mar	1	Wednesday	320.1464799	318.8564047	283.2499385	3.5402995
4/1/2021	338.4959614	40619515370	3958506057	1.64369021	40.61951537	3.958506057	2021	4	Apr	2	Thursday	325.148224	320.1208033	284.6986057	3.446762164
4/2/2021	332.5761038	39909132456	1225360718	-1.748870973	39.90913246	1.225360718	2021	4	Apr	2	Friday	328.5906113	319.9464505	286.096465	2.627362329
4/3/2021	303.3724488	36404693860	1435116143	-8.78104429	36.40469386	1.435116143	2021	4	Apr	2	Saturday	327.260082	318.5470902	287.0424957	3.039117458
4/4/2021	303.4490839	36413890070	4943220830	0.025261057	36.41389007	4.94322083	2021	4	Apr	2	Sunday	324.1261374	317.3102144	287.8731495	3.033979492
4/5/2021	323.0238706	38762864473	1525143458	6.450764802	38.76286447	1.525143458	2021	4	Apr	2	Monday	323.7764661	316.6653155	288.976737	3.275372717
4/6/2021	337.0921106	40451053272	4644445589	4.355170397	40.45105327	4.644445589	2021	4	Apr	2	Tuesday	324.4330984	317.2017011	290.1735174	3.164308106
4/7/2021	352.3174455	42278093464	5936037943	4.516669021	42.27809346	5.936037943	2021	4	Apr	2	Wednesday	327.189575	318.4732473	291.6151168	3.226820433
4/8/2021	372.2321109	44667853310	2790938263	5.652477799	44.66785331	2.790938263	2021	4	Apr	2	Thursday	332.0090249	320.5140175	293.3903742	3.35099742
4/9/2021	375.621949	45074633877	3356210922	0.910678568	45.07463388	3.356210922	2021	4	Apr	2	Friday	338.1584313	322.8194243	295.2418141	3.327199324
4/10/2021	380.6859452	45682313426	4489226920	1.348163027	45.68231343	4.48922692	2021	4	Apr	2	Saturday	349.2032165	325.1672573	297.0473556	3.327839612
4/11/2021	373.4363041	44812356496	6085745496	-1.904362682	44.8123565	6.085745496	2021	4	Apr	2	Sunday	359.2013909	327.5461352	298.6566275	3.304829387
4/12/2021	370.7631139	44491573662	6363570628	-0.715835675	44.49157366	6.363570628	2021	4	Apr	2	Monday	366.0212827	329.3091886	300.1615345	3.204385134
4/13/2021	382.0812255	45849747062	5444546955	3.052653095	45.84974706	5.444546955	2021	4	Apr	2	Tuesday	372.4482992	331.3843689	301.6925678	3.236459303
4/14/2021	403.1094038	48373128459	1954002112	5.503588479	48.37312846	1.954002112	2021	4	Apr	2	Wednesday	379.7042932	334.0993027	303.3774212	3.355644003
4/15/2021	403.0376997	48364523966	5334534382	-0.017787754	48.36452397	5.334534382	2021	4	Apr	2	Thursday	384.1050916	336.8871361	305.1096056	3.34732532
4/16/2021	397.9805829	47757669951	3784148066	-1.254750311	47.75766995	3.784148066	2021	4	Apr	2	Friday	387.2991822	339.3751619	306.714651	3.367822123
4/17/2021	400.1285666	48015427990	4152572033	0.539720718	48.01542799	4.152572033	2021	4	Apr	2	Saturday	390.0766995	341.5058931	308.2280246	3.312175168
4/18/2021	412.0632336	49447588033	1775059964	2.982708066	49.44758803	1.775059964	2021	4	Apr	2	Sunday	395.5948323	344.3514262	309.7595107	3.272313991
4/19/2021	391.0152192	46921826300	2483452931	-5.107957402	46.9218263	2.483452931	2021	4	Apr	2	Monday	398.4879902	346.7147964	310.8828063	3.410796358
4/20/2021	358.5988979	43031867751	5373029274	-8.290296556	43.03186775	5.373029274	2021	4	Apr	2	Tuesday	395.133372	348.0636306	311.5266353	3.782414466
4/21/2021	352.6477916	42317734990	3574793201	-1.659543956	42.31773499	3.574793201	2021	4	Apr	2	Wednesday	387.9245702	349.7102305	312.0299052	3.679468569
4/22/2021	337.6162156	40513945870	2682001704	-4.262489759	40.51394587	2.682001704	2021	4	Apr	2	Thursday	378.5786439	351.1238206	312.188417	3.739378325
4/23/2021	332.5647348	39907768176	3036274347	-1.496219835	39.90776818	3.036274347	2021	4	Apr	2	Friday	369.2335227	352.4978459	312.2662051	3.742684144
4/24/2021	332.3390481	39880685777	5285305196	-0.067862473	39.88068578	5.285305196	2021	4	Apr	2	Saturday	359.5493058	353.4596891	312.4393917	3.679361241
4/25/2021	328.0743505	39368922061	4719541735	-1.283237002	39.36892206	4.719541735	2021	4	Apr	2	Sunday	347.550894	354.1128544	312.5607295	3.683185409
4/26/2021	349.5112657	41941351890	2628793664	6.534163737	41.94135189	2.628793664	2021	4	Apr	2	Monday	341.6217578	355.3403581	312.9971141	3.85308554
4/27/2021	355.9480803	42713769639	1883686673	1.841661544	42.71376964	1.883686673	2021	4	Apr	2	Tuesday	341.2430695	356.3590709	313.5709367	3.802196471
4/28/2021	362.1164162	43453969941	2617657876	1.732931345	43.45396994	2.617657876	2021	4	Apr	2	Wednesday	342.5957302	357.5805658	314.2069551	3.809630882
4/29/2021	373.1567926	44778815114	6291010400	3.048847263	44.77881511	6.2910104	2021	4	Apr	2	Thursday	347.6729555	358.9359361	315.0462618	3.82701721
4/30/2021	358.3724842	43004698108	4291467231	-3.961956121	43.00469811	4.291467231	2021	4	Apr	2	Friday	351.3597768	359.7809486	315.7369735	3.911111811
5/1/2021	375.4960498	45059525973	4236389618	4.778147401	45.05952597	4.236389618	2021	5	May	2	Saturday	357.5250628	361.0142848	316.8349867	3.988799971
5/2/2021	376.2715641	45152587689	4586023348	0.206530616	45.15258769	4.586023348	2021	5	May	2	Sunday	364.410379	362.4708002	317.8919917	3.96799055
5/3/2021	388.4666836	46616002031	3446012986	3.241042024	46.61600203	3.446012986	2021	5	May	2	Monday	369.9754387	365.3072747	319.061018	3.588393193
5/4/2021	374.0515502	44886186026	5693940284	-3.710777266	44.88618603	5.693940284	2021	5	May	2	Tuesday	372.5616487	367.6606902	320.1484559	3.683018994
5/5/2021	353.2893302	42394719622	3933990447	-5.55063066	42.39471962	3.933990447	2021	5	May	2	Wednesday	371.3006364	368.6695389	320.899936	3.695956155
5/6/2021	366.8785007	44025420082	1937547658	3.84647068	44.02542008	1.937547658	2021	5	May	2	Thursday	370.4037375	369.6624185	321.6569109	3.678144237
5/7/2021	374.3153965	44917847576	2043214740	2.027073203	44.91784758	2.04321474	2021	5	May	2	Friday	372.6812964	370.3956836	322.6805105	3.608278813
5/8/2021	362.8582607	43542991282	4111464115	-3.060824077	43.54299128	4.111464115	2021	5	May	2	Saturday	370.875898	370.0832219	323.6489274	3.509021429
5/9/2021	352.2022106	42264265274	6017942216	-2.936697664	42.26426527	6.017942216	2021	5	May	2	Sunday	367.4374189	369.3025639	324.5702878	3.543779154
5/10/2021	370.2530879	44430370543	2976934999	5.125145924	44.43037054	2.976934999	2021	5	May	2	Monday	364.8354767	368.954802	325.7818995	3.664011649
5/11/2021	354.8015417	42576185002	5719895031	-4.173238977	42.576185	5.719895031	2021	5	May	2	Tuesday	362.0854755	368.3336433	326.7024644	3.726966402
5/12/2021	380.7710457	45692525480	5560390611	7.319445078	45.69252548	5.560390611	2021	5	May	2	Wednesday	366.0114348	368.667241	327.9135901	3.962682392
5/13/2021	369.1085521	44293026248	2645954352	-3.062862506	44.29302625	2.645954352	2021	5	May	2	Thursday	366.3300136	368.2348186	329.0057734	3.966301662
5/14/2021	380.5161102	45661933220	1568984655	3.090569977	45.66193322	1.568984655	2021	5	May	2	Friday	367.2158298	367.4817088	330.4369326	3.873405368
5/15/2021	377.3868048	45286416578	1912068219	-0.822384456	45.28641658	1.912068219	2021	5	May	2	Saturday	369.2913361	366.6266789	331.7412363	3.875462383
5/16/2021	388.4910021	46618920248	5473959680	2.942391495	46.61892025	5.47395968	2021	5	May	2	Sunday	374.4754492	366.3103596	333.2894785	3.909672891
5/17/2021	381.9777489	45837329872	2473399214	-1.676551863	45.83732987	2.473399214	2021	5	May	2	Monday	376.1504008	365.7053323	334.7394721	3.919924473
5/18/2021	381.3405212	45760862548	3411587184	-0.166823252	45.76086255	3.411587184	2021	5	May	2	Tuesday	379.9416836	364.6812419	336.1317256	3.877004665
5/19/2021	383.8135489	46057625871	4154577475	0.648509024	46.05762587	4.154577475	2021	5	May	2	Wednesday	380.3763269	364.4411862	337.3717172	3.765820565
5/20/2021	370.5106463	44461277553	5204467318	-3.46598047	44.46127755	5.204467318	2021	5	May	2	Thursday	380.5766261	364.8382445	338.5985734	3.492378097
5/21/2021	383.4899687	46018796247	2005855638	3.503090283	46.01879625	2.005855638	2021	5	May	2	Friday	381.001463	365.8663171	340.2810352	3.526276423
5/22/2021	377.4993543	45299922520	3568001676	-1.562130663	45.29992252	3.568001676	2021	5	May	2	Saturday	381.0175415	367.1957551	341.8603404	3.438115536
5/23/2021	375.8516566	45102198789	3978408537	-0.436476974	45.10219879	3.978408537	2021	5	May	2	Sunday	379.2119207	368.6386524	343.2071387	3.423057707
5/24/2021	362.9176963	43550123553	4132873961	-3.441240732	43.55012355	4.132873961	2021	5	May	2	Monday	376.4890561	369.6579407	344.2465727	3.495797015
5/25/2021	329.1205824	39494469885	5063320461	-9.312611164	39.49446989	5.063320461	2021	5	May	2	Tuesday	369.0290648	369.6928151	344.865167	3.908375586
5/26/2021	328.163055	39379566598	1992660548	-0.29093513	39.3795666	1.992660548	2021	5	May	2	Wednesday	361.0789942	368.9812081	345.5125327	3.713819126
5/27/2021	363.1183799	43574205591	5531299819	10.65181604	43.57420559	5.531299819	2021	5	May	2	Thursday	360.0229562	369.2202181	346.429451	4.193497772
5/28/2021	376.4604532	45175254383	5111372739	3.674304032	45.17525438	5.111372739	2021	5	May	2	Friday	359.0187397	369.6983526	347.5939942	4.233539447
5/29/2021	377.9375178	45352502134	4385790939	0.392355844	45.35250213	4.385790939	2021	5	May	2	Saturday	359.0813344	369.8577101	348.6967724	4.199885589
5/30/2021	375.7357146	45088285754	5137510074	-0.582583911	45.08828575	5.137510074	2021	5	May	2	Sunday	359.0647713	370.4364845	349.6912792	4.131186398
5/31/2021	377.8298504	45339582052	3601872911	0.557342765	45.33958205	3.601872911	2021	5	May	2	Monday	361.195079	370.5142778	350.5497887	4.042211613
6/1/2021	387.9881135	46558573619	2169988512	2.688581393	46.55857362	2.169988512	2021	6	Jun	2	Tuesday	369.6047263	370.9048295	351.1073601	4.069792976
6/2/2021	371.8070074	44616840891	4903026242	-4.170515927	44.61684089	4.903026242	2021	6	Jun	2	Wednesday	375.8395767	370.349507	351.4012906	4.102507936
6/3/2021	390.5544407	46866532886	4356744616	5.042248509	46.86653289	4.356744616	2021	6	Jun	2	Thursday	379.759014	370.8996033	351.956836	4.145328142
6/4/2021	403.7472862	48449674347	5170790335	3.377978621	48.44967435	5.170790335	2021	6	Jun	2	Friday	383.657133	372.5815352	352.6387965	4.035304353
6/5/2021	417.4271967	50091263601	3534432233	3.388235889	50.0912636	3.534432233	2021	6	Jun	2	Saturday	389.2985157	374.2664917	353.7102038	4.023144074
6/6/2021	426.7634505	51211614062	7109400562	2.236618485	51.21161406	7.109400562	2021	6	Jun	2	Sunday	396.5881922	376.0147602	354.9612304	4.026051601
6/7/2021	429.053865	51486463803	5173585611	0.536694158	51.4864638	5.173585611	2021	6	Jun	2	Monday	403.9059086	378.2212803	356.2728399	3.969016989
6/8/2021	442.770758	53132490955	2138492336	3.197009525	53.13249096	2.138492336	2021	6	Jun	2	Tuesday	411.7320006	381.2402319	357.7874067	3.936489927
6/9/2021	455.4415418	54652985010	4589565242	2.861702939	54.65298501	4.589565242	2021	6	Jun	2	Wednesday	423.6797913	384.079847	359.4006355	3.872706786
6/10/2021	451.0760182	54129122187	6536780382	-0.958525547	54.12912219	6.536780382	2021	6	Jun	2	Thursday	432.3257309	387.2889962	361.0562582	3.774592467
6/11/2021	442.8404423	53140853081	6658344161	-1.825762299	53.14085308	6.658344161	2021	6	Jun	2	Friday	437.9104675	389.3579761	362.4448019	3.60124022
6/12/2021	446.6562001	53598744010	4789136019	0.861655209	53.59874401	4.789136019	2021	6	Jun	2	Saturday	442.0860394	391.9428977	363.8540284	3.535511788
6/13/2021	477.3467291	57281607494	7868757724	6.871174971	57.28160749	7.868757724	2021	6	Jun	2	Sunday	449.3122221	395.170585	365.5838655	3.687832218
6/14/2021	456.3042603	54756511233	3401486112	-4.408214733	54.75651123	3.401486112	2021	6	Jun	2	Monday	453.2051357	397.8011669	367.104994	3.799454482
6/15/2021	432.216977	51866037244	4111516396	-5.278776758	51.86603724	4.111516396	2021	6	Jun	2	Tuesday	451.6974527	399.2586994	368.3147403	3.926819358
6/16/2021	437.0183022	52442196265	7228193354	1.110859922	52.44219627	7.228193354	2021	6	Jun	2	Wednesday	449.0655613	401.0933845	369.43487	3.908179546
6/17/2021	439.8596034	52783152412	7260365156	0.650156118	52.78315241	7.260365156	2021	6	Jun	2	Thursday	447.4632164	403.0440206	370.6922296	3.906050544
6/18/2021	444.8879449	53386553387	5994537563	1.143169643	53.38655339	5.994537563	2021	6	Jun	2	Friday	447.7557167	405.0798338	372.0786055	3.907522091
6/19/2021	451.2411984	54148943806	7206015039	1.428057011	54.14894381	7.206015039	2021	6	Jun	2	Saturday	448.4107165	407.7708522	373.5575758	3.83482605
6/20/2021	449.2069449	53904833387	2191381981	-0.45081289	53.90483339	2.191381981	2021	6	Jun	2	Sunday	444.3907473	409.961418	375.1793219	3.804060458
6/21/2021	478.8926229	57467114742	7689065308	6.608463715	57.46711474	7.689065308	2021	6	Jun	2	Monday	447.6176562	413.3411937	377.2202564	3.934302856
6/22/2021	451.1621987	54139463844	3707166696	-5.79053066	54.13946384	3.707166696	2021	6	Jun	2	Tuesday	450.3241165	415.8515451	378.9960145	4.113021912
6/23/2021	438.3695512	52604346142	2703851897	-2.835487448	52.60434614	2.703851897	2021	6	Jun	2	Wednesday	450.517152	418.3666069	380.4947456	4.093470268
6/24/2021	438.4720093	52616641122	3089879647	0.023372555	52.61664112	3.089879647	2021	6	Jun	2	Thursday	450.3189243	422.0116545	381.939108	3.634157801
6/25/2021	412.3700127	49484401526	3966482623	-5.952944789	49.48440153	3.966482623	2021	6	Jun	2	Friday	445.6735054	424.818553	383.0467064	3.84565214
6/26/2021	411.2610897	49351330767	2968139088	-0.268914555	49.35133077	2.968139088	2021	6	Jun	2	Saturday	439.9620613	426.42331	384.0008663	3.372064715
6/27/2021	441.429072	52971488639	3626857728	7.335481769	52.97148864	3.626857728	2021	6	Jun	2	Sunday	438.8509366	428.5889307	385.289283	3.553374755
6/28/2021	443.7103749	53245244993	2459792857	0.516799436	53.24524499	2.459792857	2021	6	Jun	2	Monday	433.8249012	430.7813592	386.5250018	3.553205161
6/29/2021	449.7573985	53970887816	3537317393	1.362831222	53.97088782	3.537317393	2021	6	Jun	2	Tuesday	433.6242155	433.2487487	387.8220606	3.548682789
6/30/2021	429.4902626	51538831507	5085545636	-4.506237357	51.53883151	5.085545636	2021	6	Jun	2	Wednesday	432.3557457	434.9707624	388.8331084	3.67210222
7/1/2021	420.8309099	50499709192	4192609327	-2.016193003	50.49970919	4.192609327	2021	7	Jul	3	Thursday	429.8355886	436.0655223	389.8137173	3.675570416
7/2/2021	416.3386508	49960638100	3577494009	-1.067473657	49.9606381	3.577494009	2021	7	Jul	3	Friday	430.4025369	437.5499104	391.0688974	3.5869631
7/3/2021	412.8380681	49540568175	5923776555	-0.84080176	49.54056818	5.923776555	2021	7	Jul	3	Saturday	430.6278196	438.292698	392.2843305	3.48606102
7/4/2021	436.4071312	52368855740	7186117047	5.709033361	52.36885574	7.186117047	2021	7	Jul	3	Sunday	429.9103994	439.3813595	393.5441445	3.582963908
7/5/2021	448.149595	53777951394	6497167427	2.690713086	53.77795139	6.497167427	2021	7	Jul	3	Monday	430.5445737	440.4054395	394.7781166	3.56459197
7/6/2021	430.4805505	51657666058	3607775750	-3.942666616	51.65766606	3.60777575	2021	7	Jul	3	Tuesday	427.7907383	440.5293428	395.6465955	3.626704936
7/7/2021	436.5859584	52390315007	6251896612	1.418277296	52.39031501	6.251896612	2021	7	Jul	3	Wednesday	428.8044091	440.7804126	396.3616383	3.633995612
7/8/2021	447.2540356	53670484273	2588936527	2.44352275	53.67048427	2.588936527	2021	7	Jul	3	Thursday	432.5791414	440.9298552	397.1575503	3.614558332
7/9/2021	470.095099	56411411882	2574512961	5.10695524	56.41141188	2.574512961	2021	7	Jul	3	Friday	440.258634	441.4183071	398.1509854	3.696114743
7/10/2021	502.878567	60345428043	4313204220	6.973794894	60.34542804	4.31320422	2021	7	Jul	3	Saturday	453.1215624	443.1450587	399.5892327	3.891093562
7/11/2021	484.8923378	58187080533	7385353551	-3.57665457	58.18708053	7.385353551	2021	7	Jul	3	Sunday	460.0480205	444.5467885	400.8573352	3.939018254
7/12/2021	471.3799307	56565591687	3369147875	-2.786681908	56.56559169	3.369147875	2021	7	Jul	3	Monday	463.3666399	445.3709129	401.8495431	3.979657267
7/13/2021	450.1240028	54014880342	2030441448	-4.509298443	54.01488034	2.030441448	2021	7	Jul	3	Tuesday	466.1728473	444.4634887	402.3719275	3.868152296
7/14/2021	447.7854234	53734250807	2461305108	-0.519541158	53.73425081	2.461305108	2021	7	Jul	3	Wednesday	467.7727709	444.1795275	402.8691244	3.783862379
7/15/2021	458.1105011	54973260134	7314159069	2.305809252	54.97326013	7.314159069	2021	7	Jul	3	Thursday	469.3236946	445.0426449	403.5372346	3.670264102
7/16/2021	478.538133	57424575956	6090105644	4.459105785	57.42457596	6.090105644	2021	7	Jul	3	Friday	470.5298423	446.4266393	404.408452	3.747170886
7/17/2021	479.0572816	57486873792	3471295412	0.108486365	57.48687379	3.471295412	2021	7	Jul	3	Saturday	467.1268015	447.7332286	405.1528303	3.7470813
7/18/2021	474.9164402	56989972822	5507254464	-0.86437292	56.98997282	5.507254464	2021	7	Jul	3	Sunday	465.7016733	448.7341784	406.0850661	3.750395345
7/19/2021	479.7725477	57572705726	5372083534	1.022518304	57.57270573	5.372083534	2021	7	Jul	3	Monday	466.9006185	449.6852234	407.43144	3.746863934
7/20/2021	465.9133898	55909606771	6074708341	-2.888693407	55.90960677	6.074708341	2021	7	Jul	3	Tuesday	469.1562452	450.2421049	408.6899467	3.789275002
7/21/2021	508.601656	61032198717	3538799861	9.16227504	61.03219872	3.538799861	2021	7	Jul	3	Wednesday	477.8442785	451.232406	410.5897849	3.963123166
7/22/2021	478.8718329	57464619946	7684649295	-5.845404304	57.46461995	7.684649295	2021	7	Jul	3	Thursday	480.810183	452.1560604	412.2154193	3.96603111
7/23/2021	484.3886166	58126633998	3901705401	1.15203764	58.126634	3.901705401	2021	7	Jul	3	Friday	481.6459664	453.6900293	413.904859	3.924834024
7/24/2021	527.3620393	63283444722	7169748400	8.871683029	63.28344472	7.1697484	2021	7	Jul	3	Saturday	488.5466461	456.6530303	416.1191666	4.216642505
7/25/2021	529.6442286	63557307434	2029699916	0.432755697	63.55730743	2.029699916	2021	7	Jul	3	Sunday	496.3649016	460.5621708	418.120644	4.025992702
7/26/2021	527.7596269	63331155224	4732031441	-0.355824089	63.33115522	4.732031441	2021	7	Jul	3	Monday	503.2201986	464.4454554	420.0296612	4.026904884
7/27/2021	522.3672532	62684070378	4526114469	-1.021748053	62.68407038	4.526114469	2021	7	Jul	3	Tuesday	511.2850362	467.1433948	421.810226	3.852490256
7/28/2021	520.6998974	62483987691	5949608552	-0.319192238	62.48398769	5.949608552	2021	7	Jul	3	Wednesday	513.0133564	469.7097122	423.4495939	3.856382549
7/29/2021	552.3033029	66276396352	2566775568	6.069408823	66.27639635	2.566775568	2021	7	Jul	3	Thursday	523.5035664	473.127909	425.6043807	3.981955574
7/30/2021	507.5643016	60907716194	7602243182	-8.100440661	60.90771619	7.602243182	2021	7	Jul	3	Friday	526.8143786	475.730377	427.0718058	4.194340997
7/31/2021	541.8300017	65019600203	3649790486	6.751006713	65.0196002	3.649790486	2021	7	Jul	3	Saturday	528.8812303	479.76368	428.9113439	4.306641163
8/1/2021	513.8732512	61664790144	6859871077	-5.159690384	61.66479014	6.859871077	2021	8	Aug	3	Sunday	526.6282336	483.0148334	430.3047503	4.435132522
8/2/2021	510.4457202	61253486422	7741549739	-0.666999305	61.25348642	7.741549739	2021	8	Aug	3	Monday	524.1548183	486.2684218	431.820241	4.433030742
8/3/2021	503.7496748	60449960973	5889351638	-1.311803614	60.44996097	5.889351638	2021	8	Aug	3	Tuesday	521.4951643	488.5131732	433.4920226	4.349694275
8/4/2021	517.7941518	62135298211	7388258825	2.787987305	62.13529821	7.388258825	2021	8	Aug	3	Wednesday	521.0800577	490.8346585	435.1688632	4.351365623
8/5/2021	487.6511336	58518136029	6403243895	-5.821428861	58.51813603	6.403243895	2021	8	Aug	3	Thursday	511.8440335	492.7403446	436.4281492	4.431383944
8/6/2021	498.7105991	59845271893	4348571442	2.267905225	59.84527189	4.348571442	2021	8	Aug	3	Friday	510.5792189	494.8111659	437.9376196	4.440091394
8/7/2021	542.9018447	65148221359	8277930059	8.86110013	65.14822136	8.277930059	2021	8	Aug	3	Saturday	510.7323393	497.9994262	440.0565044	4.682971041
8/8/2021	516.1116952	61933403418	4048225162	-4.934621197	61.93340342	4.048225162	2021	8	Aug	3	Sunday	511.052117	499.5333128	441.6771556	4.719745776
8/9/2021	522.0819502	62649834020	6173862359	1.156775766	62.64983402	6.173862359	2021	8	Aug	3	Monday	512.7144356	500.1734255	443.5358268	4.557845732
8/10/2021	510.4281766	61251381195	7316338363	-2.232173233	61.25138119	7.316338363	2021	8	Aug	3	Tuesday	513.6685073	501.0246202	444.9764616	4.525680563
8/11/2021	521.2249245	62546990943	4720715951	2.115233523	62.54699094	4.720715951	2021	8	Aug	3	Wednesday	514.1586177	502.6861199	446.6666435	4.499968857
8/12/2021	523.6562483	62838749800	4168227047	0.466463459	62.8387498	4.168227047	2021	8	Aug	3	Thursday	519.3022055	505.1371948	448.2570895	4.402182417
8/13/2021	512.3743653	61484923833	5233690249	-2.154444466	61.48492383	5.233690249	2021	8	Aug	3	Friday	521.2541721	507.2901595	449.7569513	4.426549935
8/14/2021	524.498058	62939766964	8066084815	2.366178634	62.93976696	8.066084815	2021	8	Aug	3	Saturday	518.6250597	509.5030781	451.2681408	4.427392213
8/15/2021	565.9347126	67912165518	9615725049	7.900249387	67.91216552	9.615725049	2021	8	Aug	3	Sunday	525.7426337	512.4162974	453.3121071	4.574409632
8/16/2021	563.7988114	67655857374	6455045998	-0.377411237	67.65585737	6.455045998	2021	8	Aug	3	Monday	531.7021853	515.2410151	455.3394214	4.577290869
8/17/2021	582.5031309	69900375709	7645419624	3.317552127	69.90037571	7.645419624	2021	8	Aug	3	Tuesday	541.9986073	518.8272381	457.5470834	4.593410948
8/18/2021	555.2632541	66631590496	9221334687	-4.676348559	66.6315905	9.221334687	2021	8	Aug	3	Wednesday	546.8612258	521.343595	459.5998902	4.699801624
8/19/2021	536.4726239	64376714873	2692596153	-3.384093951	64.37671487	2.692596153	2021	8	Aug	3	Thursday	548.6921366	523.6955695	461.2996975	4.713310462
8/20/2021	548.8002052	65856024629	3809733444	2.297895689	65.85602463	3.809733444	2021	8	Aug	3	Friday	553.8958281	525.0355211	463.2030402	4.440917293
8/21/2021	584.591792	70151015037	8072137051	6.521788146	70.15101504	8.072137051	2021	8	Aug	3	Saturday	562.4806472	528.5595197	465.5223751	4.420092855
8/22/2021	595.2283815	71427405777	9203373766	1.819490053	71.42740578	9.203373766	2021	8	Aug	3	Sunday	566.665457	532.2541786	468.1036049	4.423809014
8/23/2021	590.0585735	70807028821	9406252358	-0.868541913	70.80702882	9.406252358	2021	8	Aug	3	Monday	570.4168516	534.344063	471.0029159	4.159198839
8/24/2021	592.283033	71073963966	5672616423	0.376989614	71.07396397	5.672616423	2021	8	Aug	3	Tuesday	571.8139805	536.4320232	473.9375824	4.15922308
8/25/2021	565.5234093	67862809116	2763427082	-4.518046652	67.86280912	2.763427082	2021	8	Aug	3	Wednesday	573.2797169	537.6908159	476.1865271	4.255554988
8/26/2021	581.5564016	69786768197	5759765583	2.835071382	69.7867682	5.759765583	2021	8	Aug	3	Thursday	579.7202566	539.6637875	478.465371	4.271922791
8/27/2021	604.7222473	72566669677	4186236985	3.983422004	72.56666968	4.186236985	2021	8	Aug	3	Friday	587.7091198	542.4645325	480.9852013	4.317324671
8/28/2021	596.1223776	71534685314	4645718172	-1.422118953	71.53468531	4.645718172	2021	8	Aug	3	Saturday	589.3563463	543.9251684	483.433942	4.204626581
8/29/2021	587.2185262	70466223138	8644240052	-1.49362812	70.46622314	8.644240052	2021	8	Aug	3	Sunday	588.2120812	546.5803092	485.7604829	3.910001127
8/30/2021	595.7239177	71486870121	2792509502	1.448420161	71.48687012	2.792509502	2021	8	Aug	3	Monday	589.0214161	548.376773	488.0686585	3.736492745
8/31/2021	587.5998611	70511983333	9117886662	-1.363728453	70.51198333	9.117886662	2021	8	Aug	3	Tuesday	588.3523915	550.8343267	490.4663568	3.604243038
9/1/2021	588.2376848	70588522172	5740279115	0.108547278	70.58852217	5.740279115	2021	9	Sep	3	Wednesday	591.597288	553.4273922	492.6628373	3.59828697
9/2/2021	642.1633552	77059602619	7823682038	9.16732671	77.05960262	7.823682038	2021	9	Sep	3	Thursday	600.2554243	558.0411815	495.3119048	3.908048877
9/3/2021	638.2161712	76585940547	3121510271	-0.614669756	76.58594055	3.121510271	2021	9	Sep	3	Friday	605.0402705	562.0552489	497.7651156	3.900285835
9/4/2021	631.4706441	75776477297	5340960224	-1.05693453	75.7764773	5.340960224	2021	9	Sep	3	Saturday	610.0900229	566.8492325	500.03964	3.715174477
9/5/2021	617.6058542	74112702501	3021138378	-2.195634918	74.1127025	3.021138378	2021	9	Sep	3	Sunday	614.4310697	570.8124077	502.1346621	3.748989191
9/6/2021	638.6212639	76634551663	11141533203	3.402721905	76.63455166	11.1415332	2021	9	Sep	3	Monday	620.5592621	574.003055	504.3107788	3.46505846
9/7/2021	636.3500445	76362005334	9688154365	-0.355644188	76.36200533	9.688154365	2021	9	Sep	3	Tuesday	627.523574	578.011	506.3208733	3.310261587
9/8/2021	622.3190257	74678283089	6359298686	-2.204921463	74.67828309	6.359298686	2021	9	Sep	3	Wednesday	632.392337	581.3522358	508.2235734	3.35272592
9/9/2021	658.5081235	79020974818	4490944205	5.815200283	79.02097482	4.490944205	2021	9	Sep	3	Thursday	634.7273039	586.2882341	510.6198809	3.435876503
9/10/2021	699.5418983	83945027792	11921420604	6.231324006	83.94502779	11.9214206	2021	9	Sep	3	Friday	643.488122	592.2321332	513.429722	3.56546318
9/11/2021	685.443708	82253244957	5868899933	-2.015346089	82.25324496	5.868899933	2021	9	Sep	3	Saturday	651.1985597	597.6250485	515.7419107	3.607906655
9/12/2021	638.4576624	76614919491	3778504697	-6.854836511	76.61491949	3.778504697	2021	9	Sep	3	Sunday	654.1773895	601.8278251	517.7658374	3.842397698
9/13/2021	667.1397152	80056765818	7811917322	4.492396978	80.05676582	7.811917322	2021	9	Sep	3	Monday	658.2514539	606.582547	520.37609	3.891457478
9/14/2021	651.4827428	78177929139	11199214631	-2.346880567	78.17792914	11.19921463	2021	9	Sep	3	Tuesday	660.413268	609.434148	522.7590282	3.698701931
9/15/2021	674.860233	80983227965	2466719554	3.588351415	80.98322797	2.466719554	2021	9	Sep	3	Wednesday	667.9191547	613.1361954	525.3701463	3.735628013
9/16/2021	625.9836377	75118036529	4400037577	-7.242476724	75.11803653	4.400037577	2021	9	Sep	3	Thursday	663.2727996	614.5855456	527.3823207	3.967660323
9/17/2021	651.0875014	78130500168	11142481028	4.010306683	78.13050017	11.14248103	2021	9	Sep	3	Friday	656.3507429	617.7796872	529.6028352	3.907285227
9/18/2021	622.5389888	74704678658	3774851021	-4.384742838	74.70467866	3.774851021	2021	9	Sep	3	Saturday	647.3643545	620.648566	531.5287468	3.946589657
9/19/2021	643.3179792	77198157501	3365007023	3.337781365	77.1981575	3.365007023	2021	9	Sep	3	Sunday	648.0586855	623.7991585	533.3556952	3.966785533
9/20/2021	646.0039364	77520472371	7629756048	0.417516272	77.52047237	7.629756048	2021	9	Sep	3	Monday	645.0392885	625.84623	535.5206034	3.806218517
9/21/2021	624.0539664	74886475971	9991447891	-3.397807468	74.88647597	9.991447891	2021	9	Sep	3	Tuesday	641.1208919	626.8070828	537.5837636	3.858114474
9/22/2021	616.1790216	73941482593	6451629351	-1.261901253	73.94148259	6.451629351	2021	9	Sep	3	Wednesday	632.7378617	627.6777644	539.5582859	3.862640017
9/23/2021	635.5976725	76271720704	11391006886	3.151462521	76.2717207	11.39100689	2021	9	Sep	3	Thursday	634.1112952	629.1215857	542.0385932	3.899659407
9/24/2021	640.577702	76869324237	8570976077	0.783519144	76.86932424	8.570976077	2021	9	Sep	3	Friday	632.6098953	631.6233955	544.5865556	3.792025255
9/25/2021	658.0686407	78968236890	3070994885	2.730494477	78.96823689	3.070994885	2021	9	Sep	3	Saturday	637.6855598	634.1738034	546.9936619	3.789838229
9/26/2021	714.7426968	85769123615	12791594728	8.612180028	85.76912362	12.79159473	2021	9	Sep	3	Sunday	647.8890909	637.8411518	550.0051322	4.02427889
9/27/2021	673.7790111	80853481331	6383164727	-5.731249285	80.85348133	6.383164727	2021	9	Sep	3	Monday	651.8569587	640.4297062	552.4942612	4.174382699
9/28/2021	721.3564753	86562777034	5582286686	7.061286179	86.56277703	5.582286686	2021	9	Sep	3	Tuesday	665.7573171	644.9009712	555.7372191	4.323560662
9/29/2021	726.9400201	87232802412	8456827823	0.774034061	87.23280241	8.456827823	2021	9	Sep	3	Wednesday	681.5803169	649.2748413	559.1384314	4.321706092
9/30/2021	703.7495167	84449942004	5617349278	-3.190153625	84.449942	5.617349278	2021	9	Sep	3	Thursday	691.3162947	653.1464965	562.3318855	4.365231478
10/1/2021	669.6354416	80356252995	3244375748	-4.847474033	80.356253	3.244375748	2021	10	Oct	4	Friday	695.4674003	655.859755	565.1851897	4.480425966
10/2/2021	666.9304578	80031654936	2414667167	-0.403948724	80.03165494	2.414667167	2021	10	Oct	4	Saturday	696.7333742	656.6853251	567.74656	4.174436513
10/3/2021	694.4100327	83329203926	6995486865	4.120305888	83.32920393	6.995486865	2021	10	Oct	4	Sunday	693.8287079	658.5584538	570.482787	4.231301735
10/4/2021	693.3016497	83196197969	10850748533	-0.159615058	83.19619797	10.85074853	2021	10	Oct	4	Monday	696.6176563	660.6194873	573.4030215	4.224047253
10/5/2021	739.0825832	88689909988	8751727175	6.603321009	88.68990999	8.751727175	2021	10	Oct	4	Tuesday	699.1499574	664.6687116	576.7640951	4.341600004
10/6/2021	699.8420685	83981048223	12589168610	-5.309354543	83.98104822	12.58916861	2021	10	Oct	4	Wednesday	695.2788215	666.7094051	579.5706288	4.444132356
10/7/2021	701.946364	84233563675	5426460733	0.300681472	84.23356367	5.426460733	2021	10	Oct	4	Thursday	695.0212282	668.8959491	582.146754	4.441895196
10/8/2021	669.9753735	80397044819	5117642354	-4.55462014	80.39704482	5.117642354	2021	10	Oct	4	Friday	695.0697899	670.484494	584.0033851	4.510017959
10/9/2021	682.1569712	81858836540	4024993691	1.818215737	81.85883654	4.024993691	2021	10	Oct	4	Saturday	697.2450061	671.272789	586.1952144	4.400536594
10/10/2021	709.2462241	85109546892	4228891726	3.971117217	85.10954689	4.228891726	2021	10	Oct	4	Sunday	699.364462	671.5962665	588.8381732	4.312376976
10/11/2021	699.827352	83979282243	5393350344	-1.328011592	83.97928224	5.393350344	2021	10	Oct	4	Monday	700.2967052	672.0757213	591.6126549	4.302368608
10/12/2021	632.7785085	75933421024	9502369466	-9.580769214	75.93342102	9.502369466	2021	10	Oct	4	Tuesday	685.1104088	671.8864162	593.6681336	4.480688714
10/13/2021	640.0381016	76804572188	10652088703	1.147256574	76.80457219	10.6520887	2021	10	Oct	4	Wednesday	676.566985	670.983029	595.6895514	4.407813324
10/14/2021	653.5640865	78427690381	11529690868	2.113309333	78.42769038	11.52969087	2021	10	Oct	4	Thursday	669.6552311	671.0524072	597.6342842	4.402666596
10/15/2021	666.5064214	79980770571	4628867781	1.980270212	79.98077057	4.628867781	2021	10	Oct	4	Friday	669.1596665	670.7739468	599.7170524	4.368450051
10/16/2021	702.6876792	84322521499	11447263393	5.428493494	84.3225215	11.44726339	2021	10	Oct	4	Saturday	672.0926248	673.3307482	602.247844	4.249863829
10/17/2021	675.5289018	81063468216	5625043566	-3.864985563	81.06346822	5.625043566	2021	10	Oct	4	Sunday	667.2758644	674.1454615	604.4229146	4.267069872
10/18/2021	696.5393458	83584721496	3639351103	3.11022133	83.5847215	3.639351103	2021	10	Oct	4	Monday	666.8061493	676.6121401	606.9854252	4.207700326
10/19/2021	733.0679787	87968157440	11823183478	5.244302865	87.96815744	11.82318348	2021	10	Oct	4	Tuesday	681.1332164	679.6038067	609.4794954	4.266631851
10/20/2021	685.0576374	82206916492	8741281429	-6.549234536	82.20691649	8.741281429	2021	10	Oct	4	Wednesday	687.5645787	680.9055968	611.7704488	4.457965102
10/21/2021	696.2378272	83548539259	4158019266	1.632007165	83.54853926	4.158019266	2021	10	Oct	4	Thursday	693.6608273	683.3117254	614.1243289	4.408705991
10/22/2021	684.6588021	82159056253	6702515343	-1.663084739	82.15905625	6.702515343	2021	10	Oct	4	Friday	696.2540246	685.5943848	615.8720707	4.414713557
10/23/2021	684.7477206	82169726468	5297558140	0.012987266	82.16972647	5.29755814	2021	10	Oct	4	Saturday	693.6911734	687.2327197	617.5954429	4.385497244
10/24/2021	696.6914345	83602972145	9899875061	1.74425027	83.60297214	9.899875061	2021	10	Oct	4	Sunday	696.7143923	689.1031775	619.472463	4.392334623
10/25/2021	685.5578312	82266939749	6944148080	-1.59806806	82.26693975	6.94414808	2021	10	Oct	4	Monday	695.1456045	690.0194838	621.2856916	4.383344582
10/26/2021	669.5315453	80343785440	11948213041	-2.337700072	80.34378544	11.94821304	2021	10	Oct	4	Tuesday	686.0689712	688.5124454	622.9393766	4.10856314
10/27/2021	672.7087707	80725052487	2952066563	0.47454454	80.72505249	2.952066563	2021	10	Oct	4	Wednesday	684.3048474	688.4767708	624.2772151	3.971019235
10/28/2021	646.2492048	77549904572	5630265138	-3.933286901	77.54990457	5.630265138	2021	10	Oct	4	Thursday	677.1636156	685.9731951	625.8181585	3.807687471
10/29/2021	620.8621965	74503463582	6543491693	-3.92836201	74.50346358	6.543491693	2021	10	Oct	4	Friday	668.0498148	682.4372676	626.696294	3.858617784
10/30/2021	640.1070974	76812851689	6942040325	3.0997057	76.81285169	6.942040325	2021	10	Oct	4	Saturday	661.6725829	680.3158537	628.0988923	3.875529324
10/31/2021	613.4076013	73608912153	4998950428	-4.17109828	73.60891215	4.998950428	2021	10	Oct	4	Sunday	649.7748925	678.4415923	629.2429132	3.849693941
11/1/2021	632.0841641	75850099690	8913056462	3.044723079	75.85009969	8.913056462	2021	11	Nov	4	Monday	642.1357972	677.2800492	630.6688519	3.895213512
11/2/2021	646.0398285	77524779418	10463492253	2.207880721	77.52477942	10.46349225	2021	11	Nov	4	Tuesday	638.7798376	675.667709	632.0938039	3.838931649
11/3/2021	604.9576135	72594913625	10355397006	-6.359083934	72.59491362	10.35539701	2021	11	Nov	4	Wednesday	629.1011009	672.7229078	633.3972092	4.001856465
11/4/2021	590.7423131	70889077566	8975351547	-2.349801071	70.88907757	8.975351547	2021	11	Nov	4	Thursday	621.1715449	667.7782322	634.4197838	3.79184737
11/5/2021	621.7033101	74604397218	9852974665	5.241032581	74.60439722	9.852974665	2021	11	Nov	4	Friday	621.291704	665.1736069	635.2953557	3.836036033
11/6/2021	599.7600785	71971209421	6913945618	-3.52953431	71.97120942	6.913945618	2021	11	Nov	4	Saturday	615.5278442	661.7673974	636.2247822	3.878120852
11/7/2021	590.6723936	70880687230	9151163625	-1.515220044	70.88068723	9.151163625	2021	11	Nov	4	Sunday	612.2799573	659.1239647	636.9868982	3.806206725
11/8/2021	603.6814522	72441774263	4811616629	2.202415205	72.44177426	4.811616629	2021	11	Nov	4	Monday	608.2224271	656.5081141	638.0230457	3.814383997
11/9/2021	624.9550205	74994602455	5835888836	3.523972483	74.99460245	5.835888836	2021	11	Nov	4	Tuesday	605.2103116	653.6984073	639.1756023	3.797814619
11/10/2021	618.2036562	74184438743	5046734850	-1.080296029	74.18443874	5.04673485	2021	11	Nov	4	Wednesday	607.1026034	650.9776174	640.2261291	3.795883773
11/11/2021	603.1187499	72374249985	6230444442	-2.440119233	72.37424999	6.230444442	2021	11	Nov	4	Thursday	608.8706659	649.9889588	641.2344	3.399785152
11/12/2021	637.9131965	76549583575	4919807591	5.769087197	76.54958358	4.919807591	2021	11	Nov	4	Friday	611.1863639	649.9181286	642.4945682	3.559401293
11/13/2021	683.3097357	81997168280	11921844878	7.116413245	81.99716828	11.92184488	2021	11	Nov	4	Saturday	623.1220292	650.9096503	643.7987351	3.770348288
11/14/2021	710.0172991	85202075886	5754663685	3.908558885	85.20207589	5.754663685	2021	11	Nov	4	Sunday	640.1713014	652.3600129	645.423385	3.817584041
11/15/2021	711.8630372	85423564460	3567744604	0.259956781	85.42356446	3.567744604	2021	11	Nov	4	Monday	655.6258136	652.6658581	646.8607173	3.691843191
11/16/2021	688.6513115	82638157378	7703368707	-3.260701071	82.63815738	7.703368707	2021	11	Nov	4	Tuesday	664.7252837	653.1032718	648.3428068	3.671002598
11/17/2021	665.6034901	79872418807	2943449545	-3.346805712	79.87241881	2.943449545	2021	11	Nov	4	Wednesday	671.4966885	652.0720766	649.7775942	3.67947756
11/18/2021	679.0998781	81491985375	3525765412	2.027691902	81.49198537	3.525765412	2021	11	Nov	4	Thursday	682.3511354	650.2731399	651.2253684	3.563844579
11/19/2021	689.988075	82798568998	4663772367	1.60332776	82.798569	4.663772367	2021	11	Nov	4	Friday	689.7904038	650.4374878	652.3964382	3.367912246
11/20/2021	729.1686703	87500240440	7500698235	5.678445291	87.50024044	7.500698235	2021	11	Nov	4	Saturday	696.3416802	651.5351826	653.8846636	3.510291578
11/21/2021	747.7633369	89731600424	7357103958	2.550118688	89.73160042	7.357103958	2021	11	Nov	4	Sunday	701.7339713	653.6386671	655.6369388	3.516903348
11/22/2021	703.5390579	84424686942	10634388820	-5.914207989	84.42468694	10.63438882	2021	11	Nov	4	Monday	700.5448314	654.265045	656.8731168	3.698512239
11/23/2021	733.1556168	87978674015	10446320162	4.209653836	87.97867401	10.44632016	2021	11	Nov	4	Tuesday	706.9025893	655.4805177	658.7356969	3.761861542
11/24/2021	703.8665883	84463990591	6854945042	-3.99492657	84.46399059	6.854945042	2021	11	Nov	4	Wednesday	712.3687462	656.0908096	660.094699	3.827097601
11/25/2021	692.549588	83105950560	5821115162	-1.607833139	83.10595056	5.821115162	2021	11	Nov	4	Thursday	714.2901333	656.8580777	661.0705583	3.812975574
11/26/2021	698.9185993	83870231911	5701184195	0.919646964	83.87023191	5.701184195	2021	11	Nov	4	Friday	715.5659225	657.7317387	662.2127386	3.815015058
11/27/2021	756.3498027	90761976325	11152778144	8.21715197	90.76197632	11.15277814	2021	11	Nov	4	Saturday	719.4489414	661.4017586	664.091975	4.001728169
11/28/2021	855.8030328	1.02696E+11	3722608532	13.14910504	102.6963639	3.722608532	2021	11	Nov	4	Sunday	734.8831837	669.2331198	666.9817429	4.516485307
11/29/2021	876.0693344	1.05128E+11	3315599821	2.368103509	105.1283201	3.315599821	2021	11	Nov	4	Monday	759.530366	677.0985277	670.1869593	4.507684179
11/30/2021	868.9190412	1.0427E+11	13082305400	-0.816178917	104.2702849	13.0823054	2021	11	Nov	4	Tuesday	778.9251409	685.6155757	673.305641	4.411779112
12/1/2021	886.9239815	1.06431E+11	9286899249	2.072107928	106.4308778	9.286899249	2021	12	Dec	4	Wednesday	805.0761971	694.1102363	676.0252035	4.401769525
12/2/2021	918.1778222	1.10181E+11	5035919246	3.523846613	110.1813387	5.035919246	2021	12	Dec	4	Thursday	837.308802	703.1815028	679.1358885	4.418407143
12/3/2021	905.6803581	1.08682E+11	6332652425	-1.36111588	108.681643	6.332652425	2021	12	Dec	4	Friday	866.8461961	713.2055942	682.1826631	4.210110501
12/4/2021	972.2504387	1.1667E+11	16555535816	7.350284242	116.6700526	16.55553582	2021	12	Dec	4	Saturday	897.6891441	725.9225318	686.1231585	4.281103532
12/5/2021	980.3711652	1.17645E+11	15663236040	0.835250481	117.6445398	15.66323604	2021	12	Dec	4	Sunday	915.4845916	737.8781269	689.9203796	4.232897285
12/6/2021	999.1974321	1.19904E+11	13809812508	1.920320339	119.9036918	13.80981251	2021	12	Dec	4	Monday	933.0743199	751.1927054	693.9520173	4.11998357
12/7/2021	1025.255584	1.23031E+11	10810339289	2.607908218	123.0306701	10.81033929	2021	12	Dec	4	Tuesday	955.4081117	765.6788117	698.4290902	4.074247557
12/8/2021	1041.75799	1.25011E+11	11555867411	1.609589471	125.0109588	11.55586741	2021	12	Dec	4	Wednesday	977.5272558	780.281363	702.687422	4.074333638
12/9/2021	1076.341666	1.29161E+11	18990457128	3.319741904	129.161	18.99045713	2021	12	Dec	4	Thursday	1000.122091	795.3275845	706.8740861	4.071719357
12/10/2021	1049.144288	1.25897E+11	18367468073	-2.526835095	125.8973145	18.36746807	2021	12	Dec	4	Friday	1020.616938	809.6922722	710.9152037	4.116626227
12/11/2021	1025.044698	1.23005E+11	6867670585	-2.297071056	123.0053637	6.867670585	2021	12	Dec	4	Saturday	1028.158975	823.7564705	715.2106152	4.11155548
12/12/2021	980.0220865	1.17603E+11	14974645119	-4.392258347	117.6026504	14.97464512	2021	12	Dec	4	Sunday	1028.109106	835.1601002	718.6870859	4.196349688
12/13/2021	996.4921695	1.19579E+11	6417702932	1.680582847	119.5790603	6.417702932	2021	12	Dec	4	Monday	1027.72264	845.5995146	722.520524	4.061760393
12/14/2021	1027.086257	1.2325E+11	6855738813	3.070178409	123.2503508	6.855738813	2021	12	Dec	4	Tuesday	1027.984165	856.1684799	726.4341465	4.046355722
12/15/2021	1045.103163	1.25412E+11	13937223734	1.75417653	125.4123796	13.93722373	2021	12	Dec	4	Wednesday	1028.462047	867.2764841	731.0910301	4.042113117
12/16/2021	1116.468267	1.33976E+11	10530546357	6.82852244	133.976192	10.53054636	2021	12	Dec	4	Thursday	1034.194418	881.5370493	736.2619275	4.063640431
12/17/2021	1115.182299	1.33822E+11	18973978680	-0.115181781	133.8218759	18.97397868	2021	12	Dec	4	Friday	1043.62842	896.5230096	741.7357421	3.966889939
12/18/2021	1144.348165	1.37322E+11	5586410421	2.615345154	137.3217798	5.586410421	2021	12	Dec	4	Saturday	1060.671772	912.0312858	747.3027441	3.96945713
12/19/2021	1094.427114	1.31331E+11	12001454054	-4.362400598	131.3312537	12.00145405	2021	12	Dec	4	Sunday	1077.015348	925.5125871	752.2852239	4.127420659
12/20/2021	1076.599206	1.29192E+11	18115622672	-1.628971679	129.1919048	18.11562267	2021	12	Dec	4	Monday	1088.45921	937.093605	757.3135043	4.095748919
12/21/2021	1105.928291	1.32711E+11	18379684060	2.724234323	132.711395	18.37968406	2021	12	Dec	4	Tuesday	1099.722358	949.0324368	762.7551629	4.097578138
12/22/2021	1143.05183	1.37166E+11	6691449042	3.356776262	137.1662196	6.691449042	2021	12	Dec	4	Wednesday	1113.715025	963.6828625	768.3935424	3.870888895
12/23/2021	1128.615693	1.35434E+11	10021636585	-1.26294684	135.4338831	10.02163659	2021	12	Dec	4	Thursday	1115.450371	976.8648651	773.8161868	3.877534229
12/24/2021	1124.313724	1.34918E+11	14071177695	-0.381172179	134.9176469	14.07117769	2021	12	Dec	4	Friday	1116.75486	990.8797696	778.9966877	3.754528002
12/25/2021	1057.067973	1.26848E+11	6231718380	-5.98104869	126.8481567	6.23171838	2021	12	Dec	4	Saturday	1104.286262	1003.030382	782.8003019	3.963992743
12/26/2021	1041.076355	1.24929E+11	18259978797	-1.512827745	124.9291626	18.2599788	2021	12	Dec	4	Sunday	1096.664725	1014.435641	786.8813835	4.000836975
12/27/2021	1077.780563	1.29334E+11	18076956293	3.525601909	129.3336675	18.07695629	2021	12	Dec	4	Monday	1096.83349	1025.15	790.8416511	3.81295144
12/28/2021	1101.796081	1.32216E+11	6615274653	2.228238171	132.2155297	6.615274653	2021	12	Dec	4	Tuesday	1096.243174	1033.349768	795.0067184	3.091359144
12/29/2021	1122.989071	1.34759E+11	6001970782	1.923494766	134.7586885	6.001970782	2021	12	Dec	4	Wednesday	1093.377065	1041.580426	799.6649357	3.085096749
12/30/2021	1124.126906	1.34895E+11	5429400481	0.101322044	134.8952287	5.429400481	2021	12	Dec	4	Thursday	1092.73581	1050.087355	804.7148409	3.072254638
12/31/2021	1123.340703	1.34801E+11	18755283750	-0.069939017	134.8008843	18.75528375	2021	12	Dec	4	Friday	1092.596807	1057.967912	809.7860658	3.069145321
1/1/2022	1092.980177	1.31158E+11	6982157233	-2.702699722	131.1576212	6.982157233	2022	1	Jan	1	Saturday	1097.727122	1063.794657	814.214623	3.091573627
1/2/2022	1122.851193	1.34742E+11	10773199111	2.732987962	134.7421432	10.77319911	2022	1	Jan	1	Sunday	1109.409242	1071.033685	818.9873957	3.091077257
1/3/2022	1140.784357	1.36894E+11	11480237361	1.597109522	136.8941228	11.48023736	2022	1	Jan	1	Monday	1118.409784	1076.651482	823.4507487	2.836411028
1/4/2022	1162.297685	1.39476E+11	14209971431	1.88583658	139.4757223	14.20997143	2022	1	Jan	1	Tuesday	1127.05287	1082.7157	828.5891445	2.846225627
1/5/2022	1136.95702	1.36435E+11	5267509311	-2.180221611	136.4348424	5.267509311	2022	1	Jan	1	Wednesday	1129.048292	1087.307686	833.4225962	2.879313123
1/6/2022	1042.076834	1.25049E+11	7154195191	-8.345098777	125.0492201	7.154195191	2022	1	Jan	1	Thursday	1117.326853	1087.868394	837.5570569	3.267363957
1/7/2022	1087.728672	1.30527E+11	18506029961	4.380851464	130.5274406	18.50602996	2022	1	Jan	1	Friday	1112.23942	1089.40075	842.0634091	3.349468015
1/8/2022	1066.011525	1.27921E+11	17782250764	-1.996559188	127.921383	17.78225076	2022	1	Jan	1	Saturday	1108.386755	1089.056412	846.027468	3.319156468
1/9/2022	1028.801922	1.23456E+11	15278310722	-3.490544184	123.4562306	15.27831072	2022	1	Jan	1	Sunday	1094.951145	1088.378333	849.682741	3.349199584
1/10/2022	1056.658799	1.26799E+11	4099178833	2.70770075	126.7990559	4.099178833	2022	1	Jan	1	Monday	1082.933208	1089.432137	854.392522	3.356012832
1/11/2022	1039.152009	1.24698E+11	8634207498	-1.656806331	124.6982411	8.634207498	2022	1	Jan	1	Tuesday	1065.340969	1091.403134	858.827121	3.264067745
1/12/2022	1083.040109	1.29965E+11	13692449157	4.223453316	129.9648131	13.69244916	2022	1	Jan	1	Wednesday	1057.638553	1094.288065	863.5990768	3.334814716
1/13/2022	1108.95447	1.33075E+11	8386733271	2.392742418	133.0745363	8.386733271	2022	1	Jan	1	Thursday	1067.192501	1097.017006	868.5151662	3.317887012
1/14/2022	1138.511478	1.36621E+11	19010919777	2.665304076	136.6213774	19.01091978	2022	1	Jan	1	Friday	1074.447188	1100.130616	873.3576529	3.335687282
1/15/2022	1076.85048	1.29222E+11	13706161791	-5.415931204	129.2220576	13.70616179	2022	1	Jan	1	Saturday	1075.99561	1098.810023	877.8167815	3.262706081
1/16/2022	1129.156884	1.35499E+11	5234157877	4.857350708	135.4988261	5.234157877	2022	1	Jan	1	Sunday	1090.332033	1099.275843	882.623643	3.384270801
1/17/2022	1139.819564	1.36778E+11	19023224324	0.944304532	136.7783477	19.02322432	2022	1	Jan	1	Monday	1102.212142	1099.12489	887.1431051	3.35502978
1/18/2022	1121.922114	1.34631E+11	19512289766	-1.570200246	134.6306537	19.51228977	2022	1	Jan	1	Tuesday	1114.036443	1100.04139	891.9971548	3.266185476
1/19/2022	1127.180288	1.35262E+11	5319230083	0.468675437	135.2616345	5.319230083	2022	1	Jan	1	Wednesday	1120.342182	1101.727426	896.7854044	3.249529432
1/20/2022	1048.757154	1.25851E+11	11815284861	-6.95746144	125.8508584	11.81528486	2022	1	Jan	1	Thursday	1111.742566	1099.821721	900.8309416	3.464368388
1/21/2022	1064.902941	1.27788E+11	8485621219	1.539516251	127.7883529	8.485621219	2022	1	Jan	1	Friday	1101.227061	1097.216758	905.0548885	3.417085949
1/22/2022	1020.850659	1.22502E+11	9449894809	-4.13674144	122.5020791	9.449894809	2022	1	Jan	1	Saturday	1093.227086	1093.62459	908.6566577	3.488084799
1/23/2022	966.0425521	1.15925E+11	5976883571	-5.368866317	115.9251063	5.976883571	2022	1	Jan	1	Sunday	1069.925039	1088.348885	911.7731546	3.610097684
1/24/2022	907.9890775	1.08959E+11	10827078106	-6.009411743	108.9586893	10.82707811	2022	1	Jan	1	Monday	1036.806398	1083.379588	914.4226827	3.611602154
1/25/2022	948.2843247	1.13794E+11	16495313548	4.437855938	113.794119	16.49531355	2022	1	Jan	1	Tuesday	1012.000999	1080.28652	917.4846333	3.712718114
1/26/2022	923.7061275	1.10845E+11	10016895965	-2.591859487	110.8447353	10.01689596	2022	1	Jan	1	Wednesday	982.9332622	1075.150706	920.567488	3.666305547
1/27/2022	981.074936	1.17729E+11	4703243784	6.210720791	117.7289923	4.703243784	2022	1	Jan	1	Thursday	973.264374	1071.126668	924.5698518	3.834735077
1/28/2022	959.2177886	1.15106E+11	12017098875	-2.22787746	115.1061346	12.01709888	2022	1	Jan	1	Friday	958.1664951	1065.667625	928.1155261	3.826098307
1/29/2022	894.9078753	1.07389E+11	7606010965	-6.704412087	107.388945	7.606010965	2022	1	Jan	1	Saturday	940.1746688	1058.026991	931.243307	3.990366867
1/30/2022	854.8724875	1.02585E+11	13614120257	-4.473688173	102.5846985	13.61412026	2022	1	Jan	1	Sunday	924.293231	1049.07805	933.7187328	4.047762572
1/31/2022	897.1946611	1.07663E+11	8845769941	4.950700157	107.6633593	8.845769941	2022	1	Jan	1	Monday	922.7511715	1042.551866	936.509342	4.164897967
2/1/2022	890.6223802	1.06875E+11	5679401279	-0.732536776	106.8746856	5.679401279	2022	2	Feb	1	Tuesday	914.5137509	1034.810906	939.683395	4.117892726
2/2/2022	870.3262475	1.04439E+11	5528243540	-2.278870725	104.4391497	5.52824354	2022	2	Feb	1	Wednesday	906.8880538	1025.795636	942.7898832	4.104555458
2/3/2022	874.929637	1.04992E+11	12835396437	0.528926877	104.9915564	12.83539644	2022	2	Feb	1	Thursday	891.7244396	1016.216701	945.603509	4.081168446
2/4/2022	891.6599621	1.06999E+11	6620094984	1.912190919	106.9991954	6.620094984	2022	2	Feb	1	Friday	882.0733215	1008.040132	948.8468411	4.103883125
2/5/2022	931.3604173	1.11763E+11	13642717226	4.45242098	111.7632501	13.64271723	2022	2	Feb	1	Saturday	887.2808275	1004.349585	952.6322635	3.946552199
2/6/2022	985.7938567	1.18295E+11	6471517109	5.844508576	118.2952628	6.471517109	2022	2	Feb	1	Sunday	905.9838803	1000.951758	956.8779569	4.01484406
2/7/2022	970.5985015	1.16472E+11	7990242233	-1.541433342	116.4718202	7.990242233	2022	2	Feb	1	Monday	916.4701432	997.7713235	960.71844	4.008869012
2/8/2022	919.401355	1.10328E+11	9472603564	-5.274801731	110.3281626	9.472603564	2022	2	Feb	1	Tuesday	920.5814253	994.1246379	964.0650811	4.071593531
2/9/2022	903.2788388	1.08393E+11	15520155287	-1.753588473	108.3934607	15.52015529	2022	2	Feb	1	Wednesday	925.2889383	989.0119725	967.4001932	4.03954461
2/10/2022	911.6763243	1.09401E+11	15513934487	0.929667018	109.4011589	15.51393449	2022	2	Feb	1	Thursday	930.5384651	984.762783	970.4420058	4.040328696
2/11/2022	876.1808325	1.05142E+11	5764354274	-3.893431344	105.1416999	5.764354274	2022	2	Feb	1	Friday	928.3271609	977.8674738	972.585018	3.994607052
2/12/2022	842.2859922	1.01074E+11	7377039052	-3.86847544	101.0743191	7.377039052	2022	2	Feb	1	Saturday	915.602243	968.9785246	974.0546701	3.994983861
2/13/2022	852.9488463	1.02354E+11	4905608365	1.265942232	102.3538616	4.905608365	2022	2	Feb	1	Sunday	896.6243844	959.4597702	975.6222902	3.960724624
2/14/2022	850.2897749	1.02035E+11	9305388605	-0.311750395	102.034773	9.305388605	2022	2	Feb	1	Monday	879.4374234	951.9077467	977.4182731	3.867780218
2/15/2022	850.4010459	1.02048E+11	8701634078	0.013086243	102.0481255	8.701634078	2022	2	Feb	1	Tuesday	869.5802364	942.6158854	979.4715793	3.725773351
2/16/2022	824.0098224	98881178691	13654622550	-3.10338558	98.88117869	13.65462255	2022	2	Feb	1	Wednesday	858.2560912	932.088894	981.0816898	3.730971321
2/17/2022	815.4791383	97857496602	13856684670	-1.035264853	97.8574966	13.85668467	2022	2	Feb	1	Thursday	844.5136361	921.8741281	982.476035	3.729470528
2/18/2022	784.9430159	94193161911	7161325901	-3.74456206	94.19316191	7.161325901	2022	2	Feb	1	Friday	831.4796623	910.4662191	983.0957499	3.751896158
2/19/2022	812.4211306	97490535677	8677491528	3.500650895	97.49053568	8.677491528	2022	2	Feb	1	Saturday	827.2132535	902.5883517	983.8141698	3.6769499
2/20/2022	845.7499431	1.0149E+11	13959781091	4.102405903	101.4899932	13.95978109	2022	2	Feb	1	Sunday	826.1848387	895.2832517	985.3942908	3.761550983
2/21/2022	784.5939166	94151269988	11938845853	-7.230982041	94.15126999	11.93884585	2022	2	Feb	1	Monday	816.7997161	887.408027	985.9658274	3.899037631
2/22/2022	755.0402095	90604825141	2757898288	-3.766752002	90.60482514	2.757898288	2022	2	Feb	1	Tuesday	803.1767395	880.3746156	986.5344232	3.844895603
2/23/2022	710.3018912	85236226943	5830767166	-5.925289509	85.23622694	5.830767166	2022	2	Feb	1	Wednesday	786.9327493	873.7850427	986.731671	3.840953649
2/24/2022	691.2243366	82946920396	6686592548	-2.685837499	82.9469204	6.686592548	2022	2	Feb	1	Thursday	769.1820634	865.2163764	986.6461792	3.728118513
2/25/2022	688.0745929	82568951151	4753160447	-0.455676044	82.56895115	4.753160447	2022	2	Feb	1	Friday	755.3437172	857.3619919	985.8875658	3.716675651
2/26/2022	648.5095989	77821151873	4198341720	-5.750102443	77.82115187	4.19834172	2022	2	Feb	1	Saturday	731.9277841	846.2764807	983.5843054	3.564924691
2/27/2022	624.2573919	74910887025	2586983119	-3.739683593	74.91088702	2.586983119	2022	2	Feb	1	Sunday	700.2859911	835.1111341	980.786395	3.588971819
2/28/2022	598.9390294	71872683523	7705065542	-4.055756943	71.87268352	7.705065542	2022	2	Feb	1	Monday	673.7638643	825.2455059	977.786617	3.483983396
3/1/2022	603.1710244	72380522923	4451491539	0.706581937	72.38052292	4.451491539	2022	3	Mar	1	Tuesday	652.0682665	816.8554572	974.6338064	3.447948917
3/2/2022	604.0879259	72490551113	2630077631	0.152013533	72.49055111	2.630077631	2022	3	Mar	1	Wednesday	636.8948429	807.0852327	971.1439187	3.264067852
3/3/2022	586.1585816	70339029789	4059794166	-2.968002437	70.33902979	4.059794166	2022	3	Mar	1	Thursday	621.8854493	796.9364394	967.5936767	3.277149103
3/4/2022	589.5727949	70748735392	8930589829	0.582472639	70.74873539	8.930589829	2022	3	Mar	1	Friday	607.8137639	787.577991	963.3417029	3.290268421
3/5/2022	576.0882417	69130589002	9137591509	-2.287173589	69.130589	9.137591509	2022	3	Mar	1	Saturday	597.4678557	777.6166111	958.8496704	3.278295435
3/6/2022	569.1359469	68296313628	6007886663	-1.206810742	68.29631363	6.007886663	2022	3	Mar	1	Sunday	589.5933635	766.8658106	954.0712095	3.220849478
3/7/2022	607.7580806	72930969669	5829261583	6.786099857	72.93096967	5.829261583	2022	3	Mar	1	Monday	590.853228	756.079066	949.4323483	3.391598836
3/8/2022	640.4106657	76849279888	11323160658	5.372628716	76.84927989	11.32316066	2022	3	Mar	1	Tuesday	596.1731768	744.566293	944.9729336	3.35797519
3/9/2022	607.1861611	72862339337	3939503414	-5.187999883	72.86233934	3.939503414	2022	3	Mar	1	Wednesday	596.6157818	732.4525483	939.7600946	3.429522979
3/10/2022	626.8633153	75223597842	4200719945	3.240711903	75.22359784	4.200719945	2022	3	Mar	1	Thursday	602.4307438	722.7012803	935.0680838	3.458128517
3/11/2022	646.700243	77604029160	5046129145	3.164474163	77.60402916	5.046129145	2022	3	Mar	1	Friday	610.5918078	714.1486605	930.8642566	3.54693268
3/12/2022	616.8621299	74023455586	3755274909	-4.61390164	74.02345559	3.755274909	2022	3	Mar	1	Saturday	616.4166489	704.3215207	926.8291459	3.584622502
3/13/2022	636.5637134	76387645605	5769090753	3.193839034	76.3876456	5.769090753	2022	3	Mar	1	Sunday	626.049187	696.3342834	922.8299409	3.636305858
3/14/2022	676.0616642	81127399707	11301055479	6.204869995	81.12739971	11.30105548	2022	3	Mar	1	Monday	635.8068418	690.7934724	918.9296676	3.822177167
3/15/2022	645.5222102	77462665227	8043858010	-4.517258649	77.46266523	8.04385801	2022	3	Mar	1	Tuesday	636.5370625	683.8792512	914.4898793	3.867294114
3/16/2022	621.4349348	74572192176	5923536628	-3.731440227	74.57219218	5.923536628	2022	3	Mar	1	Wednesday	638.5726015	676.2507566	908.9895089	3.901065272
3/17/2022	646.3905904	77566870851	11024524696	4.015811508	77.56687085	11.0245247	2022	3	Mar	1	Thursday	641.3622123	669.4504081	903.7807121	4.002836866
3/18/2022	652.5740245	78308882941	2804688077	0.956609545	78.30888294	2.804688077	2022	3	Mar	1	Friday	642.2013239	663.7358815	898.316555	3.99204026
3/19/2022	666.2326703	79947920436	4415774790	2.093041598	79.94792044	4.41577479	2022	3	Mar	1	Saturday	649.2542583	658.7609992	893.558839	4.023644152
3/20/2022	674.4599898	80935198782	7924092773	1.234901846	80.93519878	7.924092773	2022	3	Mar	1	Sunday	654.668012	655.0782316	889.0906255	3.991740184
3/21/2022	684.1549854	82098598248	8527278849	1.437445615	82.09859825	8.527278849	2022	3	Mar	1	Monday	655.8242008	650.8026935	884.4042554	3.939161293
3/22/2022	647.9181117	77750173399	2701577561	-5.29658842	77.7501734	2.701577561	2022	3	Mar	1	Tuesday	656.1664724	644.2082991	878.9027696	3.934590833
3/23/2022	674.7148524	80965782288	6344855268	4.135822144	80.96578229	6.344855268	2022	3	Mar	1	Wednesday	663.7778892	640.5456636	873.859427	3.841056007
3/24/2022	706.0607487	84727289841	9141945431	4.645799061	84.72728984	9.141945431	2022	3	Mar	1	Thursday	672.3021975	638.9130149	869.2121717	3.895773817
3/25/2022	698.6483417	83837801001	9538097976	-1.049825673	83.837801	9.538097976	2022	3	Mar	1	Friday	678.8842429	638.5245633	865.2297313	3.74533003
3/26/2022	696.4699574	83576394883	8907303744	-0.311799826	83.57639488	8.907303744	2022	3	Mar	1	Saturday	683.2038553	638.6994173	861.4007714	3.711275288
3/27/2022	654.1854481	78502253773	5374859884	-6.07126105	78.50225377	5.374859884	2022	3	Mar	1	Sunday	680.3074922	637.5697791	856.694159	3.877720228
3/28/2022	666.8504785	80022057416	3298702446	1.936000013	80.02205742	3.298702446	2022	3	Mar	1	Monday	677.8354198	638.1811418	851.8614301	3.742798617
3/29/2022	681.3302837	81759634047	6643255899	2.171372103	81.75963405	6.643255899	2022	3	Mar	1	Tuesday	682.6085872	640.0835715	846.9541102	3.685538294
3/30/2022	678.6820841	81441850093	3701575453	-0.388680744	81.44185009	3.701575453	2022	3	Mar	1	Wednesday	683.1753346	642.7416733	842.0047233	3.5937801
3/31/2022	708.8999441	85067993290	12225532962	4.452432248	85.06799329	12.22553296	2022	3	Mar	1	Thursday	683.5809339	646.2659707	837.399826	3.666265761
4/1/2022	698.498425	83819811001	7294042192	-1.467276046	83.819811	7.294042192	2022	4	Apr	2	Friday	683.5595173	649.4129873	833.0166954	3.685034447
4/2/2022	713.4361306	85612335674	5827725942	2.138545352	85.61233567	5.827725942	2022	4	Apr	2	Saturday	685.9832563	653.6555723	828.4676392	3.634479695
4/3/2022	683.9441135	82073293622	10009370693	-4.133799205	82.07329362	10.00937069	2022	4	Apr	2	Sunday	690.2344942	656.8012829	823.3916365	3.741119053
4/4/2022	682.3195306	81878343672	7348895030	-0.23753153	81.87834367	7.34889503	2022	4	Apr	2	Monday	692.4443588	660.3423259	818.0585458	3.705805673
4/5/2022	676.6011081	81192132972	5456442834	-0.838085713	81.19213297	5.456442834	2022	4	Apr	2	Tuesday	691.7687623	663.9244979	812.9434802	3.70010306
4/6/2022	681.7385519	81808626227	10425374652	0.75930171	81.80862623	10.42537465	2022	4	Apr	2	Wednesday	692.2054005	666.3905136	808.9397215	3.514086366
4/7/2022	670.7598426	80491181113	10790507534	-1.610398774	80.49118111	10.79050753	2022	4	Apr	2	Thursday	686.7568146	667.4021528	804.3067345	3.405945738
4/8/2022	666.2681609	79952179313	8855581730	-0.669640813	79.95217931	8.85558173	2022	4	Apr	2	Friday	682.1524912	669.3715528	799.8651415	3.255556529
4/9/2022	687.641776	82517013120	2940554057	3.207959845	82.51701312	2.940554057	2022	4	Apr	2	Saturday	678.4675834	671.3975015	796.0744732	3.254563028
4/10/2022	674.7385411	80968624930	7931584933	-1.87644721	80.96862493	7.931584933	2022	4	Apr	2	Sunday	677.1525016	672.3321115	791.8309148	3.234866272
4/11/2022	631.8069378	75816832531	9218977278	-6.3627021	75.81683253	9.218977278	2022	4	Apr	2	Monday	669.9364169	672.8302717	787.3048585	3.338557732
4/12/2022	676.6016886	81192202634	3765723705	7.089942858	81.19220263	3.765723705	2022	4	Apr	2	Tuesday	669.9364998	674.1648709	782.788876	3.531871337
4/13/2022	713.9766466	85677197588	4921340226	5.523923245	85.67719759	4.921340226	2022	4	Apr	2	Wednesday	674.5419419	675.4287036	778.4002335	3.494362989
4/14/2022	676.9943085	81239317018	11040375463	-5.17976859	81.23931702	11.04037546	2022	4	Apr	2	Thursday	675.4325799	676.4777736	773.272265	3.527409702
4/15/2022	694.88617	83386340394	2702935422	2.642837796	83.38634039	2.702935422	2022	4	Apr	2	Friday	679.5208669	678.9261481	769.0282171	3.472795909
4/16/2022	680.0182564	81602190770	9818967743	-2.13961857	81.60219077	9.818967743	2022	4	Apr	2	Saturday	678.4317927	680.0470703	764.0377879	3.435366881
4/17/2022	686.1823505	82341882063	7151622611	0.906460092	82.34188206	7.151622611	2022	4	Apr	2	Sunday	680.0666226	681.1673478	758.9973744	3.4350115
4/18/2022	693.2497371	83189968448	6955734469	1.029957494	83.18996845	6.955734469	2022	4	Apr	2	Monday	688.8441654	682.0679167	754.234348	3.420526177
4/19/2022	685.7310852	82287730229	2538706813	-1.084551702	82.28773023	2.538706813	2022	4	Apr	2	Tuesday	690.1483649	682.4436199	749.3293569	3.422290569
4/20/2022	663.5472501	79625670010	10218186078	-3.23506337	79.62567001	10.21818608	2022	4	Apr	2	Wednesday	682.9441654	681.7566954	745.0492468	3.465934401
4/21/2022	644.4757046	77337084548	5659449588	-2.874180477	77.33708455	5.659449588	2022	4	Apr	2	Thursday	678.2986506	681.6419485	740.3778331	3.366118147
4/22/2022	620.3238475	74438861705	7063643216	-3.747520171	74.4388617	7.063643216	2022	4	Apr	2	Friday	667.6468902	679.828915	735.9275352	3.342734399
4/23/2022	599.0916002	71890992023	7999747949	-3.422768193	71.89099202	7.999747949	2022	4	Apr	2	Saturday	656.0859393	676.2632767	731.8503024	3.260847141
4/24/2022	596.5520852	71586250229	8183421508	-0.423894268	71.58625023	8.183421508	2022	4	Apr	2	Sunday	643.2816157	672.8600681	728.3898914	3.259175044
4/25/2022	578.8068102	69456817223	10051624382	-2.974639681	69.45681722	10.05162438	2022	4	Apr	2	Monday	626.9326262	668.9379632	724.2845857	3.290716484
4/26/2022	593.8797391	71265568688	6681916333	2.604138135	71.26556869	6.681916333	2022	4	Apr	2	Tuesday	613.8110053	666.9277729	720.619848	3.168870135
4/27/2022	629.2861231	75514334775	5887576762	5.961877755	75.51433477	5.887576762	2022	4	Apr	2	Wednesday	608.9165586	665.6756278	716.7110834	3.345959165
4/28/2022	613.8782299	73665387583	10640555302	-2.448471799	73.66538758	10.6405553	2022	4	Apr	2	Thursday	604.5454907	663.427226	712.8739772	3.342257342
4/29/2022	618.7979035	74255748415	7949317580	0.80140871	74.25574842	7.94931758	2022	4	Apr	2	Friday	604.3274987	661.4310866	709.8060886	3.348143146
4/30/2022	630.2807489	75633689871	4975036086	1.855669743	75.63368987	4.975036086	2022	4	Apr	2	Saturday	608.7830914	658.8104468	707.3106249	3.254542682
5/1/2022	641.2618532	76951422378	3476335099	1.74225601	76.95142238	3.476335099	2022	5	May	2	Sunday	615.1702011	656.902561	704.466927	3.268934185
5/2/2022	642.1755514	77061066172	10103209768	0.142484427	77.06106617	10.10320977	2022	5	May	2	Monday	624.2228784	654.5272084	701.7064067	3.239174564
5/3/2022	660.4674053	79256088631	5822294324	2.848419531	79.25608863	5.822294324	2022	5	May	2	Tuesday	633.7354022	653.7446515	699.3746418	3.204848346
5/4/2022	672.2360945	80668331335	8813528778	1.781872823	80.66833134	8.813528778	2022	5	May	2	Wednesday	639.8711124	653.4085369	697.1224913	3.222301966
5/5/2022	638.7212082	76646544988	6629770574	-4.98558267	76.64654499	6.629770574	2022	5	May	2	Thursday	643.4201093	652.1458736	694.3120607	3.346108906
5/6/2022	660.2326669	79227920023	4268132723	3.367894842	79.22792002	4.268132723	2022	5	May	2	Friday	649.3393612	651.4290108	691.2995301	3.403627149
5/7/2022	682.9590651	81955087808	8376006095	3.442180212	81.95508781	8.376006095	2022	5	May	2	Saturday	656.8648349	651.8356515	687.9346991	3.448511234
5/8/2022	661.3263473	79359161674	2958665748	-3.167498448	79.35916167	2.958665748	2022	5	May	2	Sunday	659.7311912	651.6709244	684.4983418	3.497970917
5/9/2022	661.2300625	79347607504	6316156458	-0.01455934	79.3476075	6.316156458	2022	5	May	2	Monday	662.4532642	650.7905339	681.6297719	3.446246389
5/10/2022	678.4187772	81410253259	7782314879	2.599505921	81.41025326	7.782314879	2022	5	May	2	Tuesday	665.0177459	650.9132085	679.1313268	3.462337486
5/11/2022	671.6348616	80596183392	6635132129	-0.999959875	80.59618339	6.635132129	2022	5	May	2	Wednesday	664.9318555	652.2408059	676.4641994	3.250399514
5/12/2022	699.9083435	83989001225	10065297426	4.209650743	83.98900123	10.06529743	2022	5	May	2	Thursday	673.6728749	653.0176944	674.5056162	3.079591911
5/13/2022	768.0174827	92162097922	11921259026	9.731151195	92.16209792	11.92125903	2022	5	May	2	Friday	689.0707057	654.8190556	673.6804106	3.410371959
5/14/2022	742.9836199	89158034383	10926243013	-3.259543355	89.15803438	10.92624301	2022	5	May	2	Saturday	697.6456421	657.0186994	672.4585747	3.320842886
5/15/2022	701.8543142	84222517699	2918946433	-5.535694812	84.2225177	2.918946433	2022	5	May	2	Sunday	703.4353516	657.2509708	670.8092918	3.460013985
5/16/2022	709.2193732	85106324779	4535780086	1.04937148	85.10632478	4.535780086	2022	5	May	2	Monday	710.2909675	658.2243414	669.2406066	3.438057757
5/17/2022	728.7321919	87447863026	8254457487	2.751309321	87.44786303	8.254457487	2022	5	May	2	Tuesday	717.4785981	659.6426694	668.1819662	3.467563443
5/18/2022	720.7866112	86494393347	12297655633	-1.090329308	86.49439335	12.29765563	2022	5	May	2	Wednesday	724.5002766	660.5605652	667.129827	3.472894293
5/19/2022	762.6029974	91512359691	11914434558	5.801493195	91.51235969	11.91443456	2022	5	May	2	Thursday	733.4566558	663.1229623	666.8816046	3.610745915
5/20/2022	721.5847681	86590172172	11352330142	-5.378713363	86.59017217	11.35233014	2022	5	May	2	Friday	726.8234108	665.0575462	665.8723117	3.705479576
5/21/2022	740.566602	88867992237	5899500176	2.630575744	88.86799224	5.899500176	2022	5	May	2	Saturday	726.4781226	668.2605762	664.7036079	3.676725886
5/22/2022	721.5650376	86587804507	7059828202	-2.565814387	86.58780451	7.059828202	2022	5	May	2	Sunday	729.2939402	671.6352825	664.003287	3.635427326
5/23/2022	771.5730701	92588768412	8007513126	6.930495512	92.58876841	8.007513126	2022	5	May	2	Monday	738.2016112	677.3846648	664.1869855	3.733567311
5/24/2022	834.1039762	1.00092E+11	4892979707	8.104340149	100.0924771	4.892979707	2022	5	May	2	Tuesday	753.2547232	685.3030612	665.5625642	3.946802515
5/25/2022	807.4734375	96896812500	3268152710	-3.192712115	96.8968125	3.26815271	2022	5	May	2	Wednesday	765.6385556	692.9252821	666.8542209	3.954944657
5/26/2022	788.504783	94620573956	13590196718	-2.349136659	94.62057396	13.59019672	2022	5	May	2	Thursday	769.3388106	699.4127836	667.9701119	3.997066103
5/27/2022	814.6224734	97754696813	5756335204	3.312305903	97.75469681	5.756335204	2022	5	May	2	Friday	782.6299114	705.5906619	669.8158105	3.912610235
5/28/2022	800.6584937	96079019246	5648857218	-1.714165787	96.07901925	5.648857218	2022	5	May	2	Saturday	791.2144674	711.8166707	671.7758227	3.892947292
5/29/2022	797.7578587	95730943039	3829762945	-0.362281182	95.73094304	3.829762945	2022	5	May	2	Sunday	802.0991561	717.7820025	673.9849208	3.900389165
5/30/2022	797.1156514	95653878163	13527460430	-0.080501532	95.65387816	13.52746043	2022	5	May	2	Monday	805.7480963	723.343166	676.1398611	3.900440161
5/31/2022	736.8497425	88421969098	8804038744	-7.560497498	88.4219691	8.804038744	2022	5	May	2	Tuesday	791.8546343	726.5294289	677.6149924	4.187005845
6/1/2022	735.0904868	88210858422	9707113005	-0.238753647	88.21085842	9.707113005	2022	6	Jun	2	Wednesday	781.5142128	729.6265934	679.2697914	4.188857832
6/2/2022	713.7691137	85652293646	11939006957	-2.900510007	85.65229365	11.93900696	2022	6	Jun	2	Thursday	770.8376886	731.4033171	680.6497505	4.210840669
6/3/2022	698.5323967	83823887605	5991263771	-2.134684272	83.82388761	5.991263771	2022	6	Jun	2	Friday	754.2533919	732.2798605	682.0102411	4.225408392
6/4/2022	738.6805882	88641670585	9270223678	5.747506013	88.64167059	9.270223678	2022	6	Jun	2	Saturday	745.3994054	735.6118398	683.8940704	4.224424253
6/5/2022	701.1598467	84139181601	2915921972	-5.07942704	84.1391816	2.915921972	2022	6	Jun	2	Sunday	731.5996894	736.9760791	684.9318678	4.312190193
6/6/2022	722.9834964	86758019566	4547222346	3.112507057	86.75801957	4.547222346	2022	6	Jun	2	Monday	721.0093816	738.3102268	685.8493437	4.304291761
6/7/2022	713.6137669	85633652024	11110923243	-1.295981106	85.63365202	11.11092324	2022	6	Jun	2	Tuesday	717.6899565	740.0531408	687.0318727	4.266017195
6/8/2022	704.3371223	84520454677	10312526853	-1.299953139	84.52045468	10.31252685	2022	6	Jun	2	Wednesday	713.2966187	741.4900428	687.8926928	4.276153392
6/9/2022	725.5784687	87069416250	6275713022	3.015792547	87.06941625	6.275713022	2022	6	Jun	2	Thursday	714.9836694	743.0620325	688.7691175	4.284546386
6/10/2022	734.11087	88093304396	6626138332	1.175944655	88.0933044	6.626138332	2022	6	Jun	2	Friday	720.0663085	745.1445661	690.0718813	4.279987313
6/11/2022	749.618849	89954261878	8458087285	2.112484592	89.95426188	8.458087285	2022	6	Jun	2	Saturday	721.6289171	746.801583	691.3280494	4.232215626
6/12/2022	777.7180094	93326161123	2802483879	3.748459689	93.32616112	2.802483879	2022	6	Jun	2	Sunday	732.5657975	747.1249339	692.4575644	3.901211688
6/13/2022	765.9943607	91919323278	5418581632	-1.507442102	91.91932328	5.418581632	2022	6	Jun	2	Monday	738.7102067	747.8919586	693.7961438	3.861865367
6/14/2022	746.010614	89521273684	4922579418	-2.608863413	89.52127368	4.922579418	2022	6	Jun	2	Tuesday	743.3383277	749.3638352	695.180318	3.747951268
6/15/2022	712.9274022	85551288267	5138035302	-4.434683795	85.55128827	5.138035302	2022	6	Jun	2	Wednesday	744.5655106	749.4874362	695.919616	3.84126037
6/16/2022	688.4207517	82610490206	10467467912	-3.437467887	82.61049021	10.46746791	2022	6	Jun	2	Thursday	739.2572653	748.1437215	696.3179129	3.859452257
6/17/2022	773.0874829	92770497944	5896572890	12.29868956	92.77049794	5.89657289	2022	6	Jun	2	Friday	744.8253528	749.8870839	697.5051886	4.469124036
6/18/2022	810.9438129	97313257548	5155905375	4.896771823	97.31325755	5.155905375	2022	6	Jun	2	Saturday	753.586062	751.4984444	699.0216755	4.433830861
6/19/2022	766.7541818	92010501820	8328019144	-5.449160639	92.01050182	8.328019144	2022	6	Jun	2	Sunday	752.0198009	753.0040916	699.9394444	4.436958661
6/20/2022	725.7963281	87095559375	11660127421	-5.341718987	87.09555937	11.66012742	2022	6	Jun	2	Monday	746.2772248	752.5117491	700.8047579	4.530065219
6/21/2022	738.4375662	88612507950	5224767544	1.74170599	88.61250795	5.224767544	2022	6	Jun	2	Tuesday	745.1953608	753.0741667	701.5127881	4.513183703
6/22/2022	753.2600766	90391209195	3563614590	2.007280108	90.3912092	3.56361459	2022	6	Jun	2	Wednesday	750.9571715	752.4637336	702.037225	4.345410367
6/23/2022	768.4228657	92210743879	6710043814	2.012955353	92.21074388	6.710043814	2022	6	Jun	2	Thursday	762.3860449	750.2743633	702.8124975	4.088866526
6/24/2022	759.079908	91089588962	10905083355	-1.215861482	91.08958896	10.90508336	2022	6	Jun	2	Friday	760.3849628	748.6612456	703.5081636	4.054651694
6/25/2022	753.7379338	90448552060	8690556050	-0.703743325	90.44855206	8.69055605	2022	6	Jun	2	Saturday	752.2126943	747.5023506	704.6143024	4.034644615
6/26/2022	762.1218745	91454624942	11707582501	1.112315078	91.45462494	11.7075825	2022	6	Jun	2	Sunday	751.5509361	745.7523307	705.6728734	3.990750881
6/27/2022	763.1689337	91580272039	13292973352	0.137387362	91.58027204	13.29297335	2022	6	Jun	2	Monday	756.8898798	744.5026787	706.5821918	3.979966991
6/28/2022	696.895311	83627437314	10463422910	-8.68400426	83.62743731	10.46342291	2022	6	Jun	2	Tuesday	750.9552719	741.1405937	706.784561	4.278783809
6/29/2022	689.082876	82689945118	8472111568	-1.121034228	82.68994512	8.472111568	2022	6	Jun	2	Wednesday	741.7871004	737.5395012	706.5643713	4.280642036
6/30/2022	664.6191024	79754292294	7114161875	-3.550193218	79.75429229	7.114161875	2022	6	Jun	2	Thursday	726.9579913	735.1318132	706.1879344	4.108357991
7/1/2022	667.8888566	80146662792	2789768310	0.491974146	80.14666279	2.78976831	2022	7	Jul	3	Friday	713.9306983	732.8917589	705.6818536	4.110670923
7/2/2022	751.0120636	90121447635	13348666029	12.4456646	90.12144763	13.34866603	2022	7	Jul	3	Saturday	713.5412883	734.1331906	706.427053	4.682985788
7/3/2022	760.518817	91262258041	6937550121	1.265858944	91.26225804	6.937550121	2022	7	Jul	3	Sunday	713.31228	736.1994046	707.295934	4.663811375
7/4/2022	749.4426327	89933115926	4340836391	-1.456398453	89.93311593	4.340836391	2022	7	Jul	3	Monday	711.3513799	736.5581394	708.1052843	4.562623187
7/5/2022	775.9298479	93111581752	10242745384	3.5342552	93.11158175	10.24274538	2022	7	Jul	3	Tuesday	722.642028	739.0504728	709.1518542	4.492924401
7/6/2022	789.3580503	94722966033	6073124575	1.730594895	94.72296603	6.073124575	2022	7	Jul	3	Wednesday	736.9670529	741.2629579	710.4696121	4.471543382
7/7/2022	801.0026375	96120316504	9640232631	1.475197125	96.1203165	9.640232631	2022	7	Jul	3	Thursday	756.4504151	744.1759202	711.9666618	4.464186703
7/8/2022	818.9054969	98268659632	9867367287	2.235056235	98.26865963	9.867367287	2022	7	Jul	3	Friday	778.0242209	747.9948661	713.4251476	4.462244163
7/9/2022	887.18256	1.06462E+11	8888246836	8.337599801	106.4619072	8.888246836	2022	7	Jul	3	Saturday	797.4771489	753.3816691	715.7856367	4.662961241
7/10/2022	846.0897536	1.01531E+11	13232935178	-4.631832077	101.5307704	13.23293518	2022	7	Jul	3	Sunday	809.7015684	757.1142986	718.1665569	4.76518121
7/11/2022	860.3770523	1.03245E+11	6380148131	1.688626841	103.2452463	6.380148131	2022	7	Jul	3	Monday	825.5493427	760.8062387	720.2085054	4.761111669
7/12/2022	827.2485593	99269827115	8322376390	-3.85046218	99.26982712	8.32237639	2022	7	Jul	3	Tuesday	832.8805871	762.457257	721.4670822	4.78809188
7/13/2022	843.9599969	1.01275E+11	9572841308	2.020122898	101.2751996	9.572841308	2022	7	Jul	3	Wednesday	840.6808652	765.0561115	723.3222565	4.785133316
7/14/2022	811.6965922	97403591058	10678839442	-3.822859476	97.40359106	10.67883944	2022	7	Jul	3	Thursday	842.208573	767.2456441	724.6201501	4.816760592
7/15/2022	796.4707845	95576494145	11858808542	-1.875800361	95.57649415	11.85880854	2022	7	Jul	3	Friday	839.0036141	770.0304236	725.9140671	4.750559831
7/16/2022	785.3541927	94242503125	7292190285	-1.395731275	94.24250313	7.292190285	2022	7	Jul	3	Saturday	824.4567045	773.2615383	727.0159764	4.706980749
7/17/2022	814.7691651	97772299807	10513028455	3.745440289	97.77229981	10.51302846	2022	7	Jul	3	Sunday	819.9823347	774.6509277	728.3661923	4.202461573
7/18/2022	843.3395735	1.01201E+11	4865055413	3.506564768	101.2007488	4.865055413	2022	7	Jul	3	Monday	817.5484092	775.7307864	730.1173977	4.156980292
7/19/2022	800.5163222	96061958663	13632899154	-5.077818318	96.06195866	13.63289915	2022	7	Jul	3	Tuesday	813.7295182	776.856191	731.6392763	4.140057359
7/20/2022	800.4382505	96052590057	7296832562	-0.00975267	96.05259006	7.296832562	2022	7	Jul	3	Wednesday	807.5121258	779.3442551	733.3721935	4.00507135
7/21/2022	776.2467205	93149606460	10949044197	-3.022285599	93.14960646	10.9490442	2022	7	Jul	3	Thursday	802.4478584	780.6045603	735.1046698	4.044418092
7/22/2022	736.429464	88371535677	2866854787	-5.129458905	88.37153568	2.866854787	2022	7	Jul	3	Friday	793.8705269	780.0435398	736.6306461	4.145765129
7/23/2022	728.3669601	87404035213	4774223168	-1.094810062	87.40403521	4.774223168	2022	7	Jul	3	Saturday	785.7294937	778.708343	738.0952558	4.132704816
7/24/2022	717.7539157	86130469881	7618231906	-1.457101298	86.13046988	7.618231906	2022	7	Jul	3	Sunday	771.8701724	777.3308099	739.6391125	4.135190534
7/25/2022	789.0623541	94687482496	12819766295	9.93494245	94.6874825	12.81976629	2022	7	Jul	3	Monday	764.1162839	778.5082906	741.8078083	4.520330138
7/26/2022	800.953099	96114371886	8964646864	1.506946169	96.11437189	8.964646864	2022	7	Jul	3	Tuesday	764.1786806	779.8026647	743.7152191	4.52350093
7/27/2022	756.214456	90745734714	12848185654	-5.585675759	90.74573471	12.84818565	2022	7	Jul	3	Wednesday	757.8609956	779.5708488	745.2967327	4.647929197
7/28/2022	737.5618504	88507422052	7793576595	-2.466576164	88.50742205	7.793576595	2022	7	Jul	3	Thursday	752.3345856	780.9264001	746.6163321	4.374632918
7/29/2022	766.4808333	91977699995	8172576586	3.920889189	91.9777	8.172576586	2022	7	Jul	3	Friday	756.6276384	783.506332	748.1296664	4.415648202
7/30/2022	831.2580242	99750962905	4425911782	8.451247324	99.7509629	4.425911782	2022	7	Jul	3	Saturday	771.3263618	789.0609628	750.240735	4.581549989
7/31/2022	778.2766917	93393203009	11797312597	-6.373632605	93.39320301	11.7973126	2022	7	Jul	3	Sunday	779.9724727	792.7405573	751.7529699	4.767597907
8/1/2022	720.1464509	86417574109	5153585443	-7.469096975	86.41757411	5.153585443	2022	8	Aug	3	Monday	770.1273437	791.7117035	752.4160704	4.439124511
8/2/2022	774.2159642	92905915704	12816696124	7.508127441	92.9059157	12.81669612	2022	8	Aug	3	Tuesday	766.307753	792.1682751	753.54918	4.644270192
8/3/2022	784.4487097	94133845162	13112741690	1.321691357	94.13384516	13.11274169	2022	8	Aug	3	Wednesday	770.3412178	793.3351443	755.1683745	4.638569606
8/4/2022	755.8048993	90696587916	12987498657	-3.651457391	90.69658792	12.98749866	2022	8	Aug	3	Thursday	772.9473676	792.6643127	756.2302882	4.648920414
8/5/2022	770.2307708	92427692491	8542875215	1.908676627	92.42769249	8.542875215	2022	8	Aug	3	Friday	773.483073	792.0267367	757.1999738	4.651298801
8/6/2022	691.4354906	82972258877	9230767862	-10.23008728	82.97225888	9.230767862	2022	8	Aug	3	Saturday	753.5084253	788.3744985	757.5345198	5.002823018
8/7/2022	689.8003773	82776045273	10216377246	-0.236480971	82.77604527	10.21637725	2022	8	Aug	3	Sunday	740.8689518	784.0709945	757.8519678	4.978760529
8/8/2022	697.1496909	83657962907	3824988820	1.065426151	83.65796291	3.82498882	2022	8	Aug	3	Monday	737.5837004	777.7365655	758.0600891	4.70564906
8/9/2022	721.5802635	86589631617	8842088404	3.50435106	86.58963162	8.842088404	2022	8	Aug	3	Tuesday	730.0643146	773.5862492	758.615038	4.705295116
8/10/2022	691.1438319	82937259832	2829466669	-4.218024395	82.93725983	2.829466669	2022	8	Aug	3	Wednesday	716.7350463	767.9451418	758.5176545	4.737393397
8/11/2022	691.7489061	83009868736	7446643494	0.087546785	83.00986874	7.446643494	2022	8	Aug	3	Thursday	707.5841902	763.4284867	757.6702259	4.699173167
8/12/2022	664.9028809	79788345702	3876207340	-3.880891613	79.7883457	3.87620734	2022	8	Aug	3	Friday	692.5373487	757.4599162	756.8026621	4.714054627
8/13/2022	670.0005378	80400064533	4176843742	0.76667692	80.40006453	4.176843742	2022	8	Aug	3	Saturday	689.4752126	752.7367144	756.4487313	4.683064563
8/14/2022	644.7573175	77370878097	5710412437	-3.767641798	77.3708781	5.710412437	2022	8	Aug	3	Sunday	683.0404898	747.6795988	755.7324862	4.714422991
8/15/2022	632.6683511	75920202133	6217292117	-1.87496381	75.92020213	6.217292117	2022	8	Aug	3	Monday	673.8288698	742.5900708	754.6651102	4.718041692
8/16/2022	606.3740844	72764890133	7624355465	-4.156090093	72.76489013	7.624355465	2022	8	Aug	3	Tuesday	657.3708442	735.6435681	753.3938599	4.686930782
8/17/2022	620.7402878	74488834532	2899955373	2.369198106	74.48883453	2.899955373	2022	8	Aug	3	Wednesday	647.3131951	728.2235919	751.8176076	4.654764873
8/18/2022	640.7297952	76887575423	6953943857	3.220269059	76.88757542	6.953943857	2022	8	Aug	3	Thursday	640.0247507	722.8973743	750.919219	4.645214192
8/19/2022	633.0609454	75967313443	3943844265	-1.196892965	75.96731344	3.943844265	2022	8	Aug	3	Friday	635.4759027	717.3181308	749.7247117	4.644758293
8/20/2022	632.3395349	75880744184	7502861936	-0.11395593	75.88074418	7.502861936	2022	8	Aug	3	Saturday	630.0957595	712.5212246	748.7333172	4.624379728
8/21/2022	595.1417346	71417008153	7605093891	-5.882567547	71.41700815	7.605093891	2022	8	Aug	3	Sunday	623.007819	707.8116336	746.772969	4.651902315
8/22/2022	586.466565	70375987800	6812755296	-1.457664469	70.3759878	6.812755296	2022	8	Aug	3	Monday	616.4075639	703.0816205	744.0214422	4.653696513
8/23/2022	583.7056867	70044682408	8306981419	-0.47076482	70.04468241	8.306981419	2022	8	Aug	3	Tuesday	613.1692214	698.6133462	741.5351339	4.651026106
8/24/2022	646.4554067	77574648798	5451411775	10.75023275	77.5746488	5.451411775	2022	8	Aug	3	Wednesday	616.8428098	693.8597813	739.9568075	4.716518615
8/25/2022	616.641129	73996935481	9013773236	-4.611961991	73.99693548	9.013773236	2022	8	Aug	3	Thursday	613.4015717	687.7160489	737.7570148	4.756410149
8/26/2022	652.037422	78244490646	6410731505	5.740177127	78.24449065	6.410731505	2022	8	Aug	3	Friday	616.112497	684.2434811	736.1056695	4.80928137
8/27/2022	676.6876713	81202520555	7154115818	3.780496089	81.20252055	7.154115818	2022	8	Aug	3	Saturday	622.447945	682.2143418	734.7604452	4.850950567
8/28/2022	682.4263148	81891157774	8825594760	0.848049068	81.89115777	8.82559476	2022	8	Aug	3	Sunday	634.9171708	679.4125245	733.4861193	4.793624788
8/29/2022	730.1166427	87613997128	2821434082	6.988348326	87.61399713	2.821434082	2022	8	Aug	3	Monday	655.4386105	676.0411452	733.411307	4.708473173
8/30/2022	738.9860149	88678321789	9619762856	1.214788386	88.67832179	9.619762856	2022	8	Aug	3	Tuesday	677.6215145	674.7314559	733.4545907	4.574210853
8/31/2022	748.4626238	89815514857	9361490683	1.282380005	89.81551486	9.361490683	2022	8	Aug	3	Wednesday	692.1939741	675.6753284	733.8400741	4.360220054
9/1/2022	744.7567577	89370810929	6004078898	-0.495130411	89.37081093	6.004078898	2022	9	Sep	3	Thursday	710.4962068	674.6933548	734.3536782	4.138121
9/2/2022	779.8852951	93586235418	3771086760	4.716779948	93.58623542	3.77108676	2022	9	Sep	3	Friday	728.7601886	674.541241	734.8115082	4.222396244
9/3/2022	812.5172493	97502069922	3989029449	4.184199189	97.50206992	3.989029449	2022	9	Sep	3	Saturday	748.1644141	676.4316527	736.0488127	4.226818853
9/4/2022	790.1529643	94818355716	13349177589	-2.752468955	94.81835572	13.34917759	2022	9	Sep	3	Sunday	763.5539354	677.0957258	736.7951401	4.252296564
9/5/2022	747.3682415	89684188984	10108620498	-5.41473926	89.68418898	10.1086205	2022	9	Sep	3	Monday	766.0184495	678.9601508	737.1701898	3.924326398
9/6/2022	739.1677561	88700130734	4013886137	-1.097248312	88.70013073	4.013886137	2022	9	Sep	3	Tuesday	766.0444126	680.6057301	737.5571969	3.931772967
9/7/2022	713.7937669	85655252023	6236283117	-3.432778154	85.65525202	6.236283117	2022	9	Sep	3	Wednesday	761.0917187	681.1605326	737.4262558	3.987125721
9/8/2022	709.8887853	85186654242	8612196901	-0.547074196	85.18665424	8.612196901	2022	9	Sep	3	Thursday	756.1105798	680.7708167	737.1571215	3.938055331
9/9/2022	743.7057368	89244688419	11625781029	4.7636971	89.24468842	11.62578103	2022	9	Sep	3	Friday	750.9420715	682.5228802	737.0914202	3.946215494
9/10/2022	728.0554603	87366655234	3078740774	-2.104364102	87.36665523	3.078740774	2022	9	Sep	3	Saturday	738.8761016	683.7330987	736.5396141	3.970856757
9/11/2022	724.6380367	86956564405	5077913429	-0.469390555	86.95656441	5.077913429	2022	9	Sep	3	Sunday	729.5168262	685.7242705	736.0800994	3.896765727
9/12/2022	724.1403002	86896836029	11884869735	-0.0686876	86.89683603	11.88486973	2022	9	Sep	3	Monday	726.1985489	687.5289293	735.8370959	3.896739133
9/13/2022	746.875305	89625036597	2787326630	3.139585621	89.6250366	2.78732663	2022	9	Sep	3	Tuesday	727.2996273	690.9328622	736.2142949	3.849966904
9/14/2022	680.6051035	81672612419	4424033276	-8.872994065	81.67261242	4.424033276	2022	9	Sep	3	Wednesday	722.5583897	692.5307539	736.1274543	4.198887498
9/15/2022	662.2594834	79471138013	11529903258	-2.695486702	79.47113801	11.52990326	2022	9	Sep	3	Thursday	715.7542037	694.3936006	734.8960321	4.153316161
9/16/2022	665.8307242	79899686905	8278264465	0.539250983	79.89968691	8.278264465	2022	9	Sep	3	Friday	704.6292019	695.8966151	733.2836644	4.13645425
9/17/2022	696.4170171	83570042050	5131247715	4.59370404	83.57004205	5.131247715	2022	9	Sep	3	Saturday	700.1094243	697.7528558	732.5021404	4.177105419
9/18/2022	680.730008	81687600962	3107309043	-2.252530982	81.68760096	3.107309043	2022	9	Sep	3	Sunday	693.8368488	699.3418246	732.0014035	4.195097243
9/19/2022	629.5340472	75544085663	2521885254	-7.52074394	75.54408566	2.521885254	2022	9	Sep	3	Monday	680.3216698	699.2483083	730.7913644	4.433128946
9/20/2022	643.3105662	77197267944	4583156217	2.188367583	77.19726794	4.583156217	2022	9	Sep	3	Tuesday	665.5267071	700.8539361	729.5697032	4.301766457
9/21/2022	625.1896837	75022762041	10186462968	-2.816817176	75.02276204	10.18646297	2022	9	Sep	3	Wednesday	657.6102185	702.1447067	727.9782234	4.328522366
9/22/2022	594.2458127	71309497520	5698316170	-4.949517213	71.30949752	5.69831617	2022	9	Sep	3	Thursday	647.8939799	702.4960442	726.1467334	4.432146258
9/23/2022	577.7414013	69328968155	8072665350	-2.777371085	69.32896816	8.07266535	2022	9	Sep	3	Friday	635.3097909	700.2055774	724.1912164	3.982262126
9/24/2022	571.6545178	68598542141	9617118028	-1.053565392	68.59854214	9.617118028	2022	9	Sep	3	Saturday	617.4865767	698.7060237	722.0749124	3.901471268
9/25/2022	556.1937454	66743249443	5270371041	-2.704565782	66.74324944	5.270371041	2022	9	Sep	3	Sunday	599.695682	695.5112344	719.7751881	3.76189536
9/26/2022	507.5766649	60909199782	3225342186	-8.741033302	60.90919978	3.225342186	2022	9	Sep	3	Monday	582.2731988	689.8742009	717.6716476	3.964424081
9/27/2022	524.405905	62928708602	5792848888	3.315605568	62.9287086	5.792848888	2022	9	Sep	3	Tuesday	565.2868187	684.6068539	715.8419035	4.026557705
9/28/2022	550.0330417	66003965002	9172573818	4.886889415	66.003965	9.172573818	2022	9	Sep	3	Wednesday	554.5501555	678.6040672	714.568725	3.902869954
9/29/2022	562.6952303	67523427637	8543396935	2.302077814	67.52342764	8.543396935	2022	9	Sep	3	Thursday	550.0429295	672.7277077	713.399907	3.927815241
9/30/2022	535.8804322	64305651868	2437157275	-4.765421249	64.30565187	2.437157275	2022	9	Sep	3	Friday	544.062791	665.6416347	711.0095555	3.970707388
10/1/2022	529.8071111	63576853336	7191097520	-1.133335113	63.57685334	7.19109752	2022	10	Oct	4	Saturday	538.0845901	658.4766464	708.4460921	3.969452051
10/2/2022	527.893649	63347237880	6247792544	-0.361162033	63.34723788	6.247792544	2022	10	Oct	4	Sunday	534.0417192	650.0769249	705.9844367	3.820478555
10/3/2022	538.867784	64664134075	8981562483	2.07885338	64.66413408	8.981562483	2022	10	Oct	4	Monday	538.511879	640.9552761	703.3504138	3.73618114
10/4/2022	551.5917835	66191014025	2958590722	2.361247036	66.19101402	2.958590722	2022	10	Oct	4	Tuesday	542.395576	633.0032367	700.7085664	3.783546441
10/5/2022	533.802692	64056323035	6026696465	-3.225046514	64.05632303	6.026696465	2022	10	Oct	4	Wednesday	540.0769546	625.8843851	697.7396781	3.718404787
10/6/2022	533.7200791	64046409496	8680563622	-0.015476283	64.0464095	8.680563622	2022	10	Oct	4	Thursday	535.9376473	619.0361292	694.5709512	3.723146194
10/7/2022	541.6978485	65003741825	5148481900	1.49474785	65.00374183	5.1484819	2022	10	Oct	4	Friday	536.7687068	613.2995985	690.7322322	3.721326134
10/8/2022	572.1876422	68662517070	6031273624	5.628560975	68.66251707	6.031273624	2022	10	Oct	4	Saturday	542.8230683	608.7095604	687.6888754	3.904778942
10/9/2022	586.48838	70378605602	2706429077	2.499309092	70.3786056	2.706429077	2022	10	Oct	4	Sunday	551.1937442	603.4689819	684.645668	3.817612503
10/10/2022	603.1708215	72380498576	4587276002	2.8444624	72.38049858	4.587276002	2022	10	Oct	4	Monday	560.3798924	599.3061606	682.1559153	3.862240448
10/11/2022	603.0610001	72367320007	4989060783	-0.018207347	72.36732001	4.989060783	2022	10	Oct	4	Tuesday	567.7326376	595.2535927	679.4792598	3.863450198
10/12/2022	635.7979994	76295759925	10941933052	5.428472296	76.29575992	10.94193305	2022	10	Oct	4	Wednesday	582.3033958	592.3088493	677.524831	4.013844597
10/13/2022	643.9974372	77279692469	4939724377	1.289629391	77.27969247	4.939724377	2022	10	Oct	4	Thursday	598.0573041	588.8795871	675.8306827	3.972326717
10/14/2022	619.959108	74395092958	6346217477	-3.732674676	74.39509296	6.346217477	2022	10	Oct	4	Friday	609.2374841	586.8580539	673.9929595	3.69618286
10/15/2022	653.3868503	78406422038	8668342015	5.391926967	78.40642204	8.668342015	2022	10	Oct	4	Saturday	620.8373709	586.5622995	672.1998227	3.804536801
10/16/2022	669.4423988	80333087857	3973435568	2.457280627	80.33308786	3.973435568	2022	10	Oct	4	Sunday	632.687945	586.6826886	670.2676319	3.829495945
10/17/2022	655.2791653	78633499832	6949085079	-2.115676206	78.63349983	6.949085079	2022	10	Oct	4	Monday	640.1319941	585.3114269	668.6538857	3.752536774
10/18/2022	640.4671189	76856054262	9117025207	-2.260417726	76.85605426	9.117025207	2022	10	Oct	4	Tuesday	645.4757254	583.9693306	666.8764287	3.752690593
10/19/2022	645.7128589	77485543068	10384815925	0.819049081	77.48554307	10.38481593	2022	10	Oct	4	Wednesday	646.8921339	584.5086243	665.4260524	3.48606006
10/20/2022	655.3399868	78640798411	8269167477	1.490930175	78.64079841	8.269167477	2022	10	Oct	4	Thursday	648.5124981	584.909605	664.5250582	3.474261115
10/21/2022	658.0594341	78967132089	8709002441	0.414967402	78.96713209	8.709002441	2022	10	Oct	4	Friday	653.9554019	586.0052633	663.7438635	3.429859456
10/22/2022	663.7956332	79655475983	3596764694	0.871684049	79.65547598	3.596764694	2022	10	Oct	4	Saturday	655.4423708	588.3235907	663.144327	3.288580813
10/23/2022	707.810529	84937263481	12187918009	6.630790203	84.93726348	12.18791801	2022	10	Oct	4	Sunday	660.9235323	592.6592283	662.241529	3.41893024
10/24/2022	735.9917307	88319007679	4054627546	3.981461209	88.31900768	4.054627546	2022	10	Oct	4	Monday	672.4538988	598.1371354	661.519736	3.451480906
10/25/2022	738.7811121	88653733449	10900929773	0.378996299	88.65373345	10.90092977	2022	10	Oct	4	Tuesday	686.498755	604.2233809	661.3260322	3.385602743
10/26/2022	764.1681953	91700183440	5665050137	3.436347092	91.70018344	5.665050137	2022	10	Oct	4	Wednesday	703.4209459	612.7764319	661.6216582	2.866878854
10/27/2022	730.4033928	87648407142	12448806450	-4.418504027	87.64840714	12.44880645	2022	10	Oct	4	Thursday	714.1442896	619.6430149	661.2207978	3.032787503
10/28/2022	739.2233009	88706796112	10325040372	1.207539309	88.70679611	10.32504037	2022	10	Oct	4	Friday	725.7391277	625.9493568	660.1981897	2.949919275
10/29/2022	791.5824269	94989891227	11442258649	7.082991823	94.98989123	11.44225865	2022	10	Oct	4	Saturday	743.994384	633.5789301	660.3460312	3.143671362
10/30/2022	781.6049148	93792589777	5279312952	-1.260451438	93.79258978	5.279312952	2022	10	Oct	4	Sunday	754.5364391	641.7697461	661.0289031	2.975274383
10/31/2022	752.5417601	90305011208	7510197943	-3.718394574	90.30501121	7.510197943	2022	10	Oct	4	Monday	756.900729	649.1942344	660.7880786	3.083877294
11/1/2022	730.2306133	87627673591	9125334162	-2.964771923	87.62767359	9.125334162	2022	11	Nov	4	Tuesday	755.6792292	655.9387999	660.1856553	3.165525151
11/2/2022	696.2698337	83552380044	10226546806	-4.650692389	83.55238004	10.22654681	2022	11	Nov	4	Wednesday	745.9794632	661.1855349	659.5241545	3.330496863
11/3/2022	672.0169067	80642028807	3425280263	-3.483265511	80.64202881	3.425280263	2022	11	Nov	4	Thursday	737.6385366	665.1997057	658.4328894	3.412663256
11/4/2022	659.4288658	79131463899	11512349073	-1.873173245	79.1314639	11.51234907	2022	11	Nov	4	Friday	726.2393316	669.3872448	658.0772602	3.367452708
11/5/2022	620.8169824	74498037886	10193304326	-5.855352327	74.49803789	10.19330433	2022	11	Nov	4	Saturday	701.8442681	672.2904749	657.3107781	3.57622267
11/6/2022	618.6376106	74236513275	4635463806	-0.351048991	74.23651328	4.635463806	2022	11	Nov	4	Sunday	678.5632247	674.8551337	656.4384216	3.575581415
11/7/2022	638.7050548	76644606580	9866554414	3.24381251	76.64460658	9.866554414	2022	11	Nov	4	Monday	662.3008382	677.0723807	655.517586	3.483060593
11/8/2022	613.3512115	73602145381	6786034690	-3.969569856	73.60214538	6.78603469	2022	11	Nov	4	Tuesday	645.6037808	677.9678085	654.6532235	3.549849767
11/9/2022	649.0353111	77884237330	6652620593	5.817890126	77.88423733	6.652620593	2022	11	Nov	4	Wednesday	638.8559919	679.4966248	654.178628	3.665567965
11/10/2022	659.6236541	79154838492	5361322858	1.631397066	79.15483849	5.361322858	2022	11	Nov	4	Thursday	637.0855272	681.3820466	654.1199699	3.672855025
11/11/2022	684.4500148	82134001774	8190093044	3.763715951	82.13400177	8.190093044	2022	11	Nov	4	Friday	640.659977	683.0037804	654.2805197	3.605661237
11/12/2022	663.8108094	79657297127	9366638232	-3.01544378	79.65729713	9.366638232	2022	11	Nov	4	Saturday	646.8019523	683.6642262	654.4922251	3.650657008
11/13/2022	683.9226636	82070719636	6509188697	3.029756967	82.07071964	6.509188697	2022	11	Nov	4	Sunday	656.1283885	685.7963447	655.0617175	3.610242187
11/14/2022	651.844181	78221301723	8252840373	-4.690366954	78.22130172	8.252840373	2022	11	Nov	4	Monday	658.0054065	685.7449224	655.5669408	3.59786001
11/15/2022	672.5151228	80701814732	9193353058	3.171147698	80.70181473	9.193353058	2022	11	Nov	4	Tuesday	666.4573938	685.8473465	656.1422167	3.616612158
11/16/2022	674.1671686	80900060228	9330577546	0.245651843	80.90006023	9.330577546	2022	11	Nov	4	Wednesday	670.0476592	686.4769466	656.5137431	3.592836787
11/17/2022	686.1927389	82343128668	2983779993	1.783766831	82.34312867	2.983779993	2022	11	Nov	4	Thursday	673.8432427	688.001134	657.1040964	3.574835353
11/18/2022	651.7462498	78209549978	10415145177	-5.019943688	78.20954998	10.41514518	2022	11	Nov	4	Friday	669.1712763	688.202247	657.3197265	3.701830546
11/19/2022	625.9952914	75119434963	6384430658	-3.951071214	75.11943496	6.384430658	2022	11	Nov	4	Saturday	663.7690594	687.2240905	657.6625438	3.763986652
11/20/2022	638.225582	76587069838	4709333548	1.953735243	76.58706984	4.709333548	2022	11	Nov	4	Sunday	657.2409049	686.5629621	658.237644	3.781469241
11/21/2022	611.6662756	73399953067	4331459012	-4.161429309	73.39995307	4.331459012	2022	11	Nov	4	Monday	651.5012041	684.8253168	658.5483172	3.850957734
11/22/2022	620.2439253	74429271034	6546924729	1.402341451	74.42927103	6.546924729	2022	11	Nov	4	Tuesday	644.0338902	681.90643	658.2570786	3.643863225
11/23/2022	584.5214619	70142575424	9568835040	-5.759421731	70.14257542	9.56883504	2022	11	Nov	4	Wednesday	631.2273607	676.8574211	657.9001934	3.676124984
11/24/2022	601.8779775	72225357297	5445915431	2.969354719	72.2253573	5.445915431	2022	11	Nov	4	Thursday	619.1823948	672.2939832	657.3428662	3.732329165
11/25/2022	570.2391167	68428694003	8209191266	-5.25669022	68.428694	8.209191266	2022	11	Nov	4	Friday	607.5385186	665.8296806	656.1601045	3.744504187
11/26/2022	580.225661	69627079325	2897757035	1.751290652	69.62707932	2.897757035	2022	11	Nov	4	Saturday	601	660.8237562	655.0245417	3.714084643
11/27/2022	592.1018306	71052219673	6190552836	2.046819086	71.05221967	6.190552836	2022	11	Nov	4	Sunday	594.4108926	655.9197072	653.4910438	3.732046886
11/28/2022	573.071586	68768590319	10246680659	-3.214015501	68.76859032	10.24668066	2022	11	Nov	4	Monday	588.8973656	648.6360125	651.6475501	3.457897198
11/29/2022	583.74298	70049157600	8577697016	1.862139786	70.0491576	8.577697016	2022	11	Nov	4	Tuesday	583.6829448	642.0406147	649.8173318	3.496962003
11/30/2022	586.9932698	70439192372	3892710575	0.556801518	70.43919237	3.892710575	2022	11	Nov	4	Wednesday	584.0360602	636.5223317	648.0644042	3.465484287
12/1/2022	571.6688887	68600266648	6185890256	-2.610657026	68.60026665	6.185890256	2022	12	Dec	4	Thursday	579.7204761	631.2369409	645.7508886	3.45833325
12/2/2022	546.3626968	65563523614	3804977233	-4.426721909	65.56352361	3.804977233	2022	12	Dec	4	Friday	576.309559	626.2400363	642.7936158	3.449863499
12/3/2022	502.606642	60312797045	4773595721	-8.008609483	60.31279704	4.773595721	2022	12	Dec	4	Saturday	565.2211277	620.5930275	639.5986566	3.665810457
12/4/2022	507.1403644	60856843733	7522519496	0.90204188	60.85684373	7.522519496	2022	12	Dec	4	Sunday	553.0837754	615.5167441	636.929458	3.675351983
12/5/2022	473.9744384	56876932613	6970096200	-6.5397922	56.87693261	6.9700962	2022	12	Dec	4	Monday	538.92704	610.6219926	633.9828656	3.70974451
12/6/2022	473.3751082	56805012985	3259019781	-0.126447797	56.80501298	3.259019781	2022	12	Dec	4	Tuesday	523.1602012	605.7799092	631.3115471	3.710966897
12/7/2022	466.02252	55922702400	7866467492	-1.553226622	55.9227024	7.866467492	2022	12	Dec	4	Wednesday	505.8786655	600.0238247	628.601922	3.632312166
12/8/2022	476.3942676	57167312108	5780082993	2.225589347	57.16731211	5.780082993	2022	12	Dec	4	Thursday	492.2680054	595.4585933	625.6317945	3.632622427
12/9/2022	468.2357996	56188295954	4247324699	-1.712545365	56.18829595	4.247324699	2022	12	Dec	4	Friday	481.10702	589.4319429	622.7449094	3.415077265
12/10/2022	459.6951503	55163418042	4977520414	-1.82400604	55.16341804	4.977520414	2022	12	Dec	4	Saturday	474.9768069	582.7676594	619.8010996	3.380489706
12/11/2022	470.8637473	56503649677	5797757586	2.429565974	56.50364968	5.797757586	2022	12	Dec	4	Sunday	469.7944331	575.6481172	616.9869156	3.322022097
12/12/2022	474.6899814	56962797772	5536035670	0.812599005	56.96279777	5.53603567	2022	12	Dec	4	Monday	469.8966535	569.3440896	613.9626343	3.322795113
12/13/2022	478.1664678	57379976138	5070588404	0.732369867	57.37997614	5.070588404	2022	12	Dec	4	Tuesday	470.5811334	562.4855497	611.7133161	3.251058309
12/14/2022	484.6077672	58152932068	5268186729	1.347083045	58.15293207	5.268186729	2022	12	Dec	4	Wednesday	473.2361688	556.9110026	609.7394081	3.209903268
12/15/2022	453.2691328	54392295931	2783222738	-6.466803999	54.39229593	2.783222738	2022	12	Dec	4	Thursday	469.9325781	549.6028029	607.3776127	3.266839121
12/16/2022	464.6503066	55758036790	7110708045	2.510908641	55.75803679	7.110708045	2022	12	Dec	4	Friday	469.4203648	542.6189075	604.802427	3.328290218
12/17/2022	473.555522	56826662645	5399171592	1.916541394	56.82666265	5.399171592	2022	12	Dec	4	Saturday	471.4004179	535.5310003	602.5004883	3.332450365
12/18/2022	452.1637707	54259652490	2481271304	-4.517263616	54.25965249	2.481271304	2022	12	Dec	4	Sunday	468.7289927	528.878251	600.5297074	3.31365504
12/19/2022	445.2698647	53432383764	6515483546	-1.524648035	53.43238376	6.515483546	2022	12	Dec	4	Monday	464.5261188	522.8540701	598.3292552	3.272460766
12/20/2022	442.0679935	53048159219	7527177172	-0.719085541	53.04815922	7.527177172	2022	12	Dec	4	Tuesday	459.3691939	516.3154838	596.2945697	3.223140429
12/21/2022	437.2017863	52464214360	7537891898	-1.10078251	52.46421436	7.537891898	2022	12	Dec	4	Wednesday	452.596911	510.5000008	594.5496361	3.173081193
12/22/2022	440.5461506	52865538075	3926964660	0.764947537	52.86553808	3.92696466	2022	12	Dec	4	Thursday	450.7793421	504.510075	593.0252444	3.158101791
12/23/2022	463.8170534	55658046402	2574853925	5.282284885	55.6580464	2.574853925	2022	12	Dec	4	Friday	450.6603059	500.4865947	591.8270504	3.236909779
12/24/2022	481.5138027	57781656328	5327928378	3.815458974	57.78165633	5.327928378	2022	12	Dec	4	Saturday	451.7972031	496.4744556	590.9972732	3.2736092
12/25/2022	454.216179	54505941481	2371722892	-5.669125906	54.50594148	2.371722892	2022	12	Dec	4	Sunday	452.0904043	492.6070243	590.404379	3.2942577
12/26/2022	462.9113683	55549364201	7892369798	1.914328405	55.5493642	7.892369798	2022	12	Dec	4	Monday	454.6106191	488.6965479	589.7211063	3.298575993
12/27/2022	485.2791392	58233496706	3029862936	4.831977006	58.23349671	3.029862936	2022	12	Dec	4	Tuesday	460.7836399	485.1357915	589.0016185	3.415568076
12/28/2022	489.8890997	58786691963	3546713009	0.949960569	58.78669196	3.546713009	2022	12	Dec	4	Wednesday	468.310399	482.363042	588.1926615	3.390344717
12/29/2022	508.645387	61037446441	4809530021	3.828680273	61.03744644	4.809530021	2022	12	Dec	4	Thursday	478.0388613	479.8597889	587.8900499	3.455277039
12/30/2022	547.9173411	65750080932	4995673806	7.720890644	65.75008093	4.995673806	2022	12	Dec	4	Friday	490.0531882	478.5572579	588.0912747	3.757941483
12/31/2022	567.3091144	68077093731	8534113637	3.539178608	68.07709373	8.534113637	2022	12	Dec	4	Saturday	502.3096613	478.4119321	588.5292243	3.787297561
1/1/2023	573.5681002	68828172020	5833739475	1.103276076	68.82817202	5.833739475	2023	1	Jan	1	Sunday	519.3599357	479.3187789	588.9147834	3.695639334
1/2/2023	601.3516542	72162198503	3643627524	4.843985225	72.1621985	3.643627524	2023	1	Jan	1	Monday	539.1371194	482.6102793	589.4676708	3.444197086
1/3/2023	608.1702753	72980433033	4529544257	1.133882486	72.98043303	4.529544257	2023	1	Jan	1	Tuesday	556.692996	485.977943	590.2939773	3.445025251
1/4/2023	612.0846285	73450155423	6690839535	0.643627848	73.45015542	6.690839535	2023	1	Jan	1	Wednesday	574.1495001	490.581616	591.1646945	3.165270871
1/5/2023	606.833054	72819966479	3473109713	-0.857981771	72.81996648	3.473109713	2023	1	Jan	1	Thursday	588.1763097	495.0302142	591.888419	3.176285044
1/6/2023	649.5048881	77940586572	8058953854	7.031890209	77.94058657	8.058953854	2023	1	Jan	1	Friday	602.6888164	501.1462931	592.7474995	3.332402124
1/7/2023	631.9901907	75838822887	7423837860	-2.696622873	75.83882289	7.42383786	2023	1	Jan	1	Saturday	611.9289701	506.3328239	593.2530752	3.39895501
1/8/2023	675.5653924	81067847091	9384760785	6.894917411	81.06784709	9.384760785	2023	1	Jan	1	Sunday	626.5000119	513.2438103	594.0574593	3.522927084
1/9/2023	692.9146196	83149754350	11850881641	2.568104783	83.14975435	11.85088164	2023	1	Jan	1	Monday	639.5804355	521.0177926	595.0558329	3.480096746
1/10/2023	658.7063644	79044763733	11024416462	-4.936864395	79.04476373	11.02441646	2023	1	Jan	1	Tuesday	646.7998768	527.2792132	595.3103703	3.662629348
1/11/2023	672.0336165	80644033976	11574763534	2.023246282	80.64403398	11.57476353	2023	1	Jan	1	Wednesday	655.364018	533.8573344	595.6218834	3.664997319
1/12/2023	621.1752304	74541027649	4425193080	-7.567833634	74.54102765	4.42519308	2023	1	Jan	1	Thursday	657.4129003	538.6242931	595.6353958	4.001708157
1/13/2023	640.2898658	76834783900	3518098546	3.077172831	76.8347839	3.518098546	2023	1	Jan	1	Friday	656.0964686	543.8136964	595.4898738	4.019998789
1/14/2023	666.872849	80024741877	5303496048	4.151710742	80.02474188	5.303496048	2023	1	Jan	1	Saturday	661.0797054	550.9338203	595.4613232	3.800333751
1/15/2023	654.6862794	78562353527	10795270339	-1.827420265	78.56235353	10.79527034	2023	1	Jan	1	Sunday	658.096975	557.2683527	595.4547356	3.837593483
1/16/2023	661.3816601	79365799214	11638710084	1.022685359	79.36579921	11.63871008	2023	1	Jan	1	Monday	653.5922665	563.529224	595.6871194	3.835473344
1/17/2023	718.8930016	86267160195	11483797592	8.695635966	86.2671602	11.48379759	2023	1	Jan	1	Tuesday	662.1903575	572.4201983	596.5002321	3.915202571
1/18/2023	708.1671351	84980056213	3671319142	-1.491997626	84.98005621	3.671319142	2023	1	Jan	1	Wednesday	667.3522888	581.1834407	597.0872004	3.914299479
1/19/2023	682.3234097	81878809163	11765277425	-3.649382207	81.87880916	11.76527742	2023	1	Jan	1	Thursday	676.087743	589.1919546	597.3568002	4.010381459
1/20/2023	727.7319752	87327837029	7056348009	6.654991594	87.32783703	7.056348009	2023	1	Jan	1	Friday	688.5794729	598.8762942	598.067204	4.083941548
1/21/2023	791.2243632	94946923586	2954485723	8.724693999	94.94692359	2.954485723	2023	1	Jan	1	Saturday	706.3439749	610.5655679	598.9940243	4.269197515
1/22/2023	795.4098827	95449185924	7930610267	0.528992746	95.44918592	7.930610267	2023	1	Jan	1	Sunday	726.4473468	621.6186623	599.654226	4.233482971
1/23/2023	832.4950412	99899404947	3549256065	4.662395996	99.89940495	3.549256065	2023	1	Jan	1	Monday	750.8921155	633.3180369	600.6954919	4.249489974
1/24/2023	882.8723761	1.05945E+11	10092857567	6.051367559	105.9446851	10.09285757	2023	1	Jan	1	Tuesday	774.3177405	647.6065768	602.0144272	4.061537826
1/25/2023	861.399976	1.03368E+11	7300518121	-2.432106913	103.3679971	7.300518121	2023	1	Jan	1	Wednesday	796.2081463	660.8895304	603.4699448	4.152963168
1/26/2023	849.1261908	1.01895E+11	8845740712	-1.424864819	101.8951429	8.845740712	2023	1	Jan	1	Thursday	820.037115	673.0177654	604.6910881	4.171947836
1/27/2023	896.490291	1.07579E+11	11143063410	5.577981311	107.5788349	11.14306341	2023	1	Jan	1	Friday	844.1454459	686.5711385	605.856731	4.218406661
1/28/2023	963.8314293	1.1566E+11	15528033494	7.511641674	115.6597715	15.52803349	2023	1	Jan	1	Saturday	868.8035982	701.7440065	607.88147	4.322168897
1/29/2023	990.7318023	1.18888E+11	13009678451	2.790983174	118.8878163	13.00967845	2023	1	Jan	1	Sunday	896.7067295	716.5044886	610.5280261	4.198652631
1/30/2023	961.2624504	1.15351E+11	9468727078	-2.974503475	115.3514941	9.468727078	2023	1	Jan	1	Monday	915.1020737	729.6362664	613.0950465	4.287968243
1/31/2023	1045.980701	1.25518E+11	16107852909	8.813227945	125.5176842	16.10785291	2023	1	Jan	1	Tuesday	938.403263	745.3833532	616.9807228	4.468238515
2/1/2023	1029.095825	1.23491E+11	17124548444	-1.61426272	123.491499	17.12454844	2023	2	Feb	1	Wednesday	962.3598129	759.6414922	620.9482663	4.487913
2/2/2023	1020.429796	1.22452E+11	5433322856	-0.842101226	122.4515756	5.433322856	2023	2	Feb	1	Thursday	986.8317565	773.3834762	624.9593878	4.514011903
2/3/2023	1039.615289	1.24754E+11	11705896494	1.880138471	124.7538347	11.70589649	2023	2	Feb	1	Friday	1007.278185	787.6344982	629.6127023	4.508381522
2/4/2023	1111.749663	1.3341E+11	8557106271	6.938564112	133.4099595	8.557106271	2023	2	Feb	1	Saturday	1028.409361	804.4650519	635.0917251	4.569517026
2/5/2023	1156.03575	1.38724E+11	4945152453	3.9834586	138.72429	4.945152453	2023	2	Feb	1	Sunday	1052.024211	821.3494139	640.8398439	4.490143863
2/6/2023	1181.138441	1.41737E+11	15623003688	2.171445894	141.7366129	15.62300369	2023	2	Feb	1	Monday	1083.435067	839.6543556	647.1485909	4.400260681
2/7/2023	1209.107737	1.45093E+11	19374620490	2.367994687	145.0929284	19.37462049	2023	2	Feb	1	Tuesday	1106.738929	857.4391004	653.3716179	4.310364162
2/8/2023	1217.111847	1.46053E+11	7236701460	0.661984885	146.0534217	7.23670146	2023	2	Feb	1	Wednesday	1133.598361	874.9123414	659.5659311	4.316474987
2/9/2023	1250.631869	1.50076E+11	19133112647	2.754062567	150.0758243	19.13311265	2023	2	Feb	1	Thursday	1166.484371	894.6431915	665.8568406	4.114922735
2/10/2023	1135.751369	1.3629E+11	18045838291	-9.185796643	136.2901642	18.04583829	2023	2	Feb	1	Friday	1180.218097	910.1004499	671.1006246	4.613973216
2/11/2023	1127.771375	1.35333E+11	18908781431	-0.702618046	135.332565	18.90878143	2023	2	Feb	1	Saturday	1182.506913	926.9869881	676.032277	4.288674476
2/12/2023	1144.187937	1.37303E+11	8489994954	1.45566401	137.3025524	8.489994954	2023	2	Feb	1	Sunday	1180.814368	943.7835904	681.5027631	4.286097803
2/13/2023	1097.943684	1.31753E+11	18244446899	-4.041665848	131.753242	18.2444469	2023	2	Feb	1	Monday	1168.929402	958.1526182	686.2297471	4.406374013
2/14/2023	1120.373567	1.34445E+11	9206718712	2.042899269	134.4448281	9.206718712	2023	2	Feb	1	Tuesday	1156.253092	973.6755278	691.187596	4.353799644
2/15/2023	1116.545283	1.33985E+11	12900192827	-0.341697136	133.9854339	12.90019283	2023	2	Feb	1	Wednesday	1141.88644	988.8476486	695.969291	4.370349993
2/16/2023	1203.459527	1.44415E+11	5207739535	7.784211344	144.4151433	5.207739535	2023	2	Feb	1	Thursday	1135.147534	1004.999866	702.0994385	4.324059931
2/17/2023	1287.689025	1.54523E+11	5449355313	6.998947308	154.5226831	5.449355313	2023	2	Feb	1	Friday	1156.852914	1024.317262	709.4515911	4.377232494
2/18/2023	1269.891051	1.52387E+11	17744662936	-1.382163989	152.3869262	17.74466294	2023	2	Feb	1	Saturday	1177.155725	1043.902851	716.4700963	4.293223719
2/19/2023	1268.199316	1.52184E+11	12682642072	-0.133218973	152.1839179	12.68264207	2023	2	Feb	1	Sunday	1194.871636	1061.918429	723.7649079	4.227647267
2/20/2023	1270.393783	1.52447E+11	9261945880	0.173038062	152.447254	9.26194588	2023	2	Feb	1	Monday	1219.507365	1077.890743	730.9887952	4.039512175
2/21/2023	1253.492662	1.50419E+11	7949593228	-1.330384473	150.4191194	7.949593228	2023	2	Feb	1	Tuesday	1238.524378	1093.160168	738.4218085	4.071744705
2/22/2023	1269.209906	1.52305E+11	16813642804	1.253876062	152.3051887	16.8136428	2023	2	Feb	1	Wednesday	1260.33361	1107.717331	745.8366077	4.03090252
2/23/2023	1237.025564	1.48443E+11	4460444802	-2.535777698	148.4430677	4.460444802	2023	2	Feb	1	Thursday	1265.128758	1119.522437	753.245346	4.000864834
2/24/2023	1187.818408	1.42538E+11	18060580341	-3.977860861	142.538209	18.06058034	2023	2	Feb	1	Friday	1250.861527	1130.403051	759.9963765	4.058883931
2/25/2023	1223.415894	1.4681E+11	5800452497	2.996879416	146.8099073	5.800452497	2023	2	Feb	1	Saturday	1244.222219	1142.879375	767.0109772	4.042190743
2/26/2023	1260.407449	1.51249E+11	8012977910	3.023628795	151.2488939	8.01297791	2023	2	Feb	1	Sunday	1243.109095	1155.009947	774.6480424	3.975391216
2/27/2023	1226.122125	1.47135E+11	11233490704	-2.720177824	147.134655	11.2334907	2023	2	Feb	1	Monday	1236.784573	1163.75297	781.7855884	3.853875695
2/28/2023	1276.665788	1.532E+11	13509633773	4.12223724	153.1998946	13.50963377	2023	2	Feb	1	Tuesday	1240.095019	1173.284103	789.4486164	3.88421938
3/1/2023	1250.517045	1.50062E+11	10894416546	-2.048205808	150.0620454	10.89441655	2023	3	Mar	1	Wednesday	1237.424611	1182.925923	796.9913737	3.855759959
3/2/2023	1269.012969	1.52282E+11	10429072397	1.479062075	152.2815562	10.4290724	2023	3	Mar	1	Thursday	1241.99424	1190.360331	805.0208212	3.561424767
3/3/2023	1317.315913	1.58078E+11	23027196669	3.806339704	158.0779096	23.02719667	2023	3	Mar	1	Friday	1260.493883	1199.967668	814.0731464	3.577028487
3/4/2023	1321.519689	1.58582E+11	16966657484	0.319116766	158.5823627	16.96665748	2023	3	Mar	1	Saturday	1274.508711	1210.003998	823.1218056	3.563915386
3/5/2023	1351.871811	1.62225E+11	5322906784	2.29675894	162.2246173	5.322906784	2023	3	Mar	1	Sunday	1287.575049	1220.412548	832.8762208	3.568565652
3/6/2023	1330.212637	1.59626E+11	13028811675	-1.602161813	159.6255164	13.02881168	2023	3	Mar	1	Monday	1302.445122	1227.694647	842.3966378	3.41078885
3/7/2023	1325.743891	1.59089E+11	21477217124	-0.335942182	159.089267	21.47721712	2023	3	Mar	1	Tuesday	1309.456279	1233.351585	851.9490975	3.356228599
3/8/2023	1320.77776	1.58493E+11	10488255361	-0.374592038	158.4933312	10.48825536	2023	3	Mar	1	Wednesday	1319.493524	1238.006229	861.3311363	3.34500053
3/9/2023	1287.660475	1.54519E+11	6388870847	-2.507407848	154.519257	6.388870847	2023	3	Mar	1	Thursday	1322.157454	1240.624654	870.4358549	3.365840015
3/10/2023	1284.299419	1.54116E+11	18648978857	-0.26102037	154.1159303	18.64897886	2023	3	Mar	1	Friday	1317.440812	1242.86424	879.5981246	3.366304299
3/11/2023	1212.536052	1.45504E+11	14946445899	-5.587744282	145.5043262	14.9464459	2023	3	Mar	1	Saturday	1301.871721	1241.594379	887.8389279	3.493116157
3/12/2023	1194.229891	1.43308E+11	14106840718	-1.509741578	143.3075869	14.10684072	2023	3	Mar	1	Sunday	1279.351446	1243.543663	895.8338158	3.053904707
3/13/2023	1185.9313	1.42312E+11	5184301595	-0.694890508	142.3117561	5.184301595	2023	3	Mar	1	Monday	1258.739827	1245.482327	903.6978695	3.053825227
3/14/2023	1179.029182	1.41484E+11	6629900085	-0.581999853	141.4835018	6.629900085	2023	3	Mar	1	Tuesday	1237.780583	1246.643702	911.413663	3.047871092
3/15/2023	1172.842248	1.40741E+11	14736424249	-0.524748194	140.7410697	14.73642425	2023	3	Mar	1	Wednesday	1216.646938	1249.140321	919.4089198	2.94728828
3/16/2023	1175.092179	1.41011E+11	7746987102	0.191835784	141.0110615	7.746987102	2023	3	Mar	1	Thursday	1200.565753	1250.964275	927.3027184	2.928023177
3/17/2023	1203.098016	1.44372E+11	13063971121	2.383288516	144.3717619	13.06397112	2023	3	Mar	1	Friday	1188.965552	1253.849366	935.4087461	2.95280555
3/18/2023	1251.377432	1.50165E+11	14323636848	4.012924631	150.1652919	14.32363685	2023	3	Mar	1	Saturday	1194.514321	1255.446629	944.2888979	2.691499779
3/19/2023	1224.591475	1.46951E+11	9407928342	-2.140517848	146.950977	9.407928342	2023	3	Mar	1	Sunday	1198.85169	1253.343378	952.9480269	2.391862253
3/20/2023	1172.128207	1.40655E+11	20227794168	-4.284144512	140.6553848	20.22779417	2023	3	Mar	1	Monday	1196.87982	1250.084616	961.0598071	2.500078687
3/21/2023	1129.15547	1.35499E+11	17763290235	-3.66621471	135.4986564	17.76329024	2023	3	Mar	1	Tuesday	1189.755004	1245.449821	968.7481813	2.577076864
3/22/2023	1112.15713	1.33459E+11	15572622662	-1.505402984	133.4588556	15.57262266	2023	3	Mar	1	Wednesday	1181.085701	1240.175266	976.2105256	2.583448478
3/23/2023	1101.346231	1.32162E+11	5201781246	-0.972065726	132.1615478	5.201781246	2023	3	Mar	1	Thursday	1170.550566	1235.103719	983.2941831	2.579872872
3/24/2023	1072.541608	1.28705E+11	5500285394	-2.615401315	128.7049929	5.500285394	2023	3	Mar	1	Friday	1151.89965	1228.548109	989.8611587	2.591128787
3/25/2023	1022.72782	1.22727E+11	10939149308	-4.644462054	122.7273384	10.93914931	2023	3	Mar	1	Saturday	1119.23542	1221.40485	996.1779547	2.674748046
3/26/2023	1008.540948	1.21025E+11	5964785720	-1.387160049	121.0249138	5.96478572	2023	3	Mar	1	Sunday	1088.371059	1215.428935	1002.240506	2.602695062
3/27/2023	1020.229059	1.22427E+11	18044814508	1.158912932	122.4274871	18.04481451	2023	3	Mar	1	Monday	1066.671181	1208.656041	1008.184394	2.53810394
3/28/2023	1049.257893	1.25911E+11	6172460350	2.845325074	125.9109471	6.17246035	2023	3	Mar	1	Tuesday	1055.257241	1201.617722	1014.399602	2.529587424
3/29/2023	1030.485923	1.23658E+11	10943283209	-1.789071128	123.6583107	10.94328321	2023	3	Mar	1	Wednesday	1043.589926	1195.096515	1020.197831	2.50802121
3/30/2023	1017.902659	1.22148E+11	9001662578	-1.221099986	122.1483191	9.001662578	2023	3	Mar	1	Thursday	1031.669416	1186.471078	1025.41989	2.349712679
3/31/2023	985.0131224	1.18202E+11	12615225063	-3.231108247	118.2015747	12.61522506	2023	3	Mar	1	Friday	1019.165346	1177.620947	1030.061045	2.382374801
4/1/2023	987.9285357	1.18551E+11	5392236736	0.295977106	118.5514243	5.392236736	2023	4	Apr	2	Saturday	1014.19402	1168.251466	1034.66505	2.353568885
4/2/2023	958.9854414	1.15078E+11	9394755121	-2.929674896	115.078253	9.394755121	2023	4	Apr	2	Sunday	1007.114662	1156.307117	1038.638759	2.215830387
4/3/2023	985.3466007	1.18242E+11	7445035015	2.748859175	118.2415921	7.445035015	2023	4	Apr	2	Monday	1002.131454	1145.101347	1042.829607	2.309231936
4/4/2023	921.2588879	1.10551E+11	15093557342	-6.504078141	110.5510665	15.09355734	2023	4	Apr	2	Tuesday	983.8458814	1130.747583	1046.264877	2.438258424
4/5/2023	911.8979637	1.09428E+11	3815777076	-1.016101373	109.4277556	3.815777076	2023	4	Apr	2	Wednesday	966.9047444	1116.803761	1049.654487	2.437613662
4/6/2023	926.797006	1.11216E+11	15530963864	1.633849722	111.2156407	15.53096386	2023	4	Apr	2	Thursday	953.8896511	1103.505531	1052.73551	2.488294305
4/7/2023	937.5219225	1.12503E+11	14620762755	1.157202328	112.5026307	14.62076275	2023	4	Apr	2	Friday	947.105194	1090.730337	1056.130307	2.520389296
4/8/2023	1048.487346	1.25818E+11	8267341930	11.83603509	125.8184816	8.26734193	2023	4	Apr	2	Saturday	955.7564527	1082.757899	1060.273884	3.438425834
4/9/2023	1067.663861	1.2812E+11	15978428259	1.828969631	128.1196634	15.97842826	2023	4	Apr	2	Sunday	971.2819412	1075.536714	1064.437765	3.46714423
4/10/2023	1029.870885	1.23585E+11	4170436678	-3.539782338	123.5845062	4.170436678	2023	4	Apr	2	Monday	977.6425532	1069.447875	1068.561815	3.383839464
4/11/2023	1030.174101	1.23621E+11	18051600591	0.029442176	123.6208921	18.05160059	2023	4	Apr	2	Tuesday	993.2018694	1063.979348	1072.541154	3.379492155
4/12/2023	963.4653568	1.15616E+11	10774401458	-6.475482556	115.6158428	10.77440146	2023	4	Apr	2	Wednesday	1000.56864	1056.563817	1076.344377	3.554914399
4/13/2023	964.3036446	1.15716E+11	7682845103	0.087007564	115.7164373	7.682845103	2023	4	Apr	2	Thursday	1005.926731	1049.406299	1079.944531	3.557324716
4/14/2023	936.5174292	1.12382E+11	8261205918	-2.881479872	112.3820915	8.261205918	2023	4	Apr	2	Friday	1005.783232	1041.528805	1082.940581	3.58136626
4/15/2023	975.4104989	1.17049E+11	4444201493	4.152946707	117.0492599	4.444201493	2023	4	Apr	2	Saturday	995.3436824	1034.872749	1086.504184	3.686343562
4/16/2023	958.090302	1.14971E+11	17098686003	-1.77568284	114.9708362	17.098686	2023	4	Apr	2	Sunday	979.6903167	1026.705825	1089.800947	3.650080519
4/17/2023	957.5014827	1.149E+11	3988763516	-0.061457606	114.9001779	3.988763516	2023	4	Apr	2	Monday	969.3518307	1016.90996	1092.452152	3.543176593
4/18/2023	937.2513703	1.1247E+11	12213006352	-2.114890972	112.4701644	12.21300635	2023	4	Apr	2	Tuesday	956.0771549	1007.331957	1094.997532	3.542852534
4/19/2023	1008.826325	1.21059E+11	10063443462	7.63668717	121.059159	10.06344346	2023	4	Apr	2	Wednesday	962.5572933	1001.888561	1098.625342	3.800960059
4/20/2023	999.9660021	1.19996E+11	17263806588	-0.878280344	119.9959202	17.26380659	2023	4	Apr	2	Thursday	967.6519158	997.5822452	1101.650165	3.752902388
4/21/2023	1080.352366	1.29642E+11	7716304697	8.038909675	129.6422839	7.716304697	2023	4	Apr	2	Friday	988.1997639	996.5220864	1104.862698	4.043777285
4/22/2023	1120.598823	1.34472E+11	12620240268	3.725308353	134.4718587	12.62024027	2023	4	Apr	2	Saturday	1008.940953	997.1638394	1108.475909	4.096227362
4/23/2023	1146.996429	1.3764E+11	12096143368	2.35566966	137.6395715	12.09614337	2023	4	Apr	2	Sunday	1035.927543	999.6456668	1111.970369	4.08156609
4/24/2023	1168.695212	1.40243E+11	16035990490	1.891791654	140.2434254	16.03599049	2023	4	Apr	2	Monday	1066.098075	1004.511247	1115.146178	3.981607963
4/25/2023	1191.988311	1.43039E+11	5458528502	1.993085877	143.0385973	5.458528502	2023	4	Apr	2	Tuesday	1102.489067	1010.626159	1118.819382	3.973579805
4/26/2023	1107.926151	1.32951E+11	7080272390	-7.0522638	132.9511381	7.08027239	2023	4	Apr	2	Wednesday	1116.646185	1013.549395	1121.694937	4.211782608
4/27/2023	1099.988645	1.31999E+11	7358630786	-0.716429187	131.9986374	7.358630786	2023	4	Apr	2	Thursday	1130.935134	1015.24042	1123.95603	4.189436963
4/28/2023	1142.321581	1.37079E+11	16254517424	3.848488461	137.0785897	16.25451742	2023	4	Apr	2	Friday	1139.787879	1018.968275	1125.939254	4.221559582
4/29/2023	1144.599225	1.37352E+11	7237984485	0.199387307	137.351907	7.237984485	2023	4	Apr	2	Saturday	1143.216508	1023.191494	1127.648892	4.210367927
4/30/2023	1086.309391	1.30357E+11	12881762446	-5.092597707	130.3571269	12.88176245	2023	4	Apr	2	Sunday	1134.546931	1026.568037	1129.038302	4.280026704
5/1/2023	1088.303859	1.30596E+11	7291103692	0.183600374	130.5964631	7.291103692	2023	5	May	2	Monday	1123.062452	1029.913881	1129.508559	4.280182776
5/2/2023	1169.652327	1.40358E+11	18723091814	7.474793637	140.3582792	18.72309181	2023	5	May	2	Tuesday	1119.871597	1036.93611	1131.070298	4.41947942
5/3/2023	1234.289671	1.48115E+11	21189631571	5.526201487	148.1147605	21.18963157	2023	5	May	2	Wednesday	1137.923528	1045.234212	1133.446519	4.491149001
5/4/2023	1236.049539	1.48326E+11	13678493581	0.142581455	148.3259447	13.67849358	2023	5	May	2	Thursday	1157.360799	1055.727234	1135.629122	4.274590477
5/5/2023	1289.010609	1.54681E+11	11179908603	4.284704497	154.6812731	11.1799086	2023	5	May	2	Friday	1178.316374	1068.297656	1137.598688	4.294841417
5/6/2023	1275.199776	1.53024E+11	8888693272	-1.071429018	153.0239731	8.888693272	2023	5	May	2	Saturday	1196.973596	1079.911081	1138.922733	4.314813446
5/7/2023	1195.814869	1.43498E+11	5162149137	-6.225291799	143.4977842	5.162149137	2023	5	May	2	Sunday	1212.617236	1088.520846	1139.085804	4.520465722
5/8/2023	1156.873148	1.38825E+11	8637678945	-3.256500751	138.8247778	8.637678945	2023	5	May	2	Monday	1222.412848	1092.133706	1138.50542	4.081257492
5/9/2023	1236.271165	1.48353E+11	16097480944	6.863156662	148.3525398	16.09748094	2023	5	May	2	Tuesday	1231.929825	1097.75395	1138.718301	4.241999774
5/10/2023	1227.519167	1.47302E+11	13851429155	-0.707935172	147.3023	13.85142916	2023	5	May	2	Wednesday	1230.96261	1104.342226	1138.461493	4.178275141
5/11/2023	1220.312411	1.46437E+11	20982288838	-0.587099203	146.4374894	20.98228884	2023	5	May	2	Thursday	1228.714449	1110.68017	1139.40106	4.183052066
5/12/2023	1210.401781	1.45248E+11	11264474158	-0.812138739	145.2482138	11.26447416	2023	5	May	2	Friday	1217.484617	1118.911384	1140.319176	3.972896164
5/13/2023	1311.207888	1.57345E+11	17821455258	8.328317751	157.3449465	17.82145526	2023	5	May	2	Saturday	1222.628633	1130.474858	1142.174953	4.197672447
5/14/2023	1404.680781	1.68562E+11	14954579338	7.12876223	168.5616937	14.95457934	2023	5	May	2	Sunday	1252.46662	1146.080304	1145.583143	4.266435732
5/15/2023	1540.914838	1.8491E+11	16920936094	9.69857776	184.9097806	16.92093609	2023	5	May	2	Monday	1307.329719	1164.930448	1150.255824	4.50137302
5/16/2023	1536.983282	1.84438E+11	11459670703	-0.25514429	184.4379939	11.4596707	2023	5	May	2	Tuesday	1350.288593	1184.226881	1154.927357	4.47012899
5/17/2023	1561.18604	1.87342E+11	15848054087	1.574692321	187.3423248	15.84805409	2023	5	May	2	Wednesday	1397.955289	1204.349699	1158.902096	4.458076995
5/18/2023	1474.8725	1.76985E+11	15308149980	-5.528715807	176.9847001	15.30814998	2023	5	May	2	Thursday	1434.321016	1222.270404	1160.981913	4.601077468
5/19/2023	1570.560537	1.88467E+11	21635495897	6.487885334	188.4672645	21.6354959	2023	5	May	2	Friday	1485.772267	1240.994877	1164.322685	4.553845614
5/20/2023	1504.55525	1.80547E+11	25795924720	-4.202657972	180.5466299	25.79592472	2023	5	May	2	Saturday	1513.393318	1257.814519	1166.948862	4.655183679
5/21/2023	1523.387712	1.82807E+11	12708445185	1.251696327	182.8065255	12.70844518	2023	5	May	2	Sunday	1530.351451	1272.582364	1169.759906	4.487050983
5/22/2023	1463.462379	1.75615E+11	6157791260	-3.933688868	175.6154855	6.15779126	2023	5	May	2	Monday	1519.286814	1284.011149	1172.092902	4.558576724
5/23/2023	1434.768421	1.72172E+11	15418953773	-1.96068987	172.1722105	15.41895377	2023	5	May	2	Tuesday	1504.684691	1293.603549	1173.932441	4.582142421
5/24/2023	1392.719639	1.67126E+11	15933051359	-2.930701632	167.1263567	15.93305136	2023	5	May	2	Wednesday	1480.618063	1301.07103	1175.662376	4.628658903
5/25/2023	1364.354379	1.63723E+11	8220977254	-2.036681308	163.7225254	8.220977254	2023	5	May	2	Thursday	1464.82976	1306.816565	1177.623886	4.647924083
5/26/2023	1340.237563	1.60829E+11	19501381750	-1.767635739	160.8285076	19.50138175	2023	5	May	2	Friday	1431.926478	1314.560279	1178.921905	4.44543768
5/27/2023	1316.055698	1.57927E+11	23403391046	-1.804296953	157.9266837	23.40339105	2023	5	May	2	Saturday	1404.99797	1321.762514	1179.540219	4.462051363
5/28/2023	1365.728711	1.63887E+11	23516695622	3.774385327	163.8874453	23.51669562	2023	5	May	2	Sunday	1382.475256	1329.209419	1181.091403	4.46026503
5/29/2023	1311.539846	1.57385E+11	8444122351	-3.967761968	157.3847816	8.444122351	2023	5	May	2	Monday	1360.772037	1334.774106	1181.478893	4.540290204
5/30/2023	1328.067022	1.59368E+11	21521632412	1.260135207	159.3680426	21.52163241	2023	5	May	2	Tuesday	1345.52898	1342.832694	1182.340559	4.414317469
5/31/2023	1399.530142	1.67944E+11	19236133645	5.380987467	167.943617	19.23613365	2023	5	May	2	Wednesday	1346.501909	1353.206903	1183.79075	4.492043507
6/1/2023	1376.157451	1.65139E+11	13947893179	-1.670038411	165.1388941	13.94789318	2023	6	Jun	2	Thursday	1348.188062	1360.090407	1184.444545	4.340875409
6/2/2023	1342.129663	1.61056E+11	15279875526	-2.472666779	161.0555595	15.27987553	2023	6	Jun	2	Friday	1348.458362	1363.685074	1184.673544	4.275102029
6/3/2023	1334.70295	1.60164E+11	21134010202	-0.553352844	160.164354	21.1340102	2023	6	Jun	2	Saturday	1351.122255	1366.973521	1184.482779	4.278244066
6/4/2023	1404.33339	1.6852E+11	14765081403	5.216924134	168.5200068	14.7650814	2023	6	Jun	2	Sunday	1356.637209	1370.817613	1185.306343	4.311120346
6/5/2023	1420.465913	1.70456E+11	12747525477	1.14876732	170.4559096	12.74752548	2023	6	Jun	2	Monday	1372.198076	1375.659818	1186.35881	4.304502571
6/6/2023	1395.687596	1.67483E+11	14937714815	-1.744379597	167.4825115	14.93771482	2023	6	Jun	2	Tuesday	1381.858158	1382.322242	1187.191142	4.139538383
6/7/2023	1428.158842	1.71379E+11	17051458478	2.326541159	171.3790611	17.05145848	2023	6	Jun	2	Wednesday	1385.947972	1391.365099	1188.752235	4.085448753
6/8/2023	1371.535981	1.64584E+11	8671835530	-3.964745328	164.5843177	8.67183553	2023	6	Jun	2	Thursday	1385.287762	1395.873926	1189.72153	4.007370464
6/9/2023	1414.555817	1.69747E+11	23443534443	3.1366174	169.7466981	23.44353444	2023	6	Jun	2	Friday	1395.634356	1402.108481	1191.966194	4.031371745
6/10/2023	1443.084579	1.7317E+11	19204991047	2.016799979	173.1701495	19.20499105	2023	6	Jun	2	Saturday	1411.117446	1409.53422	1194.731246	4.034059663
6/11/2023	1430.589672	1.71671E+11	18195773626	-0.865847166	171.6707606	18.19577363	2023	6	Jun	2	Sunday	1414.868343	1416.873816	1197.449672	4.034737057
6/12/2023	1388.400859	1.66608E+11	6987468393	-2.949050574	166.6081031	6.987468393	2023	6	Jun	2	Monday	1410.287621	1419.446915	1199.776024	3.812545416
6/13/2023	1344.857332	1.61383E+11	16541885998	-3.13623599	161.3828798	16.541886	2023	6	Jun	2	Tuesday	1403.026155	1417.4528	1201.687303	3.631130455
6/14/2023	1378.886679	1.65466E+11	7365783106	2.530331431	165.4664015	7.365783106	2023	6	Jun	2	Wednesday	1395.987274	1412.051862	1203.951686	3.172158039
6/15/2023	1453.573069	1.74429E+11	6880119673	5.416426927	174.4287682	6.880119673	2023	6	Jun	2	Thursday	1407.706858	1409.271521	1206.734742	3.340760513
6/16/2023	1422.071748	1.70649E+11	15917642844	-2.167164579	170.6486098	15.91764284	2023	6	Jun	2	Friday	1408.780563	1404.634378	1208.631346	3.34468383
6/17/2023	1453.574925	1.74429E+11	13663766643	2.215301498	174.428991	13.66376664	2023	6	Jun	2	Saturday	1410.279183	1403.924459	1211.175606	3.220313054
6/18/2023	1341.936907	1.61032E+11	16209078612	-7.680238308	161.0324288	16.20907861	2023	6	Jun	2	Sunday	1397.614503	1396.303671	1213.06237	3.274654674
6/19/2023	1315.598699	1.57872E+11	6426435499	-1.962700882	157.8718439	6.426435499	2023	6	Jun	2	Monday	1387.214194	1390.005119	1215.133961	3.211566506
6/20/2023	1318.646026	1.58238E+11	12930848776	0.231630413	158.2375231	12.93084878	2023	6	Jun	2	Tuesday	1383.469722	1383.180397	1217.428282	3.198890292
6/21/2023	1276.047745	1.53126E+11	7805493070	-3.230456079	153.1257294	7.80549307	2023	6	Jun	2	Wednesday	1368.778445	1376.933242	1219.36941	3.174819673
6/22/2023	1233.49343	1.48019E+11	21973749518	-3.334852924	148.0192115	21.97374952	2023	6	Jun	2	Thursday	1337.338497	1370.224076	1221.157764	3.207751193
6/23/2023	1205.236341	1.44628E+11	14077839077	-2.290817956	144.6283609	14.07783908	2023	6	Jun	2	Friday	1306.36201	1363.974632	1223.185636	3.192799157
6/24/2023	1223.717682	1.46846E+11	16519076096	1.533420503	146.8461218	16.5190761	2023	6	Jun	2	Saturday	1273.525261	1359.286743	1225.576489	3.19743571
6/25/2023	1218.869847	1.46264E+11	10099583880	-0.396156309	146.2643816	10.09958388	2023	6	Jun	2	Sunday	1255.944253	1355.241152	1227.783609	3.185695639
6/26/2023	1118.414662	1.3421E+11	5552079216	-8.241666298	134.2097594	5.552079216	2023	6	Jun	2	Monday	1227.775104	1348.653117	1228.552017	3.494650899
6/27/2023	1031.068096	1.23728E+11	18200971240	-7.809855217	123.7281715	18.20097124	2023	6	Jun	2	Tuesday	1186.692543	1337.497764	1228.558486	3.644968214
6/28/2023	1009.873838	1.21185E+11	7798377168	-2.055563374	121.1848605	7.798377168	2023	6	Jun	2	Wednesday	1148.667699	1327.44223	1228.469277	3.605388103
6/29/2023	1032.13697	1.23856E+11	10014657673	2.204545884	123.8564364	10.01465767	2023	6	Jun	2	Thursday	1119.902491	1317.577895	1228.992875	3.62808172
6/30/2023	927.9508303	1.11354E+11	12024424415	-10.09421642	111.3540996	12.02442442	2023	6	Jun	2	Friday	1080.290275	1301.858585	1228.326456	3.818197503
7/1/2023	912.762417	1.09531E+11	3610560519	-1.636769193	109.53149	3.610560519	2023	7	Jul	3	Saturday	1035.868094	1286.412083	1227.812867	3.818087573
7/2/2023	896.8652514	1.07624E+11	13693097832	-1.741654261	107.6238302	13.69309783	2023	7	Jul	3	Sunday	989.8674376	1271.569936	1226.829741	3.812588283
7/3/2023	951.3793939	1.14166E+11	10776013657	6.078297983	114.1655273	10.77601366	2023	7	Jul	3	Monday	966.0052565	1258.792485	1227.164413	4.040565978
7/4/2023	940.0938706	1.12811E+11	7150661855	-1.186227428	112.8112645	7.150661855	2023	7	Jul	3	Tuesday	953.0089387	1243.317834	1227.477701	3.863822792
7/5/2023	957.9167722	1.1495E+11	4298321023	1.895864036	114.9500127	4.298321023	2023	7	Jul	3	Wednesday	945.5865007	1227.899529	1227.823476	3.882213677
7/6/2023	966.6792497	1.16002E+11	5742052686	0.914743089	116.00151	5.742052686	2023	7	Jul	3	Thursday	936.2353979	1213.599251	1228.147446	3.900380383
7/7/2023	890.7765683	1.06893E+11	14687558371	-7.85189932	106.8931882	14.68755837	2023	7	Jul	3	Friday	930.924789	1195.686508	1226.395104	4.028885894
7/8/2023	921.7421124	1.10609E+11	12423930414	3.476241431	110.6090535	12.42393041	2023	7	Jul	3	Saturday	932.2076026	1180.69338	1224.773752	4.099122982
7/9/2023	932.9195258	1.1195E+11	6715700310	1.212639984	111.9503431	6.71570031	2023	7	Jul	3	Sunday	937.3582133	1164.638836	1223.696514	4.043073307
7/10/2023	955.3534397	1.14642E+11	4341747980	2.404699795	114.6424128	4.34174798	2023	7	Jul	3	Monday	937.9259341	1148.381132	1222.865174	4.054639662
7/11/2023	1121.650625	1.34598E+11	15192601247	17.40687568	134.598075	15.19260125	2023	7	Jul	3	Tuesday	963.8626133	1138.083164	1224.622788	5.300630544
7/12/2023	1035.47138	1.24257E+11	12262747149	-7.683252082	124.2565656	12.26274715	2023	7	Jul	3	Wednesday	974.941843	1126.318848	1225.41354	5.439329247
7/13/2023	1113.222202	1.33587E+11	10492209592	7.508736894	133.5866642	10.49220959	2023	7	Jul	3	Thursday	995.8765505	1118.597677	1227.376927	5.627816568
7/14/2023	1104.252953	1.3251E+11	9757184470	-0.805701558	132.5103544	9.75718447	2023	7	Jul	3	Friday	1026.373177	1109.443219	1228.80851	5.599214888
7/15/2023	1120.824604	1.34499E+11	7534323737	1.500711515	134.4989525	7.534323737	2023	7	Jul	3	Saturday	1054.813533	1098.351604	1230.616669	5.499140125
7/16/2023	1122.592662	1.34711E+11	14865823417	0.157746135	134.7111194	14.86582342	2023	7	Jul	3	Sunday	1081.909695	1088.368967	1232.451015	5.494415506
7/17/2023	1107.452587	1.32894E+11	19466380301	-1.348670388	132.8943105	19.4663803	2023	7	Jul	3	Monday	1103.638145	1076.831556	1234.34214	5.4689756
7/18/2023	1086.166331	1.3034E+11	6658524957	-1.922091894	130.3399597	6.658524957	2023	7	Jul	3	Tuesday	1098.56896	1068.30587	1235.201473	5.316681952
7/19/2023	1104.302945	1.32516E+11	13470816646	1.669782405	132.5163534	13.47081665	2023	7	Jul	3	Wednesday	1108.402041	1061.262678	1236.360772	5.325200801
7/20/2023	1042.79157	1.25135E+11	10123696691	-5.570154067	125.1349883	10.12369669	2023	7	Jul	3	Thursday	1098.340522	1052.06753	1235.94343	5.404436359
7/21/2023	1078.199815	1.29384E+11	10816842975	3.395524731	129.3839778	10.81684297	2023	7	Jul	3	Friday	1094.618645	1045.472599	1235.47233	5.430302434
7/22/2023	1063.97061	1.27676E+11	7724129602	-1.319718789	127.6764732	7.724129602	2023	7	Jul	3	Saturday	1086.496646	1039.821838	1234.549821	5.405413711
7/23/2023	1020.366786	1.22444E+11	15797259613	-4.098216935	122.4440143	15.79725961	2023	7	Jul	3	Sunday	1071.892949	1033.65952	1232.901727	5.437730554
7/24/2023	1005.528488	1.20663E+11	10646214560	-1.454212216	120.6634185	10.64621456	2023	7	Jul	3	Monday	1057.332363	1026.386547	1230.829952	5.428196326
7/25/2023	1060.929417	1.27312E+11	12121165555	5.509632981	127.31153	12.12116555	2023	7	Jul	3	Tuesday	1053.72709	1021.121866	1230.307766	5.538547794
7/26/2023	1041.927684	1.25031E+11	8323498840	-1.791045933	125.031322	8.32349884	2023	7	Jul	3	Wednesday	1044.816338	1018.5723	1229.662644	5.341974455
7/27/2023	1060.505657	1.27261E+11	6594268615	1.78303864	127.2606788	6.594268615	2023	7	Jul	3	Thursday	1047.346922	1019.553552	1228.753578	5.148222965
7/28/2023	1033.382376	1.24006E+11	4998583803	-2.557579972	124.0058852	4.998583803	2023	7	Jul	3	Friday	1040.944431	1020.33717	1227.517835	5.156678974
7/29/2023	1068.737929	1.28249E+11	14837625992	3.421342698	128.2485515	14.83762599	2023	7	Jul	3	Saturday	1041.625477	1021.557202	1227.322597	5.177716233
7/30/2023	1102.100227	1.32252E+11	7081846602	3.121653746	132.2520272	7.081846602	2023	7	Jul	3	Sunday	1053.301682	1027.362182	1227.47589	4.817618282
7/31/2023	1190.621625	1.42875E+11	16117546261	8.032064278	142.874595	16.11754626	2023	7	Jul	3	Monday	1079.743559	1036.624155	1227.708882	4.977829879
8/1/2023	1186.207428	1.42345E+11	10938517873	-0.370747299	142.3448913	10.93851787	2023	8	Aug	3	Tuesday	1097.640418	1046.268894	1227.174635	4.957995999
8/2/2023	1222.392806	1.46687E+11	11719271906	3.050510146	146.6871367	11.71927191	2023	8	Aug	3	Wednesday	1123.42115	1055.302675	1227.022893	4.882370657
8/3/2023	1231.250776	1.4775E+11	12751025045	0.724641927	147.7500932	12.75102505	2023	8	Aug	3	Thursday	1147.813309	1065.007905	1226.381117	4.865976411
8/4/2023	1301.031924	1.56124E+11	11572682236	5.66750078	156.1238308	11.57268224	2023	8	Aug	3	Friday	1186.048959	1076.445077	1226.668141	4.937746928
8/5/2023	1268.317882	1.52198E+11	6403645253	-2.514468756	152.1981459	6.403645253	2023	8	Aug	3	Saturday	1214.560381	1086.499698	1227.47373	4.982617853
8/6/2023	1310.978222	1.57317E+11	10564777663	3.363536903	157.3173867	10.56477766	2023	8	Aug	3	Sunday	1244.400095	1100.50642	1229.186009	4.706709482
8/7/2023	1305.077422	1.56609E+11	17171914813	-0.450106637	156.6092907	17.17191481	2023	8	Aug	3	Monday	1260.750923	1113.284263	1229.950523	4.701544013
8/8/2023	1305.996477	1.5672E+11	17222561308	0.07042145	156.7195772	17.22256131	2023	8	Aug	3	Tuesday	1277.863644	1125.720162	1230.822493	4.706631286
8/9/2023	1315.086941	1.5781E+11	10154614809	0.696055798	157.8104329	10.15461481	2023	8	Aug	3	Wednesday	1291.105664	1137.711278	1231.875543	4.702263229
8/10/2023	1332.762179	1.59931E+11	13628130108	1.344035727	159.9314615	13.62813011	2023	8	Aug	3	Thursday	1305.607293	1144.74833	1233.235103	3.567676846
8/11/2023	1330.906878	1.59709E+11	8498692307	-0.139207244	159.7088254	8.498692307	2023	8	Aug	3	Friday	1309.875143	1154.59618	1233.453981	3.208767587
8/12/2023	1346.75789	1.61611E+11	8928140157	1.190993327	161.6109468	8.928140157	2023	8	Aug	3	Saturday	1321.080859	1162.380703	1232.810393	2.956765628
8/13/2023	1439.176174	1.72701E+11	5658665242	6.862279005	172.7011409	5.658665242	2023	8	Aug	3	Sunday	1339.394852	1173.54481	1231.679964	3.149201337
8/14/2023	1501.89822	1.80228E+11	24801071063	4.358190938	180.2277863	24.80107106	2023	8	Aug	3	Monday	1367.512108	1186.247264	1231.29013	3.209561959
8/15/2023	1560.071904	1.87209E+11	10349791550	3.873344012	187.2086285	10.34979155	2023	8	Aug	3	Tuesday	1403.808598	1200.829906	1231.27775	3.246245672
8/16/2023	1536.859863	1.84423E+11	10568198140	-1.487882796	184.4231835	10.56819814	2023	8	Aug	3	Wednesday	1435.490444	1215.143481	1231.966499	3.25004274
8/17/2023	1487.947477	1.78554E+11	11347475267	-3.182618439	178.5536973	11.34747527	2023	8	Aug	3	Thursday	1457.659772	1228.536186	1231.048576	3.298892137
8/18/2023	1550.892705	1.86107E+11	8428599721	4.230339315	186.1071246	8.428599721	2023	8	Aug	3	Friday	1489.086319	1243.422512	1231.563437	3.3467427
8/19/2023	1611.37636	1.93365E+11	20634295510	3.899925229	193.3651633	20.63429551	2023	8	Aug	3	Saturday	1526.888958	1262.375338	1232.541088	3.12629102
8/20/2023	1714.646168	2.05758E+11	8028073711	6.40879502	205.7575402	8.028073711	2023	8	Aug	3	Sunday	1566.241814	1283.590216	1235.332019	3.235533944
8/21/2023	1679.093157	2.01491E+11	9289607976	-2.073489679	201.4911788	9.289607976	2023	8	Aug	3	Monday	1591.555376	1304.094301	1238.046738	3.261873444
8/22/2023	1669.081372	2.0029E+11	21505273703	-0.596261435	200.2897647	21.5052737	2023	8	Aug	3	Tuesday	1607.128158	1325.718121	1241.117424	3.110711166
8/23/2023	1568.140748	1.88177E+11	13315260188	-6.047675438	188.1768897	13.31526019	2023	8	Aug	3	Wednesday	1611.596855	1344.471863	1243.381717	3.37327443
8/24/2023	1548.650134	1.85838E+11	21362774836	-1.242912272	185.8380161	21.36277484	2023	8	Aug	3	Thursday	1620.268664	1360.72922	1245.697413	3.32465156
8/25/2023	1616.775172	1.94013E+11	18798109643	4.398994763	194.0130207	18.79810964	2023	8	Aug	3	Friday	1629.680445	1379.890803	1249.03874	3.316894468
8/26/2023	1591.944115	1.91033E+11	11600026973	-1.535838592	191.0332938	11.60002697	2023	8	Aug	3	Saturday	1626.90441	1397.605418	1251.552245	3.363114352
8/27/2023	1638.453306	1.96614E+11	21253889287	2.921534141	196.6143967	21.25388929	2023	8	Aug	3	Sunday	1616.019715	1417.774449	1255.184616	3.287746957
8/28/2023	1631.182727	1.95742E+11	8603413929	-0.443746509	195.7419272	8.603413929	2023	8	Aug	3	Monday	1609.175368	1436.522609	1258.552569	3.289636115
8/29/2023	1657.707636	1.98925E+11	18772394356	1.626115124	198.9249163	18.77239436	2023	8	Aug	3	Tuesday	1607.550548	1455.042856	1261.421207	3.27505884
8/30/2023	1588.343157	1.90601E+11	15716548664	-4.184361418	190.6011789	15.71654866	2023	8	Aug	3	Wednesday	1610.436607	1468.300241	1263.778826	3.182912493
8/31/2023	1598.808276	1.91857E+11	11922920213	0.658870173	191.8569932	11.92292021	2023	8	Aug	3	Thursday	1617.602056	1482.053602	1266.630811	3.173002633
9/1/2023	1422.999758	1.7076E+11	17499584229	-10.99622271	170.7599709	17.49958423	2023	9	Sep	3	Friday	1589.919854	1488.740501	1267.611887	3.834748983
9/2/2023	1416.856571	1.70023E+11	22878271711	-0.431706779	170.0227885	22.87827171	2023	9	Sep	3	Saturday	1564.907347	1494.927361	1267.751033	3.839054352
9/3/2023	1331.580561	1.5979E+11	23947447987	-6.018676235	159.7896674	23.94744799	2023	9	Sep	3	Sunday	1521.068384	1495.945649	1266.763418	3.893492242
9/4/2023	1401.785305	1.68214E+11	17314549117	5.272286585	168.2142366	17.31454912	2023	9	Sep	3	Monday	1488.297324	1500.394563	1266.83117	3.968436846
9/5/2023	1450.601935	1.74072E+11	13675933556	3.482461248	174.0722322	13.67593356	2023	9	Sep	3	Tuesday	1458.710795	1505.048686	1267.080538	3.971545554
9/6/2023	1482.569228	1.77908E+11	10145194899	2.203726062	177.9083073	10.1451949	2023	9	Sep	3	Wednesday	1443.600233	1510.96508	1268.314241	3.981145016
9/7/2023	1580.503354	1.8966E+11	11541125810	6.605703438	189.6604025	11.54112581	2023	9	Sep	3	Thursday	1440.985245	1520.115309	1270.158102	4.132528894
9/8/2023	1526.395051	1.83167E+11	16033485152	-3.423485474	183.1674062	16.03348515	2023	9	Sep	3	Friday	1455.756001	1527.158913	1271.083774	4.20128403
9/9/2023	1642.009636	1.97041E+11	14595493446	7.574355327	197.0411564	14.59549345	2023	9	Sep	3	Saturday	1487.920724	1537.467161	1273.432885	4.389881562
9/10/2023	1709.706365	2.05165E+11	28652847803	4.122797307	205.1647638	28.6528478	2023	9	Sep	3	Sunday	1541.938696	1550.093811	1277.002946	4.427505058
9/11/2023	1698.878062	2.03865E+11	15125883925	-0.633342862	203.8653675	15.12588393	2023	9	Sep	3	Monday	1584.380519	1561.83115	1280.93651	4.436375958
9/12/2023	1783.356174	2.14003E+11	16010262159	4.972582445	214.0027409	16.01026216	2023	9	Sep	3	Tuesday	1631.916839	1573.303817	1285.430615	4.361188731
9/13/2023	1711.457122	2.05375E+11	15613447011	-4.03167091	205.3748547	15.61344701	2023	9	Sep	3	Wednesday	1664.615109	1580.289113	1288.295994	4.394712497
9/14/2023	1661.066633	1.99328E+11	25991259464	-2.944303359	199.3279959	25.99125946	2023	9	Sep	3	Thursday	1676.124149	1583.655604	1290.951492	4.39217526
9/15/2023	1626.13716	1.95136E+11	21093197211	-2.102833927	195.1364592	21.09319721	2023	9	Sep	3	Friday	1690.373022	1586.631514	1292.868851	4.402247303
9/16/2023	1597.012818	1.91642E+11	19873277719	-1.791013894	191.6415381	19.87327772	2023	9	Sep	3	Saturday	1683.944905	1590.267026	1295.703027	4.371696545
9/17/2023	1535.651754	1.84278E+11	12917379698	-3.842239906	184.2782105	12.9173797	2023	9	Sep	3	Sunday	1659.07996	1589.758994	1298.148061	4.371745709
9/18/2023	1617.620397	1.94114E+11	24875475532	5.337710394	194.1144477	24.87547553	2023	9	Sep	3	Monday	1647.471723	1589.967128	1301.469999	4.422872166
9/19/2023	1605.886055	1.92706E+11	6668344853	-0.725407651	192.7063266	6.668344853	2023	9	Sep	3	Tuesday	1622.118848	1586.341791	1305.134869	4.26126524
9/20/2023	1633.696489	1.96044E+11	26367010631	1.731781257	196.0435786	26.36701063	2023	9	Sep	3	Wednesday	1611.010186	1584.828569	1309.58157	4.258040826
9/21/2023	1601.749186	1.9221E+11	17592970046	-1.955522528	192.2099023	17.59297005	2023	9	Sep	3	Thursday	1602.536265	1582.584163	1313.987268	4.271783491
9/22/2023	1493.814598	1.79258E+11	13944465564	-6.738544864	179.2577518	13.94446556	2023	9	Sep	3	Friday	1583.633042	1580.106625	1316.988345	4.306959775
9/23/2023	1514.661343	1.81759E+11	16296557711	1.395537599	181.7593611	16.29655771	2023	9	Sep	3	Saturday	1571.868546	1578.973665	1320.274917	4.309144213
9/24/2023	1407.414115	1.6889E+11	18593043368	-7.080607685	168.8896938	18.59304337	2023	9	Sep	3	Sunday	1553.548883	1571.994963	1323.486022	4.414986331
9/25/2023	1407.840367	1.68941E+11	5327017552	0.03028614	168.940844	5.327017552	2023	9	Sep	3	Monday	1523.580307	1565.858171	1327.672381	4.409930671
9/26/2023	1336.919738	1.6043E+11	21591717319	-5.03754762	160.4303685	21.59171732	2023	9	Sep	3	Tuesday	1485.156548	1555.807052	1331.306224	4.447840318
9/27/2023	1451.93787	1.74233E+11	14567364034	8.603218953	174.2325444	14.56736403	2023	9	Sep	3	Wednesday	1459.191031	1549.832224	1335.970678	4.753510584
9/28/2023	1510.422336	1.81251E+11	12897070211	4.028028125	181.2506803	12.89707021	2023	9	Sep	3	Thursday	1446.144338	1544.922714	1342.442584	4.806607332
9/29/2023	1521.430468	1.82572E+11	8505916309	0.728811525	182.5716561	8.505916309	2023	9	Sep	3	Friday	1450.089462	1542.692291	1349.205562	4.749434987
9/30/2023	1605.165187	1.9262E+11	15936563759	5.503683601	192.6198224	15.93656376	2023	9	Sep	3	Saturday	1463.018583	1542.904188	1357.075562	4.854984843
10/1/2023	1556.434059	1.86772E+11	16727071398	-3.035894885	186.7720871	16.7270714	2023	10	Oct	4	Sunday	1484.307146	1547.351998	1363.798391	4.424482095
10/2/2023	1595.449872	1.91454E+11	15017191701	2.506743675	191.4539846	15.0171917	2023	10	Oct	4	Monday	1511.108504	1553.305108	1371.080124	4.438092067
10/3/2023	1613.10892	1.93573E+11	21571630284	1.106838178	193.5730704	21.57163028	2023	10	Oct	4	Tuesday	1550.564102	1562.689387	1378.360037	4.2649737
10/4/2023	1635.151126	1.96218E+11	15797047887	1.366442515	196.2181351	15.79704789	2023	10	Oct	4	Wednesday	1576.737424	1570.468247	1385.787503	4.180269137
10/5/2023	1725.706343	2.07085E+11	30103934373	5.538033498	207.0847612	30.10393437	2023	10	Oct	4	Thursday	1607.492282	1579.638394	1395.0645	4.245505994
10/6/2023	1782.361506	2.13883E+11	21797561602	3.283012964	213.8833807	21.7975616	2023	10	Oct	4	Friday	1644.768145	1589.63147	1404.626938	4.26351079
10/7/2023	1808.480816	2.17018E+11	27538971270	1.465432817	217.017698	27.53897127	2023	10	Oct	4	Saturday	1673.813235	1597.230719	1414.355397	4.118955061
10/8/2023	1697.720933	2.03727E+11	8785238962	-6.124471027	203.7265119	8.785238962	2023	10	Oct	4	Sunday	1693.997074	1602.941582	1422.603924	4.236240261
10/9/2023	1638.655283	1.96639E+11	15273897074	-3.479114185	196.638634	15.27389707	2023	10	Oct	4	Monday	1700.169275	1602.82977	1428.34842	4.071991154
10/10/2023	1635.510072	1.96261E+11	13821052700	-0.191938544	196.2612086	13.8210527	2023	10	Oct	4	Tuesday	1703.36944	1600.35656	1435.015517	3.999583771
10/11/2023	1646.534552	1.97584E+11	19430007366	0.674069858	197.5841463	19.43000737	2023	10	Oct	4	Wednesday	1704.995644	1598.611776	1440.94121	4.000362779
10/12/2023	1578.450896	1.89414E+11	25255269087	-4.134966767	189.4141075	25.25526909	2023	10	Oct	4	Thursday	1683.959151	1591.7816	1446.210076	3.953171967
10/13/2023	1743.48562	2.09218E+11	8243322639	10.45548672	209.2182744	8.243322639	2023	10	Oct	4	Friday	1678.405453	1592.849217	1453.128532	4.350361877
10/14/2023	1858.024002	2.22963E+11	8630664729	6.569505446	222.9628803	8.630664729	2023	10	Oct	4	Saturday	1685.483051	1599.414463	1461.299991	4.462167435
10/15/2023	1908.973895	2.29077E+11	30246880046	2.7421547	229.0768674	30.24688005	2023	10	Oct	4	Sunday	1715.662046	1608.842354	1470.205783	4.45352614
10/16/2023	1920.164883	2.3042E+11	12797978131	0.586230551	230.419786	12.79797813	2023	10	Oct	4	Monday	1755.877703	1619.614089	1479.472434	4.430032738
10/17/2023	1909.578556	2.29149E+11	25263813780	-0.551323881	229.1494267	25.26381378	2023	10	Oct	4	Tuesday	1795.030343	1632.078316	1488.419941	4.353500675
10/18/2023	1843.67684	2.21241E+11	21050079111	-3.451113105	221.2412208	21.05007911	2023	10	Oct	4	Wednesday	1823.193527	1639.613531	1497.318666	4.334674268
10/19/2023	1854.867555	2.22584E+11	28924188408	0.60697815	222.5841066	28.92418841	2023	10	Oct	4	Thursday	1862.681621	1647.912914	1505.948307	4.328221058
10/20/2023	1879.624093	2.25555E+11	10152376590	1.334679553	225.5548912	10.15237659	2023	10	Oct	4	Friday	1882.129975	1656.110501	1515.011124	4.325156017
10/21/2023	1793.817454	2.15258E+11	9810162900	-4.565095751	215.2580944	9.8101629	2023	10	Oct	4	Saturday	1872.957611	1662.512777	1523.60502	4.402993887
10/22/2023	1823.310689	2.18797E+11	21183559778	1.644160334	218.7972826	21.18355978	2023	10	Oct	4	Sunday	1860.72001	1673.49598	1532.691489	4.190540236
10/23/2023	1817.352249	2.18082E+11	31309076689	-0.326792323	218.0822699	31.30907669	2023	10	Oct	4	Monday	1846.032491	1683.585676	1541.096187	4.193196711
10/24/2023	1688.772061	2.02653E+11	16171626745	-7.075138474	202.6526473	16.17162674	2023	10	Oct	4	Tuesday	1814.488706	1692.964275	1548.283347	4.192847181
10/25/2023	1636.42811	1.96371E+11	13595389501	-3.099527282	196.3713732	13.5953895	2023	10	Oct	4	Wednesday	1784.881745	1700.583866	1554.682485	4.248483609
10/26/2023	1614.293758	1.93715E+11	19914454465	-1.352601594	193.7152509	19.91445446	2023	10	Oct	4	Thursday	1750.514059	1709.829667	1561.137056	4.131868506
10/27/2023	1745.999654	2.0952E+11	29679305010	8.158731675	209.5199585	29.67930501	2023	10	Oct	4	Friday	1731.424854	1719.631726	1568.662186	4.103293636
10/28/2023	1790.52324	2.14863E+11	28024841446	2.550034075	214.8627888	28.02484145	2023	10	Oct	4	Saturday	1730.954252	1728.968423	1576.311331	4.070663826
10/29/2023	1702.339462	2.04281E+11	30531396965	-4.925028369	204.2807355	30.53139696	2023	10	Oct	4	Sunday	1713.672648	1734.998723	1581.997085	4.195739963
10/30/2023	1740.819681	2.08898E+11	6832695660	2.260431594	208.8983618	6.83269566	2023	10	Oct	4	Monday	1702.739424	1739.520539	1588.159443	4.102019996
10/31/2023	1641.107717	1.96933E+11	8575045941	-5.727874373	196.932926	8.575045941	2023	10	Oct	4	Tuesday	1695.930232	1742.342995	1592.811831	4.206774673
11/1/2023	1718.725432	2.06247E+11	21271523087	4.729592982	206.2470519	21.27152309	2023	11	Nov	4	Wednesday	1707.686992	1746.45218	1598.228216	4.266832089
11/2/2023	1691.538178	2.02985E+11	26077261250	-1.581826478	202.9845814	26.07726125	2023	11	Nov	4	Thursday	1718.721909	1749.066489	1602.567175	4.278294732
11/3/2023	1690.103053	2.02812E+11	13026500600	-0.08484143	202.8123664	13.0265006	2023	11	Nov	4	Friday	1710.736681	1750.898219	1607.253676	4.273390191
11/4/2023	1787.314929	2.14478E+11	12590989646	5.751831241	214.4777914	12.59098965	2023	11	Nov	4	Saturday	1710.278351	1752.951839	1612.546307	4.2827714
11/5/2023	1702.533467	2.04304E+11	25422998449	-4.743509936	204.3040161	25.42299845	2023	11	Nov	4	Sunday	1710.306066	1750.290904	1616.962485	4.33423776
11/6/2023	1614.650672	1.93758E+11	7123675195	-5.161883553	193.7580807	7.123675195	2023	11	Nov	4	Monday	1692.281921	1743.8299	1620.391976	4.421667616
11/7/2023	1581.948081	1.89834E+11	14109569149	-2.025366342	189.8337697	14.10956915	2023	11	Nov	4	Tuesday	1683.830545	1739.970805	1623.3571	4.296520195
11/8/2023	1653.792375	1.98455E+11	17999302021	4.541507688	198.455085	17.99930202	2023	11	Nov	4	Wednesday	1674.554394	1740.475374	1626.924102	4.33143852
11/9/2023	1560.759479	1.87291E+11	18212534999	-5.625427783	187.2911375	18.212535	2023	11	Nov	4	Thursday	1655.871722	1737.983688	1629.47802	4.456728156
11/10/2023	1397.602329	1.67712E+11	19695093436	-10.45370236	167.7122794	19.69509344	2023	11	Nov	4	Friday	1614.085905	1729.685947	1630.042958	4.840037725
11/11/2023	1376.549652	1.65186E+11	11989442448	-1.506342427	165.1859582	11.98944245	2023	11	Nov	4	Saturday	1555.405151	1722.955906	1629.347108	4.794263767
11/12/2023	1411.304689	1.69357E+11	17532150640	2.524793608	169.3565627	17.53215064	2023	11	Nov	4	Sunday	1513.80104	1711.883208	1628.340513	4.378888659
11/13/2023	1484.957908	1.78195E+11	17863161702	5.218803521	178.194949	17.8631617	2023	11	Nov	4	Monday	1495.273502	1699.447671	1627.505913	4.308924352
11/14/2023	1461.872113	1.75425E+11	16790583377	-1.554643067	175.4246536	16.79058338	2023	11	Nov	4	Tuesday	1478.119792	1684.544279	1626.672716	4.263330044
11/15/2023	1442.121487	1.73055E+11	18492265315	-1.351050164	173.0545785	18.49226531	2023	11	Nov	4	Wednesday	1447.881094	1668.609499	1626.163538	4.256325081
11/16/2023	1514.55603	1.81747E+11	11110886124	5.022776748	181.7467236	11.11088612	2023	11	Nov	4	Thursday	1441.280601	1655.442081	1625.759797	4.38989563
11/17/2023	1409.422846	1.69131E+11	6791927020	-6.941518329	169.1307415	6.79192702	2023	11	Nov	4	Friday	1442.969247	1640.966948	1623.515869	4.51058761
11/18/2023	1391.641055	1.66997E+11	7400068116	-1.261636359	166.9969266	7.400068116	2023	11	Nov	4	Saturday	1445.125161	1625.526065	1619.926923	4.50350022
11/19/2023	1406.270876	1.68753E+11	9610435912	1.051263963	168.7525051	9.610435912	2023	11	Nov	4	Sunday	1444.406045	1609.747624	1616.895565	4.499045208
11/20/2023	1435.836504	1.723E+11	15511126763	2.102413447	172.3003804	15.51112676	2023	11	Nov	4	Monday	1437.388702	1597.814926	1614.303955	4.474510067
11/21/2023	1410.845823	1.69301E+11	22153631041	-1.740496242	169.3014988	22.15363104	2023	11	Nov	4	Tuesday	1430.099232	1584.066097	1612.556234	4.457532368
11/22/2023	1416.795654	1.70015E+11	19408151131	0.421720853	170.0154785	19.40815113	2023	11	Nov	4	Wednesday	1426.481255	1570.714211	1611.091184	4.462099929
11/23/2023	1286.199828	1.54344E+11	19244359393	-9.217689616	154.3439794	19.24435939	2023	11	Nov	4	Thursday	1393.858941	1557.295136	1607.418125	4.582688121
11/24/2023	1256.319088	1.50758E+11	10872246929	-2.323180236	150.7582906	10.87224693	2023	11	Nov	4	Friday	1371.986975	1544.624835	1603.688958	4.571437313
11/25/2023	1282.930785	1.53952E+11	12094206317	2.118227538	153.9516942	12.09420632	2023	11	Nov	4	Saturday	1356.456937	1533.579403	1599.738707	4.600140547
11/26/2023	1236.979805	1.48438E+11	11465589508	-3.581719366	148.4375766	11.46558951	2023	11	Nov	4	Sunday	1332.272498	1516.612075	1595.358675	4.314649247
11/27/2023	1243.395858	1.49208E+11	7911695333	0.518686956	149.2075029	7.911695333	2023	11	Nov	4	Monday	1304.780977	1498.374495	1590.755211	4.271924348
11/28/2023	1269.384251	1.52326E+11	5688770755	2.090114247	152.3261102	5.688770755	2023	11	Nov	4	Tuesday	1284.572181	1483.942655	1587.211223	4.248292051
11/29/2023	1255.63009	1.50676E+11	15204665515	-1.083530151	150.6756108	15.20466552	2023	11	Nov	4	Wednesday	1261.548529	1467.769669	1583.398132	4.206599294
11/30/2023	1267.771123	1.52133E+11	22623021019	0.966927494	152.1325348	22.62302102	2023	11	Nov	4	Thursday	1258.915857	1455.325115	1581.673369	4.123669422
12/1/2023	1223.299922	1.46796E+11	7342671534	-3.507825705	146.7959906	7.342671534	2023	12	Dec	4	Friday	1254.198833	1438.810932	1579.52274	4.017545126
12/2/2023	1216.630799	1.45996E+11	5197764809	-0.545174775	145.9956959	5.197764809	2023	12	Dec	4	Saturday	1244.727407	1422.980686	1578.24552	4.017246682
12/3/2023	1250.181333	1.50022E+11	18534258581	2.757659432	150.02176	18.53425858	2023	12	Dec	4	Sunday	1246.613339	1408.316628	1576.561032	4.073019373
12/4/2023	1261.572392	1.51389E+11	9130300282	0.911152545	151.388687	9.130300282	2023	12	Dec	4	Monday	1249.209987	1390.791877	1574.460703	3.89151974
12/5/2023	1235.759507	1.48291E+11	19212193395	-2.046088277	148.2911409	19.2121934	2023	12	Dec	4	Tuesday	1244.406452	1375.232745	1571.718373	3.834685153
12/6/2023	1250.369835	1.50044E+11	17175940312	1.18229538	150.0443802	17.17594031	2023	12	Dec	4	Wednesday	1243.654987	1363.090051	1568.050223	3.771052131
12/7/2023	1290.210701	1.54825E+11	22214459412	3.186326569	154.8252841	22.21445941	2023	12	Dec	4	Thursday	1246.860641	1353.365471	1565.425952	3.831168617
12/8/2023	1191.945077	1.43033E+11	11309833076	-7.616246252	143.0334092	11.30983308	2023	12	Dec	4	Friday	1242.381378	1337.970561	1560.425235	3.910294598
12/9/2023	1251.978248	1.50237E+11	16441436191	5.036571958	150.2373898	16.44143619	2023	12	Dec	4	Saturday	1247.431013	1327.677854	1555.339367	3.960491477
12/10/2023	1238.680882	1.48642E+11	12750868081	-1.062108457	148.6417058	12.75086808	2023	12	Dec	4	Sunday	1245.788092	1322.380472	1550.226065	3.504048408
12/11/2023	1263.436979	1.51612E+11	16020983861	1.998585598	151.6124375	16.02098386	2023	12	Dec	4	Monday	1246.054461	1318.61005	1544.449185	3.522236469
12/12/2023	1329.086261	1.5949E+11	13389513037	5.196086781	159.4903513	13.38951304	2023	12	Dec	4	Tuesday	1259.386855	1315.869435	1540.20062	3.626353605
12/13/2023	1261.608712	1.51393E+11	7968704592	-5.076987959	151.3930454	7.968704592	2023	12	Dec	4	Wednesday	1260.992409	1308.424462	1535.762199	3.589194038
12/14/2023	1229.699517	1.47564E+11	13420599648	-2.529246507	147.5639421	13.42059965	2023	12	Dec	4	Thursday	1252.347954	1300.685376	1531.357336	3.603653804
12/15/2023	1218.943656	1.46273E+11	13666323936	-0.874673918	146.2732388	13.66632394	2023	12	Dec	4	Friday	1256.204894	1293.246115	1527.156568	3.600872073
12/16/2023	1184.57983	1.4215E+11	18091726944	-2.819148031	142.1495796	18.09172694	2023	12	Dec	4	Saturday	1246.576548	1282.246908	1523.255768	3.4687246
12/17/2023	1273.203521	1.52784E+11	18068665432	7.481445194	152.7844225	18.06866543	2023	12	Dec	4	Sunday	1251.508354	1277.706264	1519.428914	3.579631777
12/18/2023	1233.693876	1.48043E+11	16233683473	-3.103168097	148.0432651	16.23368347	2023	12	Dec	4	Monday	1247.259339	1272.441358	1515.293446	3.612760862
12/19/2023	1209.89723	1.45188E+11	6331118979	-1.928893909	145.1876676	6.331118979	2023	12	Dec	4	Tuesday	1230.232335	1265.89557	1510.584565	3.614245908
12/20/2023	1223.178035	1.46781E+11	17096205988	1.097680434	146.7813642	17.09620599	2023	12	Dec	4	Wednesday	1224.742238	1258.806954	1506.378219	3.594511529
12/21/2023	1168.948755	1.40274E+11	12629783212	-4.433473947	140.2738506	12.62978321	2023	12	Dec	4	Thursday	1216.063558	1250.743718	1502.768598	3.660362802
12/22/2023	1153.744809	1.38449E+11	19007984175	-1.300651204	138.4493771	19.00798417	2023	12	Dec	4	Friday	1206.749437	1241.975357	1498.758415	3.657948206
12/23/2023	1171.685749	1.40602E+11	19738383865	1.555018028	140.6022899	19.73838386	2023	12	Dec	4	Saturday	1204.907425	1238.158221	1496.139211	3.295310096
12/24/2023	1159.348832	1.39122E+11	5094474290	-1.052920316	139.1218598	5.09447429	2023	12	Dec	4	Sunday	1188.642469	1234.925879	1493.378194	3.275961238
12/25/2023	1158.179556	1.38982E+11	17855930408	-0.100856228	138.9815467	17.85593041	2023	12	Dec	4	Monday	1177.854709	1230.767505	1491.392192	3.246369016
12/26/2023	1137.007223	1.36441E+11	4710441759	-1.82807	136.4408668	4.710441759	2023	12	Dec	4	Tuesday	1167.441851	1227.435085	1487.892962	3.200508169
12/27/2023	1073.088799	1.28771E+11	9536800499	-5.621637476	128.7706559	9.536800499	2023	12	Dec	4	Wednesday	1146.000532	1221.758183	1483.033701	3.344033644
12/28/2023	1089.939788	1.30793E+11	12435253450	1.570325663	130.7927745	12.43525345	2023	12	Dec	4	Thursday	1134.713537	1215.776701	1478.23936	3.331819791
12/29/2023	1172.378206	1.40685E+11	6720835679	7.563575405	140.6853847	6.720835679	2023	12	Dec	4	Friday	1137.37545	1213.001638	1473.430615	3.635578642
12/30/2023	1176.427182	1.41171E+11	16878105375	0.345364369	141.1712619	16.87810538	2023	12	Dec	4	Saturday	1138.052798	1209.95684	1469.208317	3.630674546
12/31/2023	1190.29515	1.42835E+11	4428264261	1.178820802	142.8354181	4.428264261	2023	12	Dec	4	Sunday	1142.473701	1208.856681	1464.706598	3.583311541
1/1/2024	1227.053787	1.47246E+11	7396467087	3.088195122	147.2464545	7.396467087	2024	1	Jan	1	Monday	1152.312877	1209.204114	1460.417096	3.626416457
1/2/2024	1169.464165	1.40336E+11	13990854544	-4.693324985	140.3356998	13.99085454	2024	1	Jan	1	Tuesday	1156.949583	1206.513542	1455.242797	3.692100135
1/3/2024	1255.264417	1.50632E+11	17432084027	7.336714897	150.63173	17.43208403	2024	1	Jan	1	Wednesday	1182.974671	1206.303276	1450.015664	3.934590524
1/4/2024	1268.88238	1.52266E+11	21316793425	1.084868088	152.2658856	21.31679343	2024	1	Jan	1	Thursday	1208.537898	1207.407372	1444.310341	3.918355444
1/5/2024	1358.124905	1.62975E+11	18686646717	7.033159779	162.9749886	18.68664672	2024	1	Jan	1	Friday	1235.073141	1210.999208	1439.306386	4.111725609
1/6/2024	1322.435412	1.58692E+11	17553507107	-2.627850573	158.6922495	17.55350711	2024	1	Jan	1	Saturday	1255.93146	1212.073365	1435.136547	4.110794349
1/7/2024	1426.018122	1.71122E+11	13231326982	7.832723555	171.1221747	13.23132698	2024	1	Jan	1	Sunday	1289.60617	1219.8758	1432.773912	4.070097877
1/8/2024	1474.881889	1.76986E+11	5336853814	3.426588071	176.9858267	5.336853814	2024	1	Jan	1	Monday	1325.010184	1227.305921	1430.989154	4.020966807
1/9/2024	1511.922983	1.81431E+11	8058992986	2.511461725	181.430758	8.058992986	2024	1	Jan	1	Tuesday	1373.932873	1236.413991	1429.49347	4.022210202
1/10/2024	1530.238055	1.83629E+11	17287995180	1.211376003	183.6285666	17.28799518	2024	1	Jan	1	Wednesday	1413.214821	1245.30736	1428.957772	4.016304405
1/11/2024	1519.162734	1.823E+11	20238088990	-0.723764608	182.2995281	20.23808899	2024	1	Jan	1	Thursday	1448.969157	1251.643243	1426.465295	3.933238966
1/12/2024	1598.163229	1.9178E+11	15360354788	5.200265485	191.7795875	15.36035479	2024	1	Jan	1	Friday	1483.260346	1262.861726	1423.577953	3.876083868
1/13/2024	1611.460572	1.93375E+11	22756688082	0.832039119	193.3752687	22.75668808	2024	1	Jan	1	Saturday	1524.549655	1275.587095	1420.27225	3.82287144
1/14/2024	1493.506858	1.79221E+11	16600055496	-7.31967733	179.220823	16.6000555	2024	1	Jan	1	Sunday	1534.190903	1284.739202	1415.531605	4.101337147
1/15/2024	1432.047868	1.71846E+11	6684995948	-4.115079214	171.8457442	6.684995948	2024	1	Jan	1	Monday	1528.071757	1292.988136	1410.225709	4.146905
1/16/2024	1425.232413	1.71028E+11	9071652787	-0.475923674	171.0278896	9.071652787	2024	1	Jan	1	Tuesday	1515.68739	1298.055766	1405.576326	3.949060699
1/17/2024	1446.859473	1.73623E+11	22709869274	1.517440944	173.6231368	22.70986927	2024	1	Jan	1	Wednesday	1503.776164	1305.161286	1401.042903	3.895385778
1/18/2024	1447.429906	1.73692E+11	20320097262	0.039425592	173.6915887	20.32009726	2024	1	Jan	1	Thursday	1493.528617	1313.079042	1396.240745	3.867705473
1/19/2024	1523.794051	1.82855E+11	25119093684	5.27584408	182.8552861	25.11909368	2024	1	Jan	1	Friday	1482.904449	1323.099576	1393.240485	3.957774318
1/20/2024	1413.136181	1.69576E+11	7479481643	-7.261996454	169.5763418	7.479481643	2024	1	Jan	1	Saturday	1454.572393	1331.239157	1388.682991	4.117471829
1/21/2024	1425.046591	1.71006E+11	25450198483	0.842835218	171.0055909	25.45019848	2024	1	Jan	1	Sunday	1444.792355	1340.282549	1384.324039	4.099829684
1/22/2024	1328.608478	1.59433E+11	8789351833	-6.767365588	159.4330174	8.789351833	2024	1	Jan	1	Monday	1430.015299	1345.513307	1380.322221	4.321668106
1/23/2024	1373.228751	1.64787E+11	5176564598	3.358421535	164.7874502	5.176564598	2024	1	Jan	1	Tuesday	1422.586205	1352.642638	1377.397784	4.341654738
1/24/2024	1371.668337	1.646E+11	24639127897	-0.11363105	164.6002004	24.6391279	2024	1	Jan	1	Wednesday	1411.844614	1359.75893	1374.701946	4.34173227
1/25/2024	1398.570809	1.67828E+11	10695519843	1.961295674	167.8284971	10.69551984	2024	1	Jan	1	Thursday	1404.864743	1368.477716	1370.841626	4.322027571
1/26/2024	1354.634352	1.62556E+11	17907561885	-3.141525352	162.5561223	17.90756188	2024	1	Jan	1	Friday	1380.699071	1377.862568	1365.998416	4.217758649
1/27/2024	1429.526847	1.71543E+11	8783335057	5.528613308	171.5432217	8.783335057	2024	1	Jan	1	Saturday	1383.040595	1389.182137	1362.967164	4.301640636
1/28/2024	1494.278058	1.79313E+11	17864528812	4.529555394	179.3133669	17.86452881	2024	1	Jan	1	Sunday	1392.930805	1399.912132	1360.227813	4.17577276
1/29/2024	1533.592448	1.84031E+11	25485398502	2.630995644	184.0310938	25.4853985	2024	1	Jan	1	Monday	1422.214229	1411.817641	1359.033199	4.186208364
1/30/2024	1529.678654	1.83561E+11	12559593036	-0.255204324	183.5614385	12.55959304	2024	1	Jan	1	Tuesday	1444.564215	1423.130424	1356.932679	4.191956754
1/31/2024	1569.684623	1.88362E+11	20800922617	2.615318471	188.3621547	20.80092262	2024	1	Jan	1	Wednesday	1472.852256	1434.551452	1355.578751	4.184424074
2/1/2024	1529.925646	1.83591E+11	9647423009	-2.532927671	183.5910776	9.647423009	2024	2	Feb	1	Thursday	1491.617233	1446.566835	1353.799002	4.102469674
2/2/2024	1587.338733	1.90481E+11	19995791322	3.752671668	190.4806479	19.99579132	2024	2	Feb	1	Friday	1524.860716	1457.635979	1351.577044	3.96074398
2/3/2024	1700.042043	2.04005E+11	14356659663	7.100142409	204.0050452	14.35665966	2024	2	Feb	1	Saturday	1563.505744	1472.007967	1351.549362	4.121432439
2/4/2024	1779.068097	2.13488E+11	11815500945	4.648476435	213.4881716	11.81550094	2024	2	Feb	1	Sunday	1604.190035	1486.039407	1353.376222	4.0241482
2/5/2024	1732.413068	2.0789E+11	14049560801	-2.622441977	207.8895682	14.0495608	2024	2	Feb	1	Monday	1632.592981	1499.705329	1355.048055	4.023980983
2/6/2024	1762.228262	2.11467E+11	10882308250	1.721021036	211.4673914	10.88230825	2024	2	Feb	1	Tuesday	1665.814353	1510.912334	1356.252898	3.814489084
2/7/2024	1677.75724	2.01331E+11	27829952490	-4.793421134	201.3308688	27.82995249	2024	2	Feb	1	Wednesday	1681.253298	1517.674845	1357.552873	3.911749239
2/8/2024	1721.086002	2.0653E+11	16039645789	2.582540632	206.5303203	16.03964579	2024	2	Feb	1	Thursday	1708.561921	1524.646946	1361.147136	3.913027662
2/9/2024	1756.949406	2.10834E+11	12530601802	2.083765934	210.8339287	12.5306018	2024	2	Feb	1	Friday	1732.792017	1532.203991	1365.3738	3.921670846
2/10/2024	1634.575592	1.96149E+11	16439045909	-6.965130211	196.1490711	16.43904591	2024	2	Feb	1	Saturday	1723.439667	1536.051086	1367.854588	4.149758584
2/11/2024	1564.40589	1.87729E+11	12852722013	-4.292839228	187.7287068	12.85272201	2024	2	Feb	1	Sunday	1692.773637	1534.925842	1368.737343	4.127343444
2/12/2024	1550.802167	1.86096E+11	22206924480	-0.869577607	186.09626	22.20692448	2024	2	Feb	1	Monday	1666.829223	1532.903895	1369.725455	4.127379227
2/13/2024	1536.223536	1.84347E+11	27015361504	-0.940070311	184.3468243	27.0153615	2024	2	Feb	1	Tuesday	1634.542833	1534.327784	1370.771033	3.897572853
2/14/2024	1467.462586	1.76096E+11	14539156550	-4.475972928	176.0955104	14.53915655	2024	2	Feb	1	Wednesday	1604.50074	1535.508275	1370.247773	3.911779537
2/15/2024	1494.330249	1.7932E+11	23907611774	1.830892544	179.3196299	23.90761177	2024	2	Feb	1	Thursday	1572.107061	1537.811536	1371.191189	3.921589496
2/16/2024	1513.339408	1.81601E+11	17779359466	1.27208551	181.600729	17.77935947	2024	2	Feb	1	Friday	1537.305633	1540.027534	1372.543393	3.919073245
2/17/2024	1505.50314	1.8066E+11	8828561845	-0.517812972	180.6603768	8.828561845	2024	2	Feb	1	Saturday	1518.866711	1541.963308	1373.645973	3.921301666
2/18/2024	1464.438932	1.75733E+11	19835777717	-2.727606953	175.7326718	19.83577772	2024	2	Feb	1	Sunday	1504.585717	1539.984804	1373.963778	3.835818416
2/19/2024	1531.112634	1.83734E+11	16832220539	4.552849635	183.7335161	16.83222054	2024	2	Feb	1	Monday	1501.772927	1543.917353	1375.300076	3.674061338
2/20/2024	1640.141804	1.96817E+11	21270562675	7.120911117	196.8170165	21.27056267	2024	2	Feb	1	Tuesday	1516.618393	1551.087193	1377.7817	3.877266102
2/21/2024	1612.860829	1.93543E+11	26469463467	-1.663330269	193.5432995	26.46946347	2024	2	Feb	1	Wednesday	1537.389571	1560.562272	1381.411266	3.65081989
2/22/2024	1577.891795	1.89347E+11	15687807035	-2.168137102	189.3470154	15.68780703	2024	2	Feb	1	Thursday	1549.326935	1567.384373	1384.984297	3.652142941
2/23/2024	1613.333146	1.936E+11	26744155436	2.246120484	193.5999775	26.74415544	2024	2	Feb	1	Friday	1563.611754	1575.439867	1388.655434	3.66323353
2/24/2024	1594.472655	1.91337E+11	22975767065	-1.169038861	191.3367185	22.97576706	2024	2	Feb	1	Saturday	1576.321685	1581.969928	1392.627577	3.667908093
2/25/2024	1589.670322	1.9076E+11	16907591962	-0.30118623	190.7604387	16.90759196	2024	2	Feb	1	Sunday	1594.211884	1589.80446	1396.475071	3.606746051
2/26/2024	1641.597461	1.96992E+11	20169320995	3.266535052	196.9916953	20.169321	2024	2	Feb	1	Monday	1609.99543	1596.873481	1400.610773	3.52276652
2/27/2024	1524.780123	1.82974E+11	12637939245	-7.116076926	182.9736147	12.63793925	2024	2	Feb	1	Tuesday	1593.51519	1597.890216	1403.601329	3.702957944
2/28/2024	1611.450217	1.93374E+11	28625481171	5.684104452	193.3740261	28.62548117	2024	2	Feb	1	Wednesday	1593.313674	1600.485475	1407.419986	3.814239642
2/29/2024	1620.267994	1.94432E+11	21403508095	0.547195103	194.4321593	21.4035081	2024	2	Feb	1	Thursday	1599.367417	1603.50512	1411.830742	3.813492878
3/1/2024	1597.882401	1.91746E+11	6761271085	-1.381598171	191.7458881	6.761271085	2024	3	Mar	1	Friday	1597.160168	1604.445046	1416.066871	3.798240609
3/2/2024	0.455366322	54643958.6	3781068.426	-99.97150189	0.054643959	0.003781068	2024	3	Mar	1	Saturday	1369.443412	1553.462703	1402.181027	18.67594341
3/3/2024	0.455137409	54616489.12	5723684.192	-0.05026994	0.054616489	0.005723684	2024	3	Mar	1	Sunday	1142.412671	1500.566583	1388.168613	18.64056668
3/4/2024	0.425111429	51013371.44	1875251.194	-6.597124299	0.051013371	0.001875251	2024	3	Mar	1	Monday	907.9594786	1443.912686	1374.442675	18.54593022
3/5/2024	0.451758999	54211079.84	1781706.931	6.268372987	0.05421108	0.001781707	2024	3	Mar	1	Tuesday	690.1982838	1384.625474	1360.554696	18.57341949
3/6/2024	0.452959118	54355094.16	4565986.014	0.265654768	0.054355094	0.004565986	2024	3	Mar	1	Wednesday	460.0558184	1326.893471	1346.224055	18.58639994
3/7/2024	0.461518417	55382210.01	3872480.388	1.889640453	0.05538221	0.00387248	2024	3	Mar	1	Thursday	228.6548933	1268.167913	1332.985349	18.58807493
3/8/2024	0.479902976	57588357.12	4756558.326	3.983494188	0.057588357	0.004756558	2024	3	Mar	1	Friday	0.454536381	1212.258668	1319.079811	18.63677736
3/9/2024	0.461156494	55338779.29	3404618.63	-3.906306672	0.055338779	0.003404619	2024	3	Mar	1	Saturday	0.455363549	1154.904507	1305.321815	18.60433247
3/10/2024	0.470443717	56453246.03	2809459.56	2.013898311	0.056453246	0.00280946	2024	3	Mar	1	Sunday	0.457550164	1096.355208	1291.288853	18.60361761
3/11/2024	0.465899844	55907981.29	6300673.108	-0.965869589	0.055907981	0.006300673	2024	3	Mar	1	Monday	0.463377081	1041.884885	1276.526405	18.59702128
3/12/2024	0.482432741	57891928.98	5311499.612	3.548594749	0.057891929	0.0053115	2024	3	Mar	1	Tuesday	0.467759044	989.7541029	1262.51389	18.6372469
3/13/2024	0.443524223	53222906.78	2875021.874	-8.065065865	0.053222907	0.002875022	2024	3	Mar	1	Wednesday	0.466411202	938.0754815	1248.85549	18.65502955
3/14/2024	0.442211664	53065399.74	3627058.871	-0.295938437	0.0530654	0.003627059	2024	3	Mar	1	Thursday	0.463653094	886.8827707	1235.316586	18.65815133
3/15/2024	0.432108114	51852973.65	5238029.19	-2.284777085	0.051852974	0.005238029	2024	3	Mar	1	Friday	0.456825257	837.9817548	1222.159389	18.65739209
3/16/2024	0.440084317	52810118.04	2042036.39	1.845881406	0.052810118	0.002042036	2024	3	Mar	1	Saturday	0.453814946	788.1854159	1208.017573	18.65753045
3/17/2024	0.448885617	53866274.09	2569117.528	1.9999123	0.053866274	0.002569118	2024	3	Mar	1	Sunday	0.450735217	737.7557318	1194.314851	18.6639589
3/18/2024	0.436794604	52415352.43	2033163.871	-2.693562321	0.052415352	0.002033164	2024	3	Mar	1	Monday	0.446577326	687.5868537	1180.876401	18.65767811
3/19/2024	0.424951955	50994234.59	6500647.113	-2.711262579	0.050994235	0.006500647	2024	3	Mar	1	Tuesday	0.438365785	638.7863877	1167.290256	18.65769274
3/20/2024	0.4234983	50819796.03	6113067.933	-0.34207506	0.050819796	0.006113068	2024	3	Mar	1	Wednesday	0.435504939	587.7634165	1154.306642	18.60886202
3/21/2024	0.40898718	49078461.63	5908926.628	-3.426488369	0.049078462	0.005908927	2024	3	Mar	1	Thursday	0.430758584	533.1056559	1141.491799	18.50322124
3/22/2024	0.423419392	50810327.09	5891916.813	3.528768831	0.050810327	0.005891917	2024	3	Mar	1	Friday	0.429517338	479.3577422	1128.477774	18.54733517
3/23/2024	0.417629582	50115549.79	5529060.718	-1.367393865	0.05011555	0.005529061	2024	3	Mar	1	Saturday	0.426309519	426.77527	1115.60076	18.54996133
3/24/2024	0.372156827	44658819.2	3895992.061	-10.88829838	0.044658819	0.003895992	2024	3	Mar	1	Sunday	0.415348263	373.0099037	1102.736234	18.56420497
3/25/2024	0.366985545	44038265.39	4715325.908	-1.389543693	0.044038265	0.004715326	2024	3	Mar	1	Monday	0.40537554	319.8730481	1090.106898	18.56310693
3/26/2024	0.352404868	42288584.14	1463328.225	-3.973093028	0.042288584	0.001463328	2024	3	Mar	1	Tuesday	0.395011671	266.8957842	1078.187604	18.55022591
3/27/2024	0.330474558	39656946.91	4147154.201	-6.223044077	0.039656947	0.004147154	2024	3	Mar	1	Wednesday	0.381722564	212.1868847	1066.080834	18.50136841
3/28/2024	0.314829937	37779592.39	4659936.089	-4.733986514	0.037779592	0.004659936	2024	3	Mar	1	Thursday	0.36827153	161.3713749	1053.057908	18.49443104
3/29/2024	0.316527127	37983255.27	3420126.378	0.539081732	0.037983255	0.003420126	2024	3	Mar	1	Friday	0.353001206	107.6669186	1039.990012	18.4221476
3/30/2024	0.334138167	40096580.05	2923104.816	5.563832687	0.04009658	0.002923105	2024	3	Mar	1	Saturday	0.341073861	53.66912335	1026.768223	18.49212619
3/31/2024	0.338688891	40642666.91	2572323.493	1.361928791	0.040642667	0.002572323	2024	3	Mar	1	Sunday	0.336292727	0.417666278	1013.138055	18.51396738
4/1/2024	0.330901856	39708222.75	4254189.922	-2.299170386	0.039708223	0.00425419	2024	4	Apr	2	Monday	0.331137915	0.413517462	1000.147685	3.985702786
4/2/2024	0.337328756	40479450.74	4579688.962	1.942237494	0.040479451	0.004579689	2024	4	Apr	2	Tuesday	0.328984185	0.409590507	986.2040509	4.018201137
4/3/2024	0.331522069	39782648.26	5351407.168	-1.721373362	0.039782648	0.005351407	2024	4	Apr	2	Wednesday	0.329133829	0.406470862	972.1090414	3.876503455
4/4/2024	0.322760436	38731252.38	2753020.901	-2.642850412	0.038731252	0.002753021	2024	4	Apr	2	Thursday	0.330266758	0.40217091	957.0223509	3.6551714
4/5/2024	0.308504324	37020518.85	4530299.991	-4.416933161	0.037020519	0.0045303	2024	4	Apr	2	Friday	0.329120643	0.39735575	942.3320519	3.696871723
4/6/2024	0.287914254	34549710.47	3363853.058	-6.674159239	0.03454971	0.003363853	2024	4	Apr	2	Saturday	0.322517227	0.391568945	926.4906051	3.779439801
4/7/2024	0.283742109	34049053.06	4628641.173	-1.449092929	0.034049053	0.004628641	2024	4	Apr	2	Sunday	0.314667686	0.385030249	910.1061813	3.635561384
4/8/2024	0.285827333	34299279.96	3201407.431	0.734901201	0.03429928	0.003201407	2024	4	Apr	2	Monday	0.308228469	0.379185944	893.3102129	3.635905412
4/9/2024	0.285009625	34201154.97	3150459.207	-0.286084676	0.034201155	0.003150459	2024	4	Apr	2	Tuesday	0.300754307	0.373004807	876.3107346	3.582764576
4/10/2024	0.280587122	33670454.69	3344999.732	-1.551702798	0.033670455	0.003345	2024	4	Apr	2	Wednesday	0.293477886	0.366827716	859.4342663	3.580825513
4/11/2024	0.270441127	32452935.3	3891685.988	-3.615987391	0.032452935	0.003891686	2024	4	Apr	2	Thursday	0.286003699	0.359761329	841.679902	3.461687237
4/12/2024	0.277378855	33285462.59	4851784.139	2.565337411	0.033285463	0.004851784	2024	4	Apr	2	Friday	0.281557204	0.35422315	823.7778665	3.345823097
4/13/2024	0.263406641	31608796.94	1227293.803	-5.037231032	0.031608797	0.001227294	2024	4	Apr	2	Saturday	0.278056116	0.348262983	807.1862726	3.39870357
4/14/2024	0.271983151	32637978.09	1188419.029	3.255995974	0.032637978	0.001188419	2024	4	Apr	2	Sunday	0.276376265	0.342925484	791.2776517	3.511954574
4/15/2024	0.261556792	31386815.05	4472810.736	-3.833457585	0.031386815	0.004472811	2024	4	Apr	2	Monday	0.272909045	0.336974567	775.4446421	3.479965104
4/16/2024	0.254055826	30486699.07	2853100.02	-2.867815611	0.030486699	0.0028531	2024	4	Apr	2	Tuesday	0.268487073	0.33048024	759.3712486	3.416357839
4/17/2024	0.239818556	28778226.72	2986845.006	-5.603992544	0.028778227	0.002986845	2024	4	Apr	2	Wednesday	0.262662993	0.323914372	743.2913588	3.482648961
4/18/2024	0.235291821	28235018.51	2481599.274	-1.887566652	0.028235019	0.002481599	2024	4	Apr	2	Thursday	0.257641663	0.317592368	726.3629281	3.479431063
4/19/2024	0.244897323	29387678.77	1211915.379	4.082378268	0.029387679	0.001211915	2024	4	Apr	2	Friday	0.253001444	0.311639002	710.6641361	3.637539234
4/20/2024	0.250250936	30030112.27	3668800.6	2.186064116	0.030030112	0.003668801	2024	4	Apr	2	Saturday	0.251122058	0.306347794	694.8330656	3.69193775
4/21/2024	0.260499526	31259943.11	3740782.281	4.095325479	0.031259943	0.003740782	2024	4	Apr	2	Sunday	0.24948154	0.300917131	680.0736436	3.720189431
4/22/2024	0.266263586	31951630.33	2153680.426	2.212695056	0.03195163	0.00215368	2024	4	Apr	2	Monday	0.250153939	0.295871598	664.8185049	3.782741286
4/23/2024	0.255019484	30602338.08	2042666.572	-4.222921443	0.030602338	0.002042667	2024	4	Apr	2	Tuesday	0.250291605	0.29196702	649.5805791	3.381857663
4/24/2024	0.251919195	30230303.39	3946292.998	-1.21570674	0.030230303	0.003946293	2024	4	Apr	2	Wednesday	0.252020267	0.288131475	634.0437026	3.381664132
4/25/2024	0.244423021	29330762.49	1134598.1	-2.975626433	0.029330762	0.001134598	2024	4	Apr	2	Thursday	0.253324724	0.28453208	618.9949256	3.358184532
4/26/2024	0.258042271	30965072.5	4202970.351	5.571999742	0.030965073	0.00420297	2024	4	Apr	2	Friday	0.255202574	0.282117671	603.1141611	3.434253995
4/27/2024	0.246226505	29547180.66	1796450.938	-4.579003806	0.029547181	0.001796451	2024	4	Apr	2	Saturday	0.254627655	0.27983089	586.5138074	3.428187493
4/28/2024	0.255443123	30653174.74	3100819.054	3.743145926	0.030653175	0.003100819	2024	4	Apr	2	Sunday	0.253905312	0.277794756	569.4767296	3.518735474
4/29/2024	0.264996847	31799621.66	4525699.943	3.740059326	0.031799622	0.0045257	2024	4	Apr	2	Monday	0.253724349	0.275490045	552.4832445	3.422066478
4/30/2024	0.285403148	34248377.81	3814402.811	7.700582647	0.034248378	0.003814403	2024	4	Apr	2	Tuesday	0.258064873	0.273713854	535.0454754	3.735887472
5/1/2024	0.281045133	33725415.99	2688980.618	-1.526968158	0.033725416	0.002688981	2024	5	May	2	Wednesday	0.262225721	0.272051963	518.0494242	3.72572208
5/2/2024	0.289457407	34734888.81	3916153.954	2.99321089	0.034734889	0.003916154	2024	5	May	2	Thursday	0.268659205	0.270456252	500.4155434	3.754076963
5/3/2024	0.317435368	38092244.18	2715122.081	9.665657448	0.038092244	0.002715122	2024	5	May	2	Friday	0.277143933	0.269986695	481.5297144	4.172489108
5/4/2024	0.309998843	37199861.18	2353672.787	-2.342689492	0.037199861	0.002353673	2024	5	May	2	Saturday	0.286254267	0.269561308	461.7657356	4.166440814
5/5/2024	0.291828691	35019442.93	5238978.469	-5.861361244	0.035019443	0.005238978	2024	5	May	2	Sunday	0.291452205	0.269005454	442.519944	4.226542155
5/6/2024	0.270958739	32515048.67	3904889.169	-7.151439458	0.032515049	0.003904889	2024	5	May	2	Monday	0.292303904	0.26844027	422.9426406	4.252959389
5/7/2024	0.279073457	33488814.9	3595573.405	2.994817058	0.033488815	0.003595573	2024	5	May	2	Tuesday	0.291399663	0.268284648	404.3039944	4.282194369
5/8/2024	0.259083143	31089977.21	2258212.946	-7.163101151	0.031089977	0.002258213	2024	5	May	2	Wednesday	0.288262236	0.267393175	385.1836953	4.475937608
5/9/2024	0.25550865	30661038.03	1100709.787	-1.379670305	0.030661038	0.00110071	2024	5	May	2	Thursday	0.283412413	0.26640981	365.6648742	4.480856279
5/10/2024	0.26027761	31233313.21	1053400.493	1.866457315	0.031233313	0.0010534	2024	5	May	2	Friday	0.275247019	0.265732826	347.5058151	4.490509536
5/11/2024	0.262474993	31496999.2	3039515.563	0.844245972	0.031496999	0.003039516	2024	5	May	2	Saturday	0.268457898	0.265467288	330.1264438	4.4455128
5/12/2024	0.267247076	32069649.12	3894664.111	1.818109432	0.032069649	0.003894664	2024	5	May	2	Sunday	0.264946239	0.265129562	312.8982781	4.432693534
5/13/2024	0.269903693	32388443.16	3060238.339	0.994067775	0.032388443	0.003060238	2024	5	May	2	Monday	0.264795518	0.265346131	295.8321266	4.333387874
5/14/2024	0.28435397	34122476.4	4466434.546	5.353864127	0.034122476	0.004466435	2024	5	May	2	Tuesday	0.265549877	0.265758491	279.5301462	4.401270023
5/15/2024	0.273999746	32879969.55	1118286.693	-3.641315015	0.03287997	0.001118287	2024	5	May	2	Wednesday	0.26768082	0.266173256	262.9295212	4.395271039
5/16/2024	0.266946263	32033551.52	2370811.13	-2.574266462	0.032033552	0.002370811	2024	5	May	2	Thursday	0.269314764	0.266602938	246.117605	4.388416405
5/17/2024	0.259081063	31089727.55	1817146.291	-2.946360696	0.031089728	0.001817146	2024	5	May	2	Friday	0.269143829	0.267245021	229.392671	4.291763634
5/18/2024	0.26809695	32171634.02	2691889.289	3.479948378	0.032171634	0.002691889	2024	5	May	2	Saturday	0.269946966	0.268338525	213.1241062	4.307271459
5/19/2024	0.27820677	33384812.36	1291497.047	3.770956547	0.033384812	0.001291497	2024	5	May	2	Sunday	0.271512636	0.26944884	196.1148348	4.298770271
5/20/2024	0.283557132	34026855.81	4916737.649	1.923160276	0.034026856	0.004916738	2024	5	May	2	Monday	0.273463128	0.270559047	177.8941876	4.295512972
5/21/2024	0.297600913	35712109.61	2028113.851	4.952716813	0.03571211	0.002028114	2024	5	May	2	Tuesday	0.275355548	0.27179576	159.9768184	4.322980287
5/22/2024	0.284186791	34102414.95	4797423.145	-4.507419698	0.034102415	0.004797423	2024	5	May	2	Wednesday	0.27681084	0.2723932	142.4478449	4.406345271
5/23/2024	0.304089085	36490690.23	2959656.93	7.00324386	0.03649069	0.002959657	2024	5	May	2	Thursday	0.282116958	0.274028853	124.5252999	4.484044135
5/24/2024	0.323516542	38821985.03	5755859.929	6.388738576	0.038821985	0.00575586	2024	5	May	2	Friday	0.291322026	0.276415432	106.8125317	4.586654543
5/25/2024	0.333510759	40021291.13	3861534.558	3.089244639	0.040021291	0.003861535	2024	5	May	2	Saturday	0.300666856	0.279385023	89.15323376	4.541621759
5/26/2024	0.358506605	43020792.57	6096043.885	7.494764315	0.043020793	0.006096044	2024	5	May	2	Sunday	0.312138261	0.282733834	70.91724538	4.619217902
5/27/2024	0.335855885	40302706.23	1234950.633	-6.318075944	0.040302706	0.001234951	2024	5	May	2	Monday	0.319609512	0.28572148	53.97897575	4.704430928
5/28/2024	0.32921276	39505531.23	4732314.52	-1.977968901	0.039505531	0.004732315	2024	5	May	2	Tuesday	0.32412549	0.288180468	36.07763126	4.711507167
5/29/2024	0.319990751	38398890.07	5313103.833	-2.801230924	0.03839889	0.005313104	2024	5	May	2	Wednesday	0.329240341	0.290013598	18.078209	4.729553484
5/30/2024	0.329689487	39562738.48	1850209.545	3.03094283	0.039562738	0.00185021	2024	5	May	2	Thursday	0.332897541	0.291489809	0.327623314	4.566540169
5/31/2024	0.316443792	37973255.08	1577223.031	-4.017627348	0.037973255	0.001577223	2024	5	May	2	Friday	0.331887149	0.292669765	0.32607973	4.628433371
6/1/2024	0.326505058	39180606.97	3171619.703	3.179479576	0.039180607	0.00317162	2024	6	Jun	2	Saturday	0.330886334	0.293904686	0.324650482	4.632017698
6/2/2024	0.345249342	41429921.03	5884766.832	5.740886204	0.041429921	0.005884767	2024	6	Jun	2	Sunday	0.328992439	0.294831819	0.323763125	4.414709463
6/3/2024	0.355339973	42640796.78	4054559.314	2.922708332	0.042640797	0.004054559	2024	6	Jun	2	Monday	0.331775881	0.29634319	0.322691803	4.407608548
6/4/2024	0.359755647	43170677.66	4027598.687	1.242661762	0.043170678	0.004027599	2024	6	Jun	2	Tuesday	0.33613915	0.298607422	0.321656209	4.238865076
6/5/2024	0.34616312	41539574.42	1949665.5	-3.778266477	0.041539574	0.001949665	2024	6	Jun	2	Wednesday	0.33987806	0.301114234	0.320374483	4.062080011
6/6/2024	0.334968357	40196202.85	1209694.327	-3.233956027	0.040196203	0.001209694	2024	6	Jun	2	Thursday	0.340632184	0.302977398	0.318764098	4.110191174
6/7/2024	0.352489497	42298739.68	5381110.767	5.230685202	0.04229874	0.005381111	2024	6	Jun	2	Friday	0.345781571	0.306090943	0.317556687	3.91150317
6/8/2024	0.364014895	43681787.4	1769503.235	3.269713784	0.043681787	0.001769503	2024	6	Jun	2	Saturday	0.351140119	0.309707818	0.316374145	3.901756767
6/9/2024	0.36381082	43657298.36	4630379.429	-0.056062357	0.043657298	0.004630379	2024	6	Jun	2	Sunday	0.353791759	0.313158925	0.315239822	3.907236924
6/10/2024	0.358137727	42976527.23	6006140.493	-1.559352397	0.042976527	0.00600614	2024	6	Jun	2	Monday	0.354191438	0.316347682	0.313858767	3.939209549
6/11/2024	0.330592107	39671052.81	2183424.512	-7.691348357	0.039671053	0.002183425	2024	6	Jun	2	Tuesday	0.350025218	0.318459183	0.312603965	4.251012356
6/12/2024	0.317047376	38045685.08	4178661.851	-4.097112662	0.038045685	0.004178662	2024	6	Jun	2	Wednesday	0.345865825	0.320030639	0.311213251	4.343564735
6/13/2024	0.342580949	41109713.84	1621524.532	8.053551286	0.041109714	0.001621525	2024	6	Jun	2	Thursday	0.346953339	0.321971539	0.310218505	4.470925837
6/14/2024	0.325801973	39096236.82	4005433.595	-4.897813284	0.039096237	0.004005434	2024	6	Jun	2	Friday	0.343140835	0.32369828	0.308948701	4.518811371
6/15/2024	0.328609116	39433093.89	1958713.01	0.861609959	0.039433094	0.001958713	2024	6	Jun	2	Saturday	0.338082867	0.325753708	0.307612295	4.476907687
6/16/2024	0.342464056	41095686.68	4862212.633	4.21623725	0.041095687	0.004862213	2024	6	Jun	2	Sunday	0.335033329	0.328533141	0.306564178	4.46164481
6/17/2024	0.326023609	39122833.06	2587887.591	-4.800634271	0.039122833	0.002587888	2024	6	Jun	2	Monday	0.330445598	0.33046403	0.305464974	4.559940616
6/18/2024	0.328769934	39452392.09	3377397.815	0.842370036	0.039452392	0.003377398	2024	6	Jun	2	Tuesday	0.330185287	0.332149469	0.304412437	4.524345665
6/19/2024	0.341680073	41001608.71	4179362.246	3.926800241	0.041001609	0.004179362	2024	6	Jun	2	Wednesday	0.333704244	0.3340869	0.30366458	4.55834428
6/20/2024	0.342192968	41063156.16	2075857.902	0.15010984	0.041063156	0.002075858	2024	6	Jun	2	Thursday	0.333648818	0.335573302	0.302762064	4.488497476
6/21/2024	0.384179901	46101588.08	5485929.388	12.26995776	0.046101588	0.005485929	2024	6	Jun	2	Friday	0.341988522	0.338906405	0.302390401	4.86434538
6/22/2024	0.359734753	43168170.41	2862776.688	-6.362942777	0.04316817	0.002862777	2024	6	Jun	2	Saturday	0.346435042	0.340761261	0.302252378	4.918983677
6/23/2024	0.375671881	45080625.7	4935635.318	4.430244021	0.045080626	0.004935635	2024	6	Jun	2	Sunday	0.351179017	0.342499772	0.302348893	4.853124454
6/24/2024	0.373457435	44814892.2	2195659.308	-0.58946276	0.044814892	0.002195659	2024	6	Jun	2	Monday	0.357955278	0.343831328	0.30258281	4.834813634
6/25/2024	0.385553838	46266460.6	5208406.046	3.239031338	0.046266461	0.005208406	2024	6	Jun	2	Tuesday	0.366067264	0.344732903	0.303194802	4.682206143
6/26/2024	0.392812786	47137534.36	2139222.393	1.882732656	0.047137534	0.002139222	2024	6	Jun	2	Wednesday	0.373371938	0.346631466	0.304061278	4.516077655
6/27/2024	0.381841988	45821038.6	3713464.33	-2.79288211	0.045821039	0.003713464	2024	6	Jun	2	Thursday	0.379036083	0.348385774	0.304786999	4.534660993
6/28/2024	0.385741222	46288946.65	2761817.451	1.021164227	0.046288947	0.002761817	2024	6	Jun	2	Friday	0.379259129	0.350577456	0.305360366	4.48945699
6/29/2024	0.358472044	43016645.32	5153610.481	-7.069293138	0.043016645	0.00515361	2024	6	Jun	2	Saturday	0.379078742	0.351536875	0.305580179	4.6847373
6/30/2024	0.367594555	44111346.58	2710386.425	2.544831763	0.044111347	0.002710386	2024	6	Jun	2	Sunday	0.377924838	0.3532419	0.305987876	4.624931368
7/1/2024	0.37237705	44685246	6068527.949	1.30102449	0.044685246	0.006068528	2024	7	Jul	3	Monday	0.377770498	0.354770966	0.306377301	4.601505726
7/2/2024	0.382394701	45887364.08	6287414.37	2.690190133	0.045887364	0.006287414	2024	7	Jul	3	Tuesday	0.377319192	0.356009145	0.306942553	4.515525576
7/3/2024	0.399325972	47919116.65	2567168.815	4.427695099	0.047919117	0.002567169	2024	7	Jul	3	Wednesday	0.378249647	0.357475345	0.307793281	4.552282107
7/4/2024	0.405646808	48677616.94	5045995.441	1.5828762	0.048677617	0.005045995	2024	7	Jul	3	Thursday	0.381650336	0.35900505	0.308872642	4.554647366
7/5/2024	0.40846508	49015809.56	1986420.433	0.694760016	0.04901581	0.00198642	2024	7	Jul	3	Friday	0.384896601	0.361081782	0.310212096	4.482392807
7/6/2024	0.394714885	47365786.14	3646429.087	-3.366308614	0.047365786	0.003646429	2024	7	Jul	3	Saturday	0.39007415	0.363073333	0.311445126	4.486410188
7/7/2024	0.384012407	46081488.86	5326955.945	-2.711445091	0.046081489	0.005326956	2024	7	Jul	3	Sunday	0.392419557	0.364124097	0.312536072	4.440582071
7/8/2024	0.403083706	48370044.7	5278661.172	4.966323569	0.048370045	0.005278661	2024	7	Jul	3	Monday	0.396806223	0.365426391	0.313848006	4.489186682
7/9/2024	0.42734757	51281708.4	5382737.36	6.019559663	0.051281708	0.005382737	2024	7	Jul	3	Tuesday	0.403228061	0.367544282	0.315478678	4.601813033
7/10/2024	0.423720164	50846419.64	3249335.547	-0.848818763	0.05084642	0.003249336	2024	7	Jul	3	Wednesday	0.406712946	0.369730364	0.317181778	4.591924112
7/11/2024	0.424925286	50991034.32	3842837.01	0.284414682	0.050991034	0.003842837	2024	7	Jul	3	Thursday	0.409467014	0.372874803	0.318821183	4.314024479
7/12/2024	0.410234432	49228131.8	2084985.519	-3.457279391	0.049228132	0.002084986	2024	7	Jul	3	Friday	0.409719778	0.375981038	0.320452603	4.289833425
7/13/2024	0.430367311	51644077.27	6005314.729	4.907652146	0.051644077	0.006005315	2024	7	Jul	3	Saturday	0.414812982	0.37890725	0.322212427	4.146256884
7/14/2024	0.442418261	53090191.38	4802892.06	2.800154808	0.053090191	0.004802892	2024	7	Jul	3	Sunday	0.423156676	0.38279446	0.324221999	4.014683625
7/15/2024	0.478618785	57434254.22	6607918.688	8.182420771	0.057434254	0.006607919	2024	7	Jul	3	Monday	0.433947401	0.387794782	0.326717143	4.216963364
7/16/2024	0.462557791	55506934.88	3323379.089	-3.355696649	0.055506935	0.003323379	2024	7	Jul	3	Tuesday	0.438977433	0.391797906	0.329192023	4.265571553
7/17/2024	0.456072225	54728667.05	3772588.626	-1.402109187	0.054728667	0.003772589	2024	7	Jul	3	Wednesday	0.443599156	0.39613286	0.331645139	4.147118385
7/18/2024	0.460774617	55292954.02	3876359.014	1.031062887	0.055292954	0.003876359	2024	7	Jul	3	Thursday	0.448720489	0.400533016	0.334043775	4.146689466
7/19/2024	0.473318538	56798224.6	1879401.518	2.722355145	0.056798225	0.001879402	2024	7	Jul	3	Friday	0.457732504	0.404920965	0.336522304	4.1252862
7/20/2024	0.469722408	56366688.96	3997849.393	-0.759769598	0.056366689	0.003997849	2024	7	Jul	3	Saturday	0.463354661	0.409171947	0.338847003	4.136396231
7/21/2024	0.454057324	54486878.93	6886953.453	-3.334966207	0.054486879	0.006886953	2024	7	Jul	3	Sunday	0.465017384	0.411501194	0.3409336	3.640298627
7/22/2024	0.470821837	56498620.4	7778493.864	3.692157664	0.05649862	0.007778494	2024	7	Jul	3	Monday	0.463903534	0.415204097	0.343331404	3.431878842
7/23/2024	0.485085503	58210260.4	5366182.584	3.029525294	0.05821026	0.005366183	2024	7	Jul	3	Tuesday	0.467121779	0.418851218	0.345922141	3.392306854
7/24/2024	0.468096376	56171565.15	4755496.133	-3.502295358	0.056171565	0.004755496	2024	7	Jul	3	Wednesday	0.468839515	0.422005849	0.3484074	3.477355143
7/25/2024	0.494670517	59360462.05	2000385.495	5.677066133	0.059360462	0.002000385	2024	7	Jul	3	Thursday	0.473681786	0.425643072	0.351036603	3.563408953
7/26/2024	0.518894127	62267295.19	8437499.978	4.896917974	0.062267295	0.0084375	2024	7	Jul	3	Friday	0.480192585	0.429845783	0.354066243	3.634006425
7/27/2024	0.522211003	62665320.4	1977794.315	0.639220337	0.06266532	0.001977794	2024	7	Jul	3	Saturday	0.487690955	0.43452475	0.357030331	3.563972461
7/28/2024	0.524400467	62928055.99	9021995.994	0.419267928	0.062928056	0.009021996	2024	7	Jul	3	Sunday	0.497739976	0.439146725	0.359912593	3.566183947
7/29/2024	0.536688554	64402626.49	5712896.156	2.343264028	0.064402626	0.005712896	2024	7	Jul	3	Monday	0.507149507	0.445087275	0.362704653	3.22091672
7/30/2024	0.519023847	62282861.62	4424084.898	-3.291426128	0.062282862	0.004424085	2024	7	Jul	3	Tuesday	0.511997842	0.450134918	0.365348861	3.324219634
7/31/2024	0.520167611	62420113.35	8795381.736	0.220368372	0.062420113	0.008795382	2024	7	Jul	3	Wednesday	0.519436589	0.45506127	0.367912308	3.329042564
8/1/2024	0.477734791	57328174.87	1887640.18	-8.157528402	0.057328175	0.00188764	2024	8	Aug	3	Thursday	0.5170172	0.458239273	0.369693412	3.724257994
8/2/2024	0.495275401	59433048.09	5929693.891	3.671620839	0.059433048	0.005929694	2024	8	Aug	3	Friday	0.513643096	0.461437588	0.371752041	3.70143226
8/3/2024	0.465752438	55890292.56	5358308.704	-5.960918445	0.055890293	0.005358309	2024	8	Aug	3	Saturday	0.505577587	0.463441109	0.373684527	3.896563781
8/4/2024	0.495115484	59413858.13	3346096.288	6.304432141	0.059413858	0.003346096	2024	8	Aug	3	Sunday	0.501394018	0.466329456	0.376175157	4.03657893
8/5/2024	0.489109423	58693130.76	4781523.454	-1.213062722	0.058693131	0.004781523	2024	8	Aug	3	Monday	0.494596999	0.46947594	0.37850889	3.980126828
8/6/2024	0.485471	58256520.03	6307531.336	-0.743887288	0.05825652	0.006307531	2024	8	Aug	3	Tuesday	0.489803735	0.472857893	0.381024311	3.936345998
8/7/2024	0.473906573	56868788.7	6668192.109	-2.382104734	0.056868789	0.006668192	2024	8	Aug	3	Wednesday	0.483195016	0.475218655	0.383450955	3.90043923
8/8/2024	0.468946478	56273577.38	1693048.146	-1.046639702	0.056273577	0.001693048	2024	8	Aug	3	Thursday	0.481939542	0.476605286	0.385769498	3.774086322
8/9/2024	0.496821048	59618525.75	8491014.214	5.944083396	0.059618526	0.008491014	2024	8	Aug	3	Friday	0.482160349	0.479041982	0.388373343	3.899578581
8/10/2024	0.450211535	54025384.22	2687387.102	-9.381549545	0.054025384	0.002687387	2024	8	Aug	3	Saturday	0.47994022	0.479884857	0.390406281	4.30522563
8/11/2024	0.474279194	56913503.32	3302670.798	5.345855737	0.056913503	0.003302671	2024	8	Aug	3	Sunday	0.476963607	0.482019682	0.39267712	4.341350251
8/12/2024	0.481216419	57745970.32	3558122.683	1.462688025	0.05774597	0.003558123	2024	8	Aug	3	Monday	0.475836035	0.483714653	0.39486448	4.26777542
8/13/2024	0.458993587	55079230.49	1902349.397	-4.618053541	0.05507923	0.001902349	2024	8	Aug	3	Tuesday	0.472053548	0.484267163	0.396919968	4.341874132
8/14/2024	0.440109581	52813149.72	2364246.919	-4.114220112	0.05281315	0.002364247	2024	8	Aug	3	Wednesday	0.467225406	0.482983523	0.398844004	4.139431307
8/15/2024	0.471104277	56532513.25	8387276.208	7.042495206	0.056532513	0.008387276	2024	8	Aug	3	Thursday	0.467533663	0.483268406	0.401199818	4.297990912
8/16/2024	0.45407355	54488826.01	3695759.575	-3.615065258	0.054488826	0.00369576	2024	8	Aug	3	Friday	0.461426878	0.483201784	0.403266225	4.344308519
8/17/2024	0.434034997	52084199.64	2283169.79	-4.413063277	0.0520842	0.00228317	2024	8	Aug	3	Saturday	0.459115944	0.482310463	0.404997649	4.416208057
8/18/2024	0.454690856	54562902.72	2337417.535	4.759030769	0.054562903	0.002337418	2024	8	Aug	3	Sunday	0.45631761	0.48168954	0.406899135	4.476401226
8/19/2024	0.461351334	55362160.09	6440567.752	1.464836602	0.05536216	0.006440568	2024	8	Aug	3	Monday	0.45347974	0.481410504	0.408718584	4.482423713
8/20/2024	0.444808051	53376966.1	7075022.896	-3.585831889	0.053376966	0.007075023	2024	8	Aug	3	Tuesday	0.451453235	0.481102195	0.410503265	4.489161945
8/21/2024	0.449127963	53895355.51	3278684.929	0.971185595	0.053895356	0.003278685	2024	8	Aug	3	Wednesday	0.452741575	0.480379066	0.412114808	4.439827549
8/22/2024	0.431504412	51780529.39	1683340.556	-3.923948723	0.051780529	0.001683341	2024	8	Aug	3	Thursday	0.447084452	0.47859303	0.413314673	4.454395614
8/23/2024	0.451380467	54165655.98	3075027.742	4.60622287	0.054165656	0.003075028	2024	8	Aug	3	Friday	0.446699726	0.478035833	0.414624337	4.498725083
8/24/2024	0.471427549	56571305.84	2080799.147	4.44128261	0.056571306	0.002080799	2024	8	Aug	3	Saturday	0.452041519	0.477261067	0.415879014	4.45013127
8/25/2024	0.482048956	57845874.69	2453092.706	2.253030635	0.057845875	0.002453093	2024	8	Aug	3	Sunday	0.455949819	0.476032895	0.417503381	4.374030986
8/26/2024	0.489562492	58747499.07	4804427.716	1.558666689	0.058747499	0.004804428	2024	8	Aug	3	Monday	0.459979984	0.474944611	0.419285045	4.382977807
8/27/2024	0.525820366	63098443.88	3633852.287	7.406178782	0.063098444	0.003633852	2024	8	Aug	3	Tuesday	0.471553172	0.474991941	0.421572041	4.59327776
8/28/2024	0.526339845	63160781.41	5805328.824	0.098794079	0.063160781	0.005805329	2024	8	Aug	3	Wednesday	0.482583441	0.474646984	0.423757045	4.57391301
8/29/2024	0.502538439	60304612.67	3643559.493	-4.522060484	0.060304613	0.003643559	2024	8	Aug	3	Thursday	0.492731159	0.474097471	0.425824763	4.610166131
8/30/2024	0.512167177	61460061.21	8780459.448	1.916020171	0.061460061	0.008780459	2024	8	Aug	3	Friday	0.501414975	0.473830789	0.427887675	4.623390402
8/31/2024	0.557294024	66875282.85	9276489.577	8.810960362	0.066875283	0.00927649	2024	8	Aug	3	Saturday	0.513681614	0.476482764	0.430243727	4.622330349
9/1/2024	0.535661585	64279390.25	6300455.806	-3.88169214	0.06427939	0.006300456	2024	9	Sep	3	Sunday	0.521340561	0.47782897	0.432247301	4.655851173
9/2/2024	0.528500674	63420080.87	4599914.214	-1.336834984	0.063420081	0.004599914	2024	9	Sep	3	Monday	0.526903158	0.479920578	0.434122246	4.513533045
9/3/2024	0.537915735	64549888.23	4888855.283	1.781466289	0.064549888	0.004888855	2024	9	Sep	3	Tuesday	0.528631068	0.481347253	0.43625283	4.38744096
9/4/2024	0.53729416	64475299.17	5120774.875	-0.115552583	0.064475299	0.005120775	2024	9	Sep	3	Wednesday	0.530195971	0.482953411	0.438500895	4.37835642
9/5/2024	0.517108949	62053073.85	7279416.224	-3.756826808	0.062053074	0.007279416	2024	9	Sep	3	Thursday	0.532277472	0.484008009	0.44033	4.439768932
9/6/2024	0.541383499	64966019.93	5469923.156	4.694281689	0.06496602	0.005469923	2024	9	Sep	3	Friday	0.536451232	0.48625724	0.442300762	4.479847032
9/7/2024	0.594624152	71354898.19	9476472.319	9.8341845	0.071354898	0.009476472	2024	9	Sep	3	Saturday	0.541784108	0.490446496	0.444865355	4.777413464
9/8/2024	0.599907086	71988850.3	10315381.29	0.888449325	0.07198885	0.010315381	2024	9	Sep	3	Sunday	0.550962036	0.493882697	0.447551681	4.68171327
9/9/2024	0.579179273	69501512.75	4886897.286	-3.455170546	0.069501513	0.004886897	2024	9	Sep	3	Monday	0.558201836	0.498181622	0.45031376	4.353629829
9/10/2024	0.544927977	65391357.25	6361489.494	-5.913764092	0.065391357	0.006361489	2024	9	Sep	3	Tuesday	0.559203585	0.500536581	0.452845767	4.444497139
9/11/2024	0.551131079	66135729.43	2738467.891	1.138334196	0.066135729	0.002738468	2024	9	Sep	3	Wednesday	0.561180288	0.50286707	0.455162991	4.442614407
9/12/2024	0.576587881	69190545.7	3740183.908	4.619010486	0.069190546	0.003740184	2024	9	Sep	3	Thursday	0.569677278	0.506786879	0.457949501	4.392097863
9/13/2024	0.588239676	70588761.08	5619987.179	2.020818546	0.070588761	0.005619987	2024	9	Sep	3	Friday	0.576371018	0.511724549	0.460834285	4.294488782
9/14/2024	0.588771594	70652591.32	3867828.485	0.090425496	0.070652591	0.003867828	2024	9	Sep	3	Saturday	0.575534938	0.515646793	0.463571035	4.14549368
9/15/2024	0.575631361	69075763.27	9338163.093	-2.231804974	0.069075763	0.009338163	2024	9	Sep	3	Sunday	0.572066977	0.51969872	0.466344455	4.101836537
9/16/2024	0.551576704	66189204.48	3242897.099	-4.178830105	0.066189204	0.003242897	2024	9	Sep	3	Monday	0.568123753	0.523616777	0.468820086	4.091636146
9/17/2024	0.570875396	68505047.48	5800959.37	3.498822832	0.068505047	0.005800959	2024	9	Sep	3	Tuesday	0.571830527	0.527489595	0.4713667	4.056777187
9/18/2024	0.592719832	71126379.9	7303534.71	3.826480693	0.07112638	0.007303535	2024	9	Sep	3	Wednesday	0.577771778	0.531868545	0.474150332	4.092086554
9/19/2024	0.557739852	66928782.2	7564536.524	-5.901604586	0.066928782	0.007564537	2024	9	Sep	3	Thursday	0.575079202	0.535632938	0.476078776	4.200392602
9/20/2024	0.594955253	71394630.32	5423730.434	6.672537547	0.07139463	0.00542373	2024	9	Sep	3	Friday	0.57603857	0.540493848	0.478692337	4.333349146
9/21/2024	0.609384265	73126111.82	9820243.636	2.425226502	0.073126112	0.009820244	2024	9	Sep	3	Saturday	0.578983237	0.546423176	0.481289141	4.236967084
9/22/2024	0.645117733	77414127.95	7601935.616	5.863864528	0.077414128	0.007601936	2024	9	Sep	3	Sunday	0.588909862	0.552881085	0.484307589	4.2774205
9/23/2024	0.612009449	73441133.87	6076587.985	-5.132130505	0.073441134	0.006076588	2024	9	Sep	3	Monday	0.597543111	0.557567149	0.486823763	4.389456442
9/24/2024	0.58005026	69606031.24	2649823.378	-5.222009008	0.069606031	0.002649823	2024	9	Sep	3	Tuesday	0.598853806	0.560833859	0.488904179	4.523961608
9/25/2024	0.577181043	69261725.15	5940075.064	-0.494649798	0.069261725	0.005940075	2024	9	Sep	3	Wednesday	0.596633979	0.563754477	0.491074613	4.526313497
9/26/2024	0.589495661	70739479.38	9089195.512	2.13357987	0.070739479	0.009089196	2024	9	Sep	3	Thursday	0.601170523	0.565876987	0.493338551	4.353936867
9/27/2024	0.634046181	76085541.77	7893488.611	7.557395736	0.076085542	0.007893489	2024	9	Sep	3	Friday	0.606754942	0.569467198	0.496400486	4.540812165
9/28/2024	0.652861461	78343375.38	10173631.12	2.967493625	0.078343375	0.010173631	2024	9	Sep	3	Saturday	0.61296597	0.574477966	0.499570118	4.447541294
9/29/2024	0.64720151	77664181.19	6933966.863	-0.866945275	0.077664181	0.006933967	2024	9	Sep	3	Sunday	0.613263652	0.57897911	0.502623723	4.456157162
9/30/2024	0.62179032	74614838.44	3299125.272	-3.926318022	0.074614838	0.003299125	2024	9	Sep	3	Monday	0.61466092	0.581128987	0.505283675	4.277449391
10/1/2024	0.653800954	78456114.47	2482098.951	5.148139571	0.078456114	0.002482099	2024	10	Oct	4	Tuesday	0.625196733	0.585066966	0.508111174	4.279592782
10/2/2024	0.629681878	75561825.36	5016273.453	-3.689054868	0.075561825	0.005016273	2024	10	Oct	4	Wednesday	0.632696852	0.588439672	0.510600453	4.340342021
10/3/2024	0.672736336	80728360.3	9183565.961	6.837493556	0.08072836	0.009183566	2024	10	Oct	4	Thursday	0.644588377	0.592933692	0.5135368	4.480647002
10/4/2024	0.665792521	79895102.56	9973400.606	-1.032174733	0.079895103	0.009973401	2024	10	Oct	4	Friday	0.649123569	0.597216971	0.516548774	4.490533103
10/5/2024	0.710238888	85228666.56	5581654.364	6.675708305	0.085228667	0.005581654	2024	10	Oct	4	Saturday	0.657320344	0.603654636	0.520173513	4.528165797
10/6/2024	0.730521474	87662576.87	7843913.299	2.855741401	0.087662577	0.007843913	2024	10	Oct	4	Sunday	0.669223196	0.609959235	0.52381171	4.490994261
10/7/2024	0.727256189	87270742.67	7028285.425	-0.446980015	0.087270743	0.007028285	2024	10	Oct	4	Monday	0.684289749	0.614380303	0.527144028	4.183266959
10/8/2024	0.713015353	85561842.31	6781865.558	-1.958159531	0.085561842	0.006781866	2024	10	Oct	4	Tuesday	0.692748948	0.618150578	0.530358419	4.212379496
10/9/2024	0.704062153	84487458.33	4880151.522	-1.255681209	0.084487458	0.004880152	2024	10	Oct	4	Wednesday	0.703374702	0.622313341	0.53345994	4.157013558
10/10/2024	0.716945126	86033415.14	3988899.081	1.829806269	0.086033415	0.003988899	2024	10	Oct	4	Thursday	0.709690243	0.628047246	0.536867836	3.965888508
10/11/2024	0.719880744	86385689.28	4630499.88	0.409461999	0.086385689	0.0046305	2024	10	Oct	4	Friday	0.717417132	0.633672235	0.540084652	3.96720714
10/12/2024	0.703686616	84442393.86	3093959.723	-2.249557113	0.084442394	0.00309396	2024	10	Oct	4	Saturday	0.716481093	0.637908859	0.542987634	3.947495729
10/13/2024	0.699739311	83968717.27	4515475.627	-0.560946428	0.083968717	0.004515476	2024	10	Oct	4	Sunday	0.712083642	0.641625514	0.545444529	3.946772575
10/14/2024	0.702644401	84317328.15	2622615.257	0.415167561	0.084317328	0.002622615	2024	10	Oct	4	Monday	0.708567672	0.645421274	0.548112158	3.945616337
10/15/2024	0.645936738	77512408.52	8159809.383	-8.070606337	0.077512409	0.008159809	2024	10	Oct	4	Tuesday	0.698985013	0.647764787	0.550221764	4.227412701
10/16/2024	0.658541996	79025039.51	5370940.673	1.951469473	0.07902504	0.005370941	2024	10	Oct	4	Wednesday	0.692482133	0.651330296	0.552419179	4.142201606
10/17/2024	0.633867185	76064062.21	11164482.65	-3.746884931	0.076064062	0.011164483	2024	10	Oct	4	Thursday	0.680613856	0.653430023	0.554203053	4.182936857
10/18/2024	0.605894664	72707359.68	3871379.425	-4.412994044	0.07270736	0.003871379	2024	10	Oct	4	Friday	0.66433013	0.653869184	0.555716078	4.22280774
10/19/2024	0.566916698	68030003.72	4864106.383	-6.433125858	0.068030004	0.004864106	2024	10	Oct	4	Saturday	0.64479157	0.654175079	0.556970071	4.250140183
10/20/2024	0.528190321	63382838.53	4623203.761	-6.831052385	0.063382839	0.004623204	2024	10	Oct	4	Sunday	0.620284572	0.651949581	0.557607498	4.249668308
10/21/2024	0.500816004	60097920.42	1863887.693	-5.182661713	0.06009792	0.001863888	2024	10	Oct	4	Monday	0.591451944	0.648330639	0.557782282	4.307506332
10/22/2024	0.487299019	58475882.29	7643087.526	-2.698992114	0.058475882	0.007643088	2024	10	Oct	4	Tuesday	0.568789412	0.643070015	0.557995644	4.147749105
10/23/2024	0.527425858	63291102.99	2141728.85	8.234541338	0.063291103	0.002141729	2024	10	Oct	4	Wednesday	0.550058536	0.640250562	0.558359593	4.382900377
10/24/2024	0.516963936	62035672.29	8860032.744	-1.983581637	0.062035672	0.008860033	2024	10	Oct	4	Thursday	0.533358071	0.638147685	0.558338146	4.299176314
10/25/2024	0.521173562	62540827.5	8571152.997	0.814297942	0.062540827	0.008571153	2024	10	Oct	4	Friday	0.521255057	0.636280769	0.558326619	4.303711013
10/26/2024	0.530119459	63614335.05	5996454.523	1.716490812	0.063614335	0.005996455	2024	10	Oct	4	Saturday	0.515998308	0.634301562	0.558390163	4.296411219
10/27/2024	0.533439137	64012696.49	6096023.121	0.626213313	0.064012696	0.006096023	2024	10	Oct	4	Sunday	0.516748139	0.630947994	0.558354059	4.040000101
10/28/2024	0.532321295	63878555.34	6927843.368	-0.209553971	0.063878555	0.006927843	2024	10	Oct	4	Monday	0.521248895	0.626929988	0.558501808	3.987392575
10/29/2024	0.507976656	60957198.71	4659934.1	-4.573297907	0.060957199	0.004659934	2024	10	Oct	4	Tuesday	0.524202843	0.62228916	0.558366353	4.052787698
10/30/2024	0.538869052	64664286.26	6962188.628	6.081459828	0.064664286	0.006962189	2024	10	Oct	4	Wednesday	0.525837585	0.619525117	0.559045623	4.18975167
10/31/2024	0.579844788	69581374.59	2461246.76	7.604024746	0.069581375	0.002461247	2024	10	Oct	4	Thursday	0.534820564	0.617059912	0.559985283	4.323573655
11/1/2024	0.542644339	65117320.73	2375852.024	-6.415587338	0.065117321	0.002375852	2024	11	Nov	4	Friday	0.537887818	0.614158661	0.560839637	4.424542771
11/2/2024	0.521387209	62566465.12	5309868.886	-3.917322734	0.062566465	0.005309869	2024	11	Nov	4	Saturday	0.536640354	0.60911369	0.561131545	4.250145441
11/3/2024	0.516100006	61932000.68	5942665.067	-1.014064707	0.061932001	0.005942665	2024	11	Nov	4	Sunday	0.534163335	0.604123939	0.56143144	4.250106563
11/4/2024	0.497064126	59647695.14	8144183.969	-3.688409079	0.059647695	0.008144184	2024	11	Nov	4	Monday	0.529126597	0.597018114	0.561560253	4.041086156
11/5/2024	0.507733989	60928078.66	2593054.92	2.14657669	0.060928079	0.002593055	2024	11	Nov	4	Tuesday	0.52909193	0.589591864	0.561936113	4.019140889
11/6/2024	0.493650007	59238000.85	7624982.258	-2.773889893	0.059238001	0.007624982	2024	11	Nov	4	Wednesday	0.522632066	0.581804992	0.562210597	4.028001571
11/7/2024	0.538845572	64661468.61	3569680.375	9.155386217	0.064661469	0.00356968	2024	11	Nov	4	Thursday	0.516775035	0.575999332	0.562677536	4.445726733
11/8/2024	0.565692681	67883121.76	5246689.048	4.982338344	0.067883122	0.005246689	2024	11	Nov	4	Friday	0.520067656	0.571387016	0.56396066	4.569503543
11/9/2024	0.571094061	68531287.3	4659599.309	0.954825773	0.068531287	0.004659599	2024	11	Nov	4	Saturday	0.527168635	0.566525314	0.56503638	4.556057469
11/10/2024	0.595638165	71476579.77	5576505.027	4.297734056	0.07147658	0.005576505	2024	11	Nov	4	Sunday	0.538531229	0.562383895	0.566307733	4.641900345
11/11/2024	0.623201183	74784142.02	3594085.465	4.627476938	0.074784142	0.003594085	2024	11	Nov	4	Monday	0.556550808	0.559701047	0.568132262	4.722952268
11/12/2024	0.609910054	73189206.5	6618383.494	-2.132718886	0.073189206	0.006618383	2024	11	Nov	4	Tuesday	0.571147389	0.556706739	0.570018934	4.734686531
11/13/2024	0.590909458	70909134.96	8948527.96	-3.115311189	0.070909135	0.008948528	2024	11	Nov	4	Wednesday	0.585041596	0.552982241	0.571350103	4.75884622
11/14/2024	0.593352422	71202290.7	5908656.676	0.413424503	0.071202291	0.005908657	2024	11	Nov	4	Thursday	0.592828289	0.55122943	0.572897646	4.538385538
11/15/2024	0.61477354	73772824.76	6556458.666	3.610184499	0.073772825	0.006556459	2024	11	Nov	4	Friday	0.59983984	0.549770482	0.574905852	4.575254291
11/16/2024	0.618821206	74258544.72	9791145.825	0.658399578	0.074258545	0.009791146	2024	11	Nov	4	Saturday	0.606658004	0.549268949	0.576729522	4.525551985
11/17/2024	0.581573016	69788761.88	8006653.453	-6.019216859	0.069788762	0.008006653	2024	11	Nov	4	Sunday	0.604648697	0.548458227	0.578065319	4.588840925
11/18/2024	0.563757137	67650856.45	6011084.987	-3.063394991	0.067650856	0.006011085	2024	11	Nov	4	Monday	0.59615669	0.548352909	0.579386975	4.466451539
11/19/2024	0.562653866	67518463.91	4113459.636	-0.195699712	0.067518464	0.00411346	2024	11	Nov	4	Tuesday	0.589405806	0.549501693	0.580648374	4.272666068
11/20/2024	0.561514733	67381767.93	9176804.48	-0.202457196	0.067381768	0.009176804	2024	11	Nov	4	Wednesday	0.58520656	0.551524984	0.582092933	4.147291389
11/21/2024	0.608221849	72986621.91	7243371.044	8.318057179	0.072986622	0.007243371	2024	11	Nov	4	Thursday	0.587330764	0.555555745	0.583835615	4.340811501
11/22/2024	0.575995692	69119483.03	3907857.509	-5.298421518	0.069119483	0.003907858	2024	11	Nov	4	Friday	0.581791071	0.55717474	0.584997484	4.247090767
11/23/2024	0.588351025	70602123	4398114.795	2.145039144	0.070602123	0.004398115	2024	11	Nov	4	Saturday	0.577438188	0.55955431	0.586178618	4.234729932
11/24/2024	0.625085397	75010247.62	9479492.853	6.243614834	0.075010248	0.009479493	2024	11	Nov	4	Sunday	0.583654243	0.563018037	0.587684428	4.361944223
11/25/2024	0.685224324	82226918.9	2902401.993	9.620913817	0.082226919	0.002902402	2024	11	Nov	4	Monday	0.601006698	0.5681882	0.589455583	4.654464034
11/26/2024	0.674903939	80988472.69	12071417.9	-1.506132332	0.080988473	0.012071418	2024	11	Nov	4	Tuesday	0.617042423	0.572903693	0.591106295	4.676003629
11/27/2024	0.688990544	82678865.25	3773645.433	2.087201437	0.082678865	0.003773645	2024	11	Nov	4	Wednesday	0.635253253	0.578126001	0.593177985	4.676163037
11/28/2024	0.705578448	84669413.81	10628401.06	2.407566377	0.084669414	0.010628401	2024	11	Nov	4	Thursday	0.649161338	0.584712728	0.595326999	4.56325197
11/29/2024	0.711828655	85419438.65	6609161.473	0.88582736	0.085419439	0.006609161	2024	11	Nov	4	Friday	0.668566048	0.590478048	0.597044051	4.469239846
11/30/2024	0.709729152	85167498.29	7585523.463	-0.294944985	0.085167498	0.007585523	2024	11	Nov	4	Saturday	0.68590578	0.594807527	0.598978135	4.297804868
12/1/2024	0.722937257	86752470.88	11770407.76	1.861006393	0.086752471	0.011770408	2024	12	Dec	4	Sunday	0.699884617	0.60081729	0.601138541	4.081234939
12/2/2024	0.65395111	78474133.26	6242565.723	-9.542480512	0.078474133	0.006242566	2024	12	Dec	4	Monday	0.695417015	0.605236087	0.602427823	4.431060333
12/3/2024	0.672710702	80725284.21	7628478.85	2.868653487	0.080725284	0.007628479	2024	12	Dec	4	Tuesday	0.695103696	0.610456444	0.603932451	4.431371583
12/4/2024	0.676790986	81214918.33	2916911.717	0.606543686	0.081214918	0.002916912	2024	12	Dec	4	Wednesday	0.693360902	0.616447339	0.605706696	4.343804397
12/5/2024	0.671466075	80575929.03	2439975.858	-0.786788078	0.080575929	0.002439976	2024	12	Dec	4	Thursday	0.688487706	0.621905075	0.607152058	4.353017954
12/6/2024	0.729484399	87538127.87	5197662.546	8.640544288	0.087538128	0.005197663	2024	12	Dec	4	Friday	0.691009955	0.629766222	0.608650505	4.505507842
12/7/2024	0.710764123	85291694.77	9524521.094	-2.566233888	0.085291695	0.009524521	2024	12	Dec	4	Saturday	0.691157808	0.63549684	0.60988225	4.314654518
12/8/2024	0.700096079	84011529.49	3742863.784	-1.500926068	0.084011529	0.003742864	2024	12	Dec	4	Sunday	0.687894782	0.639976953	0.61122577	4.271332243
12/9/2024	0.758907359	91068883.1	3975287.436	8.400458432	0.091068883	0.003975287	2024	12	Dec	4	Monday	0.702888532	0.646237397	0.613603319	4.491248634
12/10/2024	0.734799198	88175903.71	6993695.872	-3.17669361	0.088175904	0.006993696	2024	12	Dec	4	Tuesday	0.711758317	0.650876098	0.615644076	4.512079786
12/11/2024	0.719525991	86343118.97	9302646.029	-2.078555091	0.086343119	0.009302646	2024	12	Dec	4	Wednesday	0.717863318	0.654086925	0.617232277	4.481923914
12/12/2024	0.71602253	85922703.61	9919659.197	-0.486912413	0.085922704	0.009919659	2024	12	Dec	4	Thursday	0.724228526	0.657624007	0.618652087	4.457628619
12/13/2024	0.74125227	88950272.37	4573296.499	3.52359578	0.088950272	0.004573296	2024	12	Dec	4	Friday	0.72590965	0.662635434	0.620346316	4.429932597
12/14/2024	0.748187124	89782454.89	3550947.957	0.93555928	0.089782455	0.003550948	2024	12	Dec	4	Saturday	0.731255793	0.667796591	0.622263603	4.429174065
12/15/2024	0.711196028	85343523.32	12191121.24	-4.944096911	0.085343523	0.012191121	2024	12	Dec	4	Sunday	0.7328415	0.671010674	0.624037151	4.521071658
12/16/2024	0.696913539	83629624.72	5124820.552	-2.008235104	0.083629625	0.005124821	2024	12	Dec	4	Monday	0.72398524	0.673613752	0.625437574	4.545718924
12/17/2024	0.680867131	81704055.76	10817746.05	-2.302496241	0.081704056	0.010817746	2024	12	Dec	4	Tuesday	0.716280659	0.676923555	0.626416989	4.410676531
12/18/2024	0.679446392	81533567.03	10894431.58	-0.20866617	0.081533567	0.010894432	2024	12	Dec	4	Wednesday	0.710555002	0.680779864	0.627769284	4.358968075
12/19/2024	0.691810506	83017260.77	10186442.96	1.819733625	0.083017261	0.010186443	2024	12	Dec	4	Thursday	0.707096141	0.685085085	0.628845453	4.359981944
12/20/2024	0.704184442	84502133.07	4247079.98	1.788630807	0.084502133	0.00424708	2024	12	Dec	4	Friday	0.701800738	0.689840742	0.629898789	4.359633801
12/21/2024	0.656550651	78786078.09	10133164.02	-6.764391346	0.078786078	0.010133164	2024	12	Dec	4	Saturday	0.688709813	0.691451702	0.630025821	4.338128063
12/22/2024	0.685780416	82293649.9	10065341.84	4.45201982	0.08229365	0.010065342	2024	12	Dec	4	Sunday	0.685079011	0.695111193	0.630845498	4.265334895
12/23/2024	0.693436892	83212427.08	8454945.009	1.116461815	0.083212427	0.008454945	2024	12	Dec	4	Monday	0.684582347	0.698614055	0.63210535	4.257200879
12/24/2024	0.733656928	88038831.35	6203589.713	5.800100348	0.088038831	0.00620359	2024	12	Dec	4	Tuesday	0.692123747	0.702233106	0.633843971	4.237783133
12/25/2024	0.747556174	89706740.9	5517057.189	1.894515773	0.089706741	0.005517057	2024	12	Dec	4	Wednesday	0.701853716	0.704310835	0.635600199	3.892733058
12/26/2024	0.782005966	93840715.96	4187801.991	4.60832154	0.093840716	0.004187802	2024	12	Dec	4	Thursday	0.714738781	0.707880902	0.637244196	3.95107165
12/27/2024	0.797533773	95704052.78	8725419.652	1.985637898	0.095704053	0.00872542	2024	12	Dec	4	Friday	0.7280744	0.71149901	0.638851666	3.949768204
12/28/2024	0.842499621	101099954.6	10133380.39	5.638112104	0.101099955	0.01013338	2024	12	Dec	4	Saturday	0.754638539	0.716063049	0.641021645	4.044649212
12/29/2024	0.861145292	103337435.1	7556103.403	2.213136984	0.103337435	0.007556103	2024	12	Dec	4	Sunday	0.779690664	0.72104027	0.643681145	4.054315307
12/30/2024	0.858637326	103036479.2	8968613.336	-0.291236068	0.103036479	0.008968613	2024	12	Dec	4	Monday	0.803290726	0.726003876	0.645957105	4.054283461
12/31/2024	0.941283168	112953980.2	8315867.986	9.625232856	0.11295398	0.008315868	2024	12	Dec	4	Tuesday	0.832951617	0.733282073	0.649419341	4.365717687
1/1/2025	0.976334743	117160169.2	12526850.45	3.723807653	0.117160169	0.01252685	2025	1	Jan	1	Wednesday	0.86563427	0.744028194	0.652792657	3.911913106
1/2/2025	1	120000000	16578132.59	2.423887609	0.12	0.016578133	2025	1	Jan	1	Thursday	0.896776275	0.754937838	0.656506073	3.907063722
1/3/2025	0.951179794	114141575.3	5669461.289	-4.882020618	0.114141575	0.005669461	2025	1	Jan	1	Friday	0.918725706	0.764084131	0.659183195	4.07070692
1/4/2025	0.904308712	108517045.4	8222234.221	-4.927678465	0.108517045	0.008222234	2025	1	Jan	1	Saturday	0.927555577	0.771845552	0.661114164	4.208948215
1/5/2025	0.915874564	109904947.7	5155007.218	1.278971697	0.109904948	0.005155007	2025	1	Jan	1	Sunday	0.935374044	0.778058558	0.663209924	3.960315091
1/6/2025	0.922142959	110657155.1	11618254.62	0.684416287	0.110657155	0.011618255	2025	1	Jan	1	Monday	0.944446277	0.785104519	0.665533564	3.908135435
1/7/2025	0.900666786	108080014.3	12695560.64	-2.328941844	0.108080014	0.012695561	2025	1	Jan	1	Tuesday	0.938643937	0.791790209	0.66771806	3.928871595
1/8/2025	0.906666485	108799978.2	15431049.54	0.666139705	0.108799978	0.01543105	2025	1	Jan	1	Wednesday	0.928691329	0.796715513	0.669826075	3.665839977
1/9/2025	0.967117258	116054070.9	7365328.805	6.667365974	0.116054071	0.007365329	2025	1	Jan	1	Thursday	0.923993794	0.804459449	0.672573147	3.750242967
1/10/2025	0.99539122	119446946.5	17203387.64	2.923529965	0.119446946	0.017203388	2025	1	Jan	1	Friday	0.930309712	0.813654956	0.675814309	3.720306337
1/11/2025	0.951933811	114232057.3	4294156.737	-4.365862265	0.114232057	0.004294157	2025	1	Jan	1	Saturday	0.937113298	0.821518666	0.678616471	3.844636239
1/12/2025	0.948645476	113837457.2	11652591.5	-0.345437296	0.113837457	0.011652591	2025	1	Jan	1	Sunday	0.941794856	0.828431773	0.681349816	3.822756707
1/13/2025	0.91950593	110340711.6	4066709.139	-3.071700307	0.110340712	0.004066709	2025	1	Jan	1	Monday	0.941418138	0.8341424	0.684389474	3.890729372
1/14/2025	0.906262045	108751445.4	14926451.53	-1.440326278	0.108751445	0.014926452	2025	1	Jan	1	Tuesday	0.942217461	0.8406446	0.687141919	3.764053202
1/15/2025	0.892283467	107074016.1	10019674.5	-1.542443251	0.107074016	0.010019674	2025	1	Jan	1	Wednesday	0.940162744	0.847156931	0.690013211	3.752675981
1/16/2025	0.876273316	105152797.9	11600646.16	-1.794289767	0.105152798	0.011600646	2025	1	Jan	1	Thursday	0.927185038	0.853670471	0.693017418	3.738867615
1/17/2025	0.834199541	100103945	12992378.01	-4.801444239	0.100103945	0.012992378	2025	1	Jan	1	Friday	0.904157655	0.858828909	0.695987227	3.877767135
1/18/2025	0.830781185	99693742.2	4789015.68	-0.40977684	0.099693742	0.004789016	2025	1	Jan	1	Saturday	0.886850137	0.863461265	0.699349348	3.878091038
1/19/2025	0.813171585	97580590.24	3379312.194	-2.119643526	0.09758059	0.003379312	2025	1	Jan	1	Sunday	0.867496724	0.86709417	0.702819965	3.905259063
1/20/2025	0.723980307	86877636.85	11768943.15	-10.96832205	0.086877637	0.011768943	2025	1	Jan	1	Monday	0.839564492	0.869341825	0.705449758	4.238149255
1/21/2025	0.786728394	94407407.24	6400065.752	8.667098538	0.094407407	0.006400066	2025	1	Jan	1	Tuesday	0.822488257	0.872706757	0.708330897	4.44162623
1/22/2025	0.822570225	98708427	4489009.424	4.555807525	0.098708427	0.004489009	2025	1	Jan	1	Wednesday	0.812529222	0.877011202	0.711726522	4.500633345
1/23/2025	0.811092277	97331073.29	8391432.399	-1.395376007	0.097331073	0.008391432	2025	1	Jan	1	Thursday	0.803217645	0.87959238	0.714947841	4.408539849
1/24/2025	0.812515176	97501821.1	9925366.467	0.175429897	0.097501821	0.009925366	2025	1	Jan	1	Friday	0.800119878	0.88175768	0.718085571	4.399998852
1/25/2025	0.776089942	93130793.03	3140041.814	-4.483021971	0.093130793	0.003140042	2025	1	Jan	1	Saturday	0.792306844	0.881560479	0.720781692	4.411211551
1/26/2025	0.831388615	99766633.82	6284048.752	7.125291828	0.099766634	0.006284049	2025	1	Jan	1	Sunday	0.794909277	0.882688974	0.724104662	4.584626173
1/27/2025	0.897837308	107740477	3656279.203	7.992494979	0.107740477	0.003656279	2025	1	Jan	1	Monday	0.819745991	0.884533564	0.728436447	4.698942653
1/28/2025	0.904386334	108526360.1	8729887.182	0.729422332	0.10852636	0.008729887	2025	1	Jan	1	Tuesday	0.836554268	0.885974932	0.73249775	4.686104316
1/29/2025	0.943124082	113174889.8	15551588.35	4.283318523	0.11317489	0.015551588	2025	1	Jan	1	Wednesday	0.853776248	0.888791157	0.736534187	4.741346214
1/30/2025	0.950710241	114085228.9	16875291.9	0.804364887	0.114085229	0.016875292	2025	1	Jan	1	Thursday	0.873721671	0.889105393	0.741068252	4.413050386
1/31/2025	0.902113469	108253616.3	11523132.66	-5.111628066	0.108253616	0.011523133	2025	1	Jan	1	Friday	0.886521427	0.88663135	0.745298544	4.459350132
2/1/2025	0.88826256	106591507.2	5265249.863	-1.535384392	0.106591507	0.00526525	2025	2	Feb	1	Saturday	0.902546087	0.882906769	0.749433683	4.438567086
2/2/2025	0.893855826	107262699.1	14877543.04	0.629686107	0.107262699	0.014877543	2025	2	Feb	1	Sunday	0.911469974	0.88099597	0.75384248	4.355618942
2/3/2025	0.878628865	105435463.8	9694763.357	-1.703514154	0.105435464	0.009694763	2025	2	Feb	1	Monday	0.908725911	0.880139975	0.757963534	4.271750736
2/4/2025	0.871849183	104621901.9	5068922.513	-0.771620714	0.104621902	0.005068923	2025	2	Feb	1	Tuesday	0.904077746	0.878672462	0.762165747	4.266854141
2/5/2025	0.869536639	104344396.7	14671573.49	-0.26524583	0.104344397	0.014671573	2025	2	Feb	1	Wednesday	0.893565255	0.876918918	0.765840092	4.264539132
2/6/2025	0.867595274	104111432.8	12586685.57	-0.223264385	0.104111433	0.012586686	2025	2	Feb	1	Thursday	0.881691688	0.875816535	0.769194566	4.244000208
2/7/2025	0.870280585	104433670.2	12302770.16	0.309511964	0.10443367	0.01230277	2025	2	Feb	1	Friday	0.877144133	0.874603671	0.77251886	4.242460186
2/8/2025	0.834966386	100195966.4	11532724.5	-4.057794577	0.100195966	0.011532725	2025	2	Feb	1	Saturday	0.869530394	0.870198642	0.775178063	4.106644886
2/9/2025	0.812170929	97460511.54	5266841.92	-2.730104746	0.097460512	0.005266842	2025	2	Feb	1	Sunday	0.857861123	0.864091299	0.777277727	4.078160144
2/10/2025	0.772264765	92671771.86	5126676.835	-4.913517903	0.092671772	0.005126677	2025	2	Feb	1	Monday	0.842666252	0.858102331	0.779081668	4.096802828
2/11/2025	0.803872017	96464642.04	10861451.79	4.092799897	0.096464642	0.010861452	2025	2	Feb	1	Tuesday	0.832955228	0.853276549	0.781447919	4.185989415
2/12/2025	0.739677438	88761292.51	5003183.81	-7.985671608	0.088761293	0.005003184	2025	2	Feb	1	Wednesday	0.814403913	0.847282266	0.783073752	4.382983661
2/13/2025	0.77538355	93046025.96	7689379.749	4.82725446	0.093046026	0.00768938	2025	2	Feb	1	Thursday	0.80123081	0.842919649	0.784858308	4.491048732
2/14/2025	0.820416211	98449945.29	12192062.79	5.807791659	0.098449945	0.012192063	2025	2	Feb	1	Friday	0.794107328	0.840524074	0.787098252	4.626200808
2/15/2025	0.811370313	97364437.5	12080424.64	-1.102598674	0.097364438	0.012080425	2025	2	Feb	1	Saturday	0.79073646	0.838360641	0.789651556	4.619574424
2/16/2025	0.731867201	87824064.16	7411596.844	-9.798622148	0.087824064	0.007411597	2025	2	Feb	1	Sunday	0.779264499	0.834949563	0.791519445	4.875962433
2/17/2025	0.722087741	86650528.89	10836757.12	-1.336234302	0.086650529	0.010836757	2025	2	Feb	1	Monday	0.772096353	0.831326448	0.793290933	4.879488722
2/18/2025	0.720956851	86514822.14	11301830.53	-0.156613877	0.086514822	0.011301831	2025	2	Feb	1	Tuesday	0.760251329	0.828252623	0.795062512	4.868088824
2/19/2025	0.693086881	83170425.73	9030070.131	-3.865691827	0.083170426	0.00903007	2025	2	Feb	1	Wednesday	0.753595535	0.827222843	0.796005457	4.488495727
2/20/2025	0.679628704	81555444.45	4682187.963	-1.941773496	0.081555444	0.004682188	2025	2	Feb	1	Thursday	0.739916272	0.823652853	0.797156934	4.185921156
2/21/2025	0.723249631	86789955.67	5457475.103	6.418346754	0.086789956	0.005457475	2025	2	Feb	1	Friday	0.726035332	0.820342166	0.798655808	4.274849693
2/22/2025	0.743487177	89218461.3	6047311.052	2.798141337	0.089218461	0.006047311	2025	2	Feb	1	Saturday	0.716337741	0.818088663	0.799971383	4.307566484
2/23/2025	0.717210194	86065223.26	3788289.291	-3.534288746	0.086065223	0.003788289	2025	2	Feb	1	Sunday	0.714243883	0.81491183	0.800326782	4.349472415
2/24/2025	0.673484505	80818140.54	5073694.527	-6.096635222	0.080818141	0.005073695	2025	2	Feb	1	Monday	0.707300563	0.811491649	0.80031101	4.412211929
2/25/2025	0.665397293	79847675.17	4402985.011	-1.20080141	0.079847675	0.004402985	2025	2	Feb	1	Tuesday	0.699363483	0.805958605	0.800048863	4.179767742
2/26/2025	0.660400206	79248024.75	6707509.227	-0.750992967	0.079248025	0.006707509	2025	2	Feb	1	Wednesday	0.694693959	0.798044035	0.799546883	3.847668891
2/27/2025	0.674312728	80917527.39	11248548.24	2.106680449	0.080917527	0.011248548	2025	2	Feb	1	Thursday	0.693934533	0.790374915	0.799130039	3.876457838
2/28/2025	0.66068774	79282528.84	3372491.513	-2.020574036	0.079282529	0.003372492	2025	2	Feb	1	Friday	0.684997121	0.78096037	0.798585134	3.754736647
3/1/2025	0.675019316	81002317.89	9431274.097	2.169190449	0.081002318	0.009431274	2025	3	Mar	1	Saturday	0.675215997	0.771770673	0.798052713	3.786866161
3/2/2025	0.730075146	87609017.47	9853733.172	8.156185837	0.087609017	0.009853733	2025	3	Mar	1	Sunday	0.677053848	0.766036062	0.798898535	4.062662211
3/3/2025	0.755037569	90604508.33	3759226.701	3.419158156	0.090604508	0.003759227	2025	3	Mar	1	Monday	0.688704286	0.761595229	0.799813278	4.124506297
3/4/2025	0.754340584	90520870.05	12737072.91	-0.092311396	0.09052087	0.012737073	2025	3	Mar	1	Tuesday	0.70141047	0.756944721	0.800674941	4.120048662
3/5/2025	0.749583673	89950040.76	8834592.953	-0.630605171	0.089950041	0.008834593	2025	3	Mar	1	Wednesday	0.714150965	0.752643214	0.801542914	4.113726452
3/6/2025	0.739704679	88764561.5	6537249.212	-1.317930761	0.088764562	0.006537249	2025	3	Mar	1	Thursday	0.723492672	0.748238398	0.801656473	4.116427427
3/7/2025	0.776251574	93150188.87	11251111.1	4.940741323	0.093150189	0.011251111	2025	3	Mar	1	Friday	0.740001792	0.745128895	0.802384111	4.233166536
3/8/2025	0.757773193	90932783.14	5536338.384	-2.380462943	0.090932783	0.005536338	2025	3	Mar	1	Saturday	0.751823774	0.741468159	0.803024968	4.250274892
3/9/2025	0.759904701	91188564.06	10324476.87	0.281285704	0.091188564	0.010324477	2025	3	Mar	1	Sunday	0.756085139	0.737788963	0.803036049	4.25012418
3/10/2025	0.76222436	91466923.15	3179879.131	0.305256569	0.091466923	0.003179879	2025	3	Mar	1	Monday	0.757111823	0.735364229	0.803340773	4.193612851
3/11/2025	0.747825438	89739052.62	11731493.43	-1.889065979	0.089739053	0.011731493	2025	3	Mar	1	Tuesday	0.756181088	0.733219379	0.803655212	4.17902427
3/12/2025	0.708585662	85030279.43	7123879.465	-5.247183978	0.085030279	0.007123879	2025	3	Mar	1	Wednesday	0.750324229	0.731096742	0.80357258	4.192452318
3/13/2025	0.718517411	86222089.35	9174301.882	1.401630016	0.086222089	0.009174302	2025	3	Mar	1	Thursday	0.747297477	0.728251589	0.80331997	4.125673134
3/14/2025	0.717483377	86098005.21	4868716.352	-0.143912234	0.086098005	0.004868716	2025	3	Mar	1	Friday	0.73890202	0.727511787	0.802978817	3.861261916
3/15/2025	0.732716894	87926027.26	9781669.024	2.123187459	0.087926027	0.009781669	2025	3	Mar	1	Saturday	0.735322549	0.726089565	0.803217938	3.774575103
3/16/2025	0.717961097	86155331.68	10568574	-2.013846906	0.086155332	0.010568574	2025	3	Mar	1	Sunday	0.729330606	0.722674395	0.8034518	3.617938442
3/17/2025	0.754645602	90557472.23	7859082.97	5.109539315	0.090557472	0.007859083	2025	3	Mar	1	Monday	0.728247926	0.720783571	0.804271561	3.750501382
3/18/2025	0.729367184	87524062.02	9113638.214	-3.349707238	0.087524062	0.009113638	2025	3	Mar	1	Tuesday	0.725611032	0.720700237	0.804826236	3.342378718
3/19/2025	0.781846866	93821623.9	7952237.421	7.195234928	0.093821624	0.007952237	2025	3	Mar	1	Wednesday	0.736076919	0.722692208	0.80582664	3.575857777
3/20/2025	0.72978753	87574503.63	12023188.05	-6.658507941	0.087574504	0.012023188	2025	3	Mar	1	Thursday	0.737686936	0.722986564	0.806111119	3.796380158
3/21/2025	0.743333084	89199970.04	8005189.019	1.856095487	0.08919997	0.008005189	2025	3	Mar	1	Friday	0.741379751	0.724661437	0.807075368	3.732973766
3/22/2025	0.758362472	91003496.69	11923009.23	2.021891549	0.091003497	0.011923009	2025	3	Mar	1	Saturday	0.745043405	0.727285896	0.807881836	3.721003688
3/23/2025	0.735344564	88241347.73	11132726.71	-3.035211905	0.088241348	0.011132727	2025	3	Mar	1	Sunday	0.747526757	0.727689061	0.808347476	3.594758264
3/24/2025	0.74868246	89841895.22	7120920.595	1.813829389	0.089841895	0.007120921	2025	3	Mar	1	Monday	0.74667488	0.727862237	0.808514427	3.573878107
3/25/2025	0.7887865	94654380.02	5453051.992	5.356615401	0.09465438	0.005453052	2025	3	Mar	1	Tuesday	0.755163354	0.730248114	0.808972541	3.631606782
3/26/2025	0.722576239	86709148.65	6826598.779	-8.393939476	0.086709149	0.006826599	2025	3	Mar	1	Wednesday	0.746696121	0.731884505	0.808312211	3.79351608
3/27/2025	0.73799181	88559017.24	11437050.38	2.133418011	0.088559017	0.01143705	2025	3	Mar	1	Thursday	0.747868161	0.734304322	0.807650634	3.796738118
3/28/2025	0.668610645	80233277.36	4598642.847	-9.401346295	0.080233277	0.004598643	2025	3	Mar	1	Friday	0.737193527	0.734578003	0.805718534	4.19588166
3/29/2025	0.64392052	77270462.41	7180926.547	-3.692750741	0.077270462	0.007180927	2025	3	Mar	1	Saturday	0.720844677	0.73356493	0.803304925	4.234951346
3/30/2025	0.687967747	82556129.61	10462471.2	6.840475689	0.08255613	0.010462471	2025	3	Mar	1	Sunday	0.71407656	0.734474263	0.801408597	4.399740463
3/31/2025	0.672815183	80737822	5846814.836	-2.202510727	0.080737822	0.005846815	2025	3	Mar	1	Monday	0.703238378	0.734400792	0.798425619	4.405665008
4/1/2025	0.642595521	77111462.57	8255950.804	-4.491524961	0.077111463	0.008255951	2025	4	Apr	2	Tuesday	0.682353952	0.731484805	0.794717406	4.207207675
4/2/2025	0.6381657	76579884.04	4554649.016	-0.689363827	0.076579884	0.004554649	2025	4	Apr	2	Wednesday	0.670295304	0.727589076	0.790697024	4.147126868
4/3/2025	0.693890538	83266864.54	3589928.749	8.732032673	0.083266865	0.003589929	2025	4	Apr	2	Thursday	0.663995122	0.725574074	0.787838255	4.475177204
4/4/2025	0.645514021	77461682.56	9707971.117	-6.971779245	0.077461683	0.009707971	2025	4	Apr	2	Friday	0.660695604	0.722105086	0.784962758	4.643730401
4/5/2025	0.619550698	74346083.8	3113334.062	-4.022116039	0.074346084	0.003113334	2025	4	Apr	2	Saturday	0.657214201	0.718099953	0.781670271	4.688349321
4/6/2025	0.658452117	79014253.98	4943587.437	6.278972535	0.079014254	0.004943587	2025	4	Apr	2	Sunday	0.652997683	0.714173304	0.778740373	4.747718009
4/7/2025	0.709953799	85194455.9	11297903.51	7.821629141	0.085194456	0.011297904	2025	4	Apr	2	Monday	0.658303199	0.712579325	0.77662134	4.964211959
4/8/2025	0.707729987	84927598.5	6078804.495	-0.313233295	0.084927598	0.006078804	2025	4	Apr	2	Tuesday	0.667608123	0.710840168	0.774410934	4.963833428
4/9/2025	0.674182293	80901875.2	11873599.47	-4.74018266	0.080901875	0.011873599	2025	4	Apr	2	Wednesday	0.672753351	0.707905432	0.771156101	5.033991865
4/10/2025	0.733871745	88064609.42	12995528.87	8.853607172	0.088064609	0.012995529	2025	4	Apr	2	Thursday	0.678464952	0.707440309	0.768250329	5.291505621
4/11/2025	0.782983776	93958053.07	5843544.7	6.692181668	0.093958053	0.005843545	2025	4	Apr	2	Friday	0.698103488	0.709920246	0.766373107	5.326490738
4/12/2025	0.805344273	96641312.77	3374462.086	2.855805985	0.096641313	0.003374462	2025	4	Apr	2	Saturday	0.724645427	0.712814475	0.764780871	5.341852459
4/13/2025	0.780374366	93644923.88	10732419.43	-3.100525862	0.093644924	0.010732419	2025	4	Apr	2	Sunday	0.742062891	0.714910841	0.763234965	5.381626804
4/14/2025	0.779624651	93554958.09	7869691.545	-0.096071185	0.093554958	0.007869692	2025	4	Apr	2	Monday	0.75201587	0.716474433	0.761827882	5.372656813
4/15/2025	0.775414856	93049782.67	3916497.108	-0.539977178	0.093049783	0.003916497	2025	4	Apr	2	Tuesday	0.761685137	0.718389558	0.760529342	5.357046948
4/16/2025	0.786531078	94383729.34	10844948.95	1.433583868	0.094383729	0.010844949	2025	4	Apr	2	Wednesday	0.777734963	0.719452407	0.759532206	5.287085909
4/17/2025	0.834366115	100123933.9	3378280.56	6.081773362	0.100123934	0.003378281	2025	4	Apr	2	Thursday	0.792091302	0.722952372	0.759534057	5.344348975
4/18/2025	0.865103346	103812401.5	13954837.03	3.683902073	0.103812402	0.013954837	2025	4	Apr	2	Friday	0.803822669	0.725727588	0.759915415	5.231907617
4/19/2025	0.829442619	99533114.29	4642055.592	-4.122134903	0.099533114	0.004642056	2025	4	Apr	2	Saturday	0.80726529	0.729049424	0.760096204	5.132282395
4/20/2025	0.877269103	105272292.3	4766458.368	5.766099131	0.105272292	0.004766458	2025	4	Apr	2	Sunday	0.821107395	0.733513958	0.761799413	5.215442065
4/21/2025	0.889215022	106705802.6	5450604.504	1.361716604	0.106705803	0.005450605	2025	4	Apr	2	Monday	0.836763163	0.73787571	0.762938153	5.210998048
4/22/2025	0.914906347	109788761.7	15944837.38	2.889214071	0.109788762	0.015944837	2025	4	Apr	2	Tuesday	0.856690519	0.743861103	0.76396411	5.178165836
4/23/2025	0.971152336	116538280.3	13189840.24	6.147731833	0.11653828	0.01318984	2025	4	Apr	2	Wednesday	0.883064984	0.751276765	0.765742555	5.265397261
4/24/2025	0.92984707	111581648.4	14077652.28	-4.25322213	0.111581648	0.014077652	2025	4	Apr	2	Thursday	0.89670512	0.755978784	0.767046243	5.28381628
4/25/2025	0.929444512	111533341.4	8667947.277	-0.043292941	0.111533341	0.008667947	2025	4	Apr	2	Friday	0.905896716	0.762874393	0.768750182	5.001469772
4/26/2025	0.910805094	109296611.2	7689839.308	-2.005436373	0.109296611	0.007689839	2025	4	Apr	2	Saturday	0.917519926	0.768634836	0.769632588	5.025101171
4/27/2025	0.856294663	102755359.6	5973999.399	-5.984862271	0.10275536	0.005973999	2025	4	Apr	2	Sunday	0.914523578	0.77489097	0.769171003	4.819872142
4/28/2025	0.869121515	104294581.8	9144315.667	1.497948362	0.104294582	0.009144316	2025	4	Apr	2	Monday	0.911653077	0.78239767	0.768779171	4.740380977
4/29/2025	0.961933393	115432007.2	11106804.02	10.67881497	0.115432007	0.011106804	2025	4	Apr	2	Tuesday	0.918371226	0.791529858	0.768988164	4.947595897
4/30/2025	0.894569056	107348286.7	11358842.25	-7.003014727	0.107348287	0.011358842	2025	4	Apr	2	Wednesday	0.907430758	0.798921654	0.768364373	5.13678522
5/1/2025	0.894308574	107317028.9	6530694.135	-0.029118204	0.107317029	0.006530694	2025	5	May	2	Thursday	0.90235383	0.807312089	0.768277652	5.033458077
